source_release_key,month_end,source_vehicle_category,vehicle_type,source_fuel_type,source_value_token,vehicle_population,source_value_status
25c9a68a5ab066abae1f07f8534cfcbdb2fd55ba30af65c39bba379aef3be6ab,2016-01-31,Buses,buses,CNG,12,12,reported_numeric
25c9a68a5ab066abae1f07f8534cfcbdb2fd55ba30af65c39bba379aef3be6ab,2016-01-31,Buses,buses,Diesel,17703,17703,reported_numeric
25c9a68a5ab066abae1f07f8534cfcbdb2fd55ba30af65c39bba379aef3be6ab,2016-01-31,Buses,buses,Diesel-Electric,4,4,reported_numeric
25c9a68a5ab066abae1f07f8534cfcbdb2fd55ba30af65c39bba379aef3be6ab,2016-01-31,Buses,buses,Petrol,91,91,reported_numeric
25c9a68a5ab066abae1f07f8534cfcbdb2fd55ba30af65c39bba379aef3be6ab,2016-01-31,Buses,buses,Petrol-CNG,2,2,reported_numeric
25c9a68a5ab066abae1f07f8534cfcbdb2fd55ba30af65c39bba379aef3be6ab,2016-01-31,Cars,cars,CNG,0,0,reported_numeric
25c9a68a5ab066abae1f07f8534cfcbdb2fd55ba30af65c39bba379aef3be6ab,2016-01-31,Cars,cars,Diesel,6297,6297,reported_numeric
25c9a68a5ab066abae1f07f8534cfcbdb2fd55ba30af65c39bba379aef3be6ab,2016-01-31,Cars,cars,Diesel-Electric,23,23,reported_numeric
25c9a68a5ab066abae1f07f8534cfcbdb2fd55ba30af65c39bba379aef3be6ab,2016-01-31,Cars,cars,Electric,1,1,reported_numeric
25c9a68a5ab066abae1f07f8534cfcbdb2fd55ba30af65c39bba379aef3be6ab,2016-01-31,Cars,cars,Petrol,586980,586980,reported_numeric
25c9a68a5ab066abae1f07f8534cfcbdb2fd55ba30af65c39bba379aef3be6ab,2016-01-31,Cars,cars,Petrol-CNG,1917,1917,reported_numeric
25c9a68a5ab066abae1f07f8534cfcbdb2fd55ba30af65c39bba379aef3be6ab,2016-01-31,Cars,cars,Petrol-Electric,6476,6476,reported_numeric
25c9a68a5ab066abae1f07f8534cfcbdb2fd55ba30af65c39bba379aef3be6ab,2016-01-31,Cars,cars,Petrol-Electric (Plug-In),108,108,reported_numeric
25c9a68a5ab066abae1f07f8534cfcbdb2fd55ba30af65c39bba379aef3be6ab,2016-01-31,Goods & Other Vehicles,goods_and_other_vehicles,CNG,4,4,reported_numeric
25c9a68a5ab066abae1f07f8534cfcbdb2fd55ba30af65c39bba379aef3be6ab,2016-01-31,Goods & Other Vehicles,goods_and_other_vehicles,Diesel,136806,136806,reported_numeric
25c9a68a5ab066abae1f07f8534cfcbdb2fd55ba30af65c39bba379aef3be6ab,2016-01-31,Goods & Other Vehicles,goods_and_other_vehicles,Diesel-Electric,6,6,reported_numeric
25c9a68a5ab066abae1f07f8534cfcbdb2fd55ba30af65c39bba379aef3be6ab,2016-01-31,Goods & Other Vehicles,goods_and_other_vehicles,Electric,1,1,reported_numeric
25c9a68a5ab066abae1f07f8534cfcbdb2fd55ba30af65c39bba379aef3be6ab,2016-01-31,Goods & Other Vehicles,goods_and_other_vehicles,Petrol,7259,7259,reported_numeric
25c9a68a5ab066abae1f07f8534cfcbdb2fd55ba30af65c39bba379aef3be6ab,2016-01-31,Goods & Other Vehicles,goods_and_other_vehicles,Petrol-CNG,8,8,reported_numeric
25c9a68a5ab066abae1f07f8534cfcbdb2fd55ba30af65c39bba379aef3be6ab,2016-01-31,Goods & Other Vehicles,goods_and_other_vehicles,Petrol-Electric,1,1,reported_numeric
25c9a68a5ab066abae1f07f8534cfcbdb2fd55ba30af65c39bba379aef3be6ab,2016-01-31,Motor-cycles,motorcycles,Electric,2,2,reported_numeric
25c9a68a5ab066abae1f07f8534cfcbdb2fd55ba30af65c39bba379aef3be6ab,2016-01-31,Motor-cycles,motorcycles,Petrol,143235,143235,reported_numeric
25c9a68a5ab066abae1f07f8534cfcbdb2fd55ba30af65c39bba379aef3be6ab,2016-01-31,Taxis,taxis,CNG,0,0,reported_numeric
25c9a68a5ab066abae1f07f8534cfcbdb2fd55ba30af65c39bba379aef3be6ab,2016-01-31,Taxis,taxis,Diesel,24248,24248,reported_numeric
25c9a68a5ab066abae1f07f8534cfcbdb2fd55ba30af65c39bba379aef3be6ab,2016-01-31,Taxis,taxis,Petrol,443,443,reported_numeric
25c9a68a5ab066abae1f07f8534cfcbdb2fd55ba30af65c39bba379aef3be6ab,2016-01-31,Taxis,taxis,Petrol-CNG,1647,1647,reported_numeric
25c9a68a5ab066abae1f07f8534cfcbdb2fd55ba30af65c39bba379aef3be6ab,2016-01-31,Taxis,taxis,Petrol-Electric,1920,1920,reported_numeric
25c9a68a5ab066abae1f07f8534cfcbdb2fd55ba30af65c39bba379aef3be6ab,2016-02-29,Buses,buses,CNG,12,12,reported_numeric
25c9a68a5ab066abae1f07f8534cfcbdb2fd55ba30af65c39bba379aef3be6ab,2016-02-29,Buses,buses,Diesel,17762,17762,reported_numeric
25c9a68a5ab066abae1f07f8534cfcbdb2fd55ba30af65c39bba379aef3be6ab,2016-02-29,Buses,buses,Diesel-Electric,4,4,reported_numeric
25c9a68a5ab066abae1f07f8534cfcbdb2fd55ba30af65c39bba379aef3be6ab,2016-02-29,Buses,buses,Petrol,91,91,reported_numeric
25c9a68a5ab066abae1f07f8534cfcbdb2fd55ba30af65c39bba379aef3be6ab,2016-02-29,Buses,buses,Petrol-CNG,2,2,reported_numeric
25c9a68a5ab066abae1f07f8534cfcbdb2fd55ba30af65c39bba379aef3be6ab,2016-02-29,Cars,cars,CNG,0,0,reported_numeric
25c9a68a5ab066abae1f07f8534cfcbdb2fd55ba30af65c39bba379aef3be6ab,2016-02-29,Cars,cars,Diesel,6564,6564,reported_numeric
25c9a68a5ab066abae1f07f8534cfcbdb2fd55ba30af65c39bba379aef3be6ab,2016-02-29,Cars,cars,Diesel-Electric,23,23,reported_numeric
25c9a68a5ab066abae1f07f8534cfcbdb2fd55ba30af65c39bba379aef3be6ab,2016-02-29,Cars,cars,Electric,2,2,reported_numeric
25c9a68a5ab066abae1f07f8534cfcbdb2fd55ba30af65c39bba379aef3be6ab,2016-02-29,Cars,cars,Petrol,585663,585663,reported_numeric
25c9a68a5ab066abae1f07f8534cfcbdb2fd55ba30af65c39bba379aef3be6ab,2016-02-29,Cars,cars,Petrol-CNG,1901,1901,reported_numeric
25c9a68a5ab066abae1f07f8534cfcbdb2fd55ba30af65c39bba379aef3be6ab,2016-02-29,Cars,cars,Petrol-Electric,6552,6552,reported_numeric
25c9a68a5ab066abae1f07f8534cfcbdb2fd55ba30af65c39bba379aef3be6ab,2016-02-29,Cars,cars,Petrol-Electric (Plug-In),112,112,reported_numeric
25c9a68a5ab066abae1f07f8534cfcbdb2fd55ba30af65c39bba379aef3be6ab,2016-02-29,Goods & Other Vehicles,goods_and_other_vehicles,CNG,4,4,reported_numeric
25c9a68a5ab066abae1f07f8534cfcbdb2fd55ba30af65c39bba379aef3be6ab,2016-02-29,Goods & Other Vehicles,goods_and_other_vehicles,Diesel,136780,136780,reported_numeric
25c9a68a5ab066abae1f07f8534cfcbdb2fd55ba30af65c39bba379aef3be6ab,2016-02-29,Goods & Other Vehicles,goods_and_other_vehicles,Diesel-Electric,6,6,reported_numeric
25c9a68a5ab066abae1f07f8534cfcbdb2fd55ba30af65c39bba379aef3be6ab,2016-02-29,Goods & Other Vehicles,goods_and_other_vehicles,Electric,1,1,reported_numeric
25c9a68a5ab066abae1f07f8534cfcbdb2fd55ba30af65c39bba379aef3be6ab,2016-02-29,Goods & Other Vehicles,goods_and_other_vehicles,Petrol,7254,7254,reported_numeric
25c9a68a5ab066abae1f07f8534cfcbdb2fd55ba30af65c39bba379aef3be6ab,2016-02-29,Goods & Other Vehicles,goods_and_other_vehicles,Petrol-CNG,8,8,reported_numeric
25c9a68a5ab066abae1f07f8534cfcbdb2fd55ba30af65c39bba379aef3be6ab,2016-02-29,Goods & Other Vehicles,goods_and_other_vehicles,Petrol-Electric,1,1,reported_numeric
25c9a68a5ab066abae1f07f8534cfcbdb2fd55ba30af65c39bba379aef3be6ab,2016-02-29,Motor-cycles,motorcycles,Electric,2,2,reported_numeric
25c9a68a5ab066abae1f07f8534cfcbdb2fd55ba30af65c39bba379aef3be6ab,2016-02-29,Motor-cycles,motorcycles,Petrol,143026,143026,reported_numeric
25c9a68a5ab066abae1f07f8534cfcbdb2fd55ba30af65c39bba379aef3be6ab,2016-02-29,Taxis,taxis,CNG,0,0,reported_numeric
25c9a68a5ab066abae1f07f8534cfcbdb2fd55ba30af65c39bba379aef3be6ab,2016-02-29,Taxis,taxis,Diesel,24207,24207,reported_numeric
25c9a68a5ab066abae1f07f8534cfcbdb2fd55ba30af65c39bba379aef3be6ab,2016-02-29,Taxis,taxis,Petrol,439,439,reported_numeric
25c9a68a5ab066abae1f07f8534cfcbdb2fd55ba30af65c39bba379aef3be6ab,2016-02-29,Taxis,taxis,Petrol-CNG,1620,1620,reported_numeric
25c9a68a5ab066abae1f07f8534cfcbdb2fd55ba30af65c39bba379aef3be6ab,2016-02-29,Taxis,taxis,Petrol-Electric,1946,1946,reported_numeric
25c9a68a5ab066abae1f07f8534cfcbdb2fd55ba30af65c39bba379aef3be6ab,2016-03-31,Buses,buses,CNG,12,12,reported_numeric
25c9a68a5ab066abae1f07f8534cfcbdb2fd55ba30af65c39bba379aef3be6ab,2016-03-31,Buses,buses,Diesel,17821,17821,reported_numeric
25c9a68a5ab066abae1f07f8534cfcbdb2fd55ba30af65c39bba379aef3be6ab,2016-03-31,Buses,buses,Diesel-Electric,4,4,reported_numeric
25c9a68a5ab066abae1f07f8534cfcbdb2fd55ba30af65c39bba379aef3be6ab,2016-03-31,Buses,buses,Petrol,88,88,reported_numeric
25c9a68a5ab066abae1f07f8534cfcbdb2fd55ba30af65c39bba379aef3be6ab,2016-03-31,Buses,buses,Petrol-CNG,2,2,reported_numeric
25c9a68a5ab066abae1f07f8534cfcbdb2fd55ba30af65c39bba379aef3be6ab,2016-03-31,Cars,cars,CNG,0,0,reported_numeric
25c9a68a5ab066abae1f07f8534cfcbdb2fd55ba30af65c39bba379aef3be6ab,2016-03-31,Cars,cars,Diesel,6875,6875,reported_numeric
25c9a68a5ab066abae1f07f8534cfcbdb2fd55ba30af65c39bba379aef3be6ab,2016-03-31,Cars,cars,Diesel-Electric,23,23,reported_numeric
25c9a68a5ab066abae1f07f8534cfcbdb2fd55ba30af65c39bba379aef3be6ab,2016-03-31,Cars,cars,Electric,2,2,reported_numeric
25c9a68a5ab066abae1f07f8534cfcbdb2fd55ba30af65c39bba379aef3be6ab,2016-03-31,Cars,cars,Petrol,582475,582475,reported_numeric
25c9a68a5ab066abae1f07f8534cfcbdb2fd55ba30af65c39bba379aef3be6ab,2016-03-31,Cars,cars,Petrol-CNG,1882,1882,reported_numeric
25c9a68a5ab066abae1f07f8534cfcbdb2fd55ba30af65c39bba379aef3be6ab,2016-03-31,Cars,cars,Petrol-Electric,6692,6692,reported_numeric
25c9a68a5ab066abae1f07f8534cfcbdb2fd55ba30af65c39bba379aef3be6ab,2016-03-31,Cars,cars,Petrol-Electric (Plug-In),113,113,reported_numeric
25c9a68a5ab066abae1f07f8534cfcbdb2fd55ba30af65c39bba379aef3be6ab,2016-03-31,Goods & Other Vehicles,goods_and_other_vehicles,CNG,4,4,reported_numeric
25c9a68a5ab066abae1f07f8534cfcbdb2fd55ba30af65c39bba379aef3be6ab,2016-03-31,Goods & Other Vehicles,goods_and_other_vehicles,Diesel,136513,136513,reported_numeric
25c9a68a5ab066abae1f07f8534cfcbdb2fd55ba30af65c39bba379aef3be6ab,2016-03-31,Goods & Other Vehicles,goods_and_other_vehicles,Diesel-Electric,6,6,reported_numeric
25c9a68a5ab066abae1f07f8534cfcbdb2fd55ba30af65c39bba379aef3be6ab,2016-03-31,Goods & Other Vehicles,goods_and_other_vehicles,Electric,1,1,reported_numeric
25c9a68a5ab066abae1f07f8534cfcbdb2fd55ba30af65c39bba379aef3be6ab,2016-03-31,Goods & Other Vehicles,goods_and_other_vehicles,Petrol,7232,7232,reported_numeric
25c9a68a5ab066abae1f07f8534cfcbdb2fd55ba30af65c39bba379aef3be6ab,2016-03-31,Goods & Other Vehicles,goods_and_other_vehicles,Petrol-CNG,8,8,reported_numeric
25c9a68a5ab066abae1f07f8534cfcbdb2fd55ba30af65c39bba379aef3be6ab,2016-03-31,Goods & Other Vehicles,goods_and_other_vehicles,Petrol-Electric,1,1,reported_numeric
25c9a68a5ab066abae1f07f8534cfcbdb2fd55ba30af65c39bba379aef3be6ab,2016-03-31,Motor-cycles,motorcycles,Electric,2,2,reported_numeric
25c9a68a5ab066abae1f07f8534cfcbdb2fd55ba30af65c39bba379aef3be6ab,2016-03-31,Motor-cycles,motorcycles,Petrol,142679,142679,reported_numeric
25c9a68a5ab066abae1f07f8534cfcbdb2fd55ba30af65c39bba379aef3be6ab,2016-03-31,Taxis,taxis,CNG,0,0,reported_numeric
25c9a68a5ab066abae1f07f8534cfcbdb2fd55ba30af65c39bba379aef3be6ab,2016-03-31,Taxis,taxis,Diesel,24336,24336,reported_numeric
25c9a68a5ab066abae1f07f8534cfcbdb2fd55ba30af65c39bba379aef3be6ab,2016-03-31,Taxis,taxis,Petrol,423,423,reported_numeric
25c9a68a5ab066abae1f07f8534cfcbdb2fd55ba30af65c39bba379aef3be6ab,2016-03-31,Taxis,taxis,Petrol-CNG,1545,1545,reported_numeric
25c9a68a5ab066abae1f07f8534cfcbdb2fd55ba30af65c39bba379aef3be6ab,2016-03-31,Taxis,taxis,Petrol-Electric,1982,1982,reported_numeric
25c9a68a5ab066abae1f07f8534cfcbdb2fd55ba30af65c39bba379aef3be6ab,2016-04-30,Buses,buses,CNG,12,12,reported_numeric
25c9a68a5ab066abae1f07f8534cfcbdb2fd55ba30af65c39bba379aef3be6ab,2016-04-30,Buses,buses,Diesel,17833,17833,reported_numeric
25c9a68a5ab066abae1f07f8534cfcbdb2fd55ba30af65c39bba379aef3be6ab,2016-04-30,Buses,buses,Diesel-Electric,4,4,reported_numeric
25c9a68a5ab066abae1f07f8534cfcbdb2fd55ba30af65c39bba379aef3be6ab,2016-04-30,Buses,buses,Petrol,86,86,reported_numeric
25c9a68a5ab066abae1f07f8534cfcbdb2fd55ba30af65c39bba379aef3be6ab,2016-04-30,Buses,buses,Petrol-CNG,2,2,reported_numeric
25c9a68a5ab066abae1f07f8534cfcbdb2fd55ba30af65c39bba379aef3be6ab,2016-04-30,Cars,cars,CNG,0,0,reported_numeric
25c9a68a5ab066abae1f07f8534cfcbdb2fd55ba30af65c39bba379aef3be6ab,2016-04-30,Cars,cars,Diesel,7234,7234,reported_numeric
25c9a68a5ab066abae1f07f8534cfcbdb2fd55ba30af65c39bba379aef3be6ab,2016-04-30,Cars,cars,Diesel-Electric,22,22,reported_numeric
25c9a68a5ab066abae1f07f8534cfcbdb2fd55ba30af65c39bba379aef3be6ab,2016-04-30,Cars,cars,Electric,2,2,reported_numeric
25c9a68a5ab066abae1f07f8534cfcbdb2fd55ba30af65c39bba379aef3be6ab,2016-04-30,Cars,cars,Petrol,581610,581610,reported_numeric
25c9a68a5ab066abae1f07f8534cfcbdb2fd55ba30af65c39bba379aef3be6ab,2016-04-30,Cars,cars,Petrol-CNG,1853,1853,reported_numeric
25c9a68a5ab066abae1f07f8534cfcbdb2fd55ba30af65c39bba379aef3be6ab,2016-04-30,Cars,cars,Petrol-Electric,6810,6810,reported_numeric
25c9a68a5ab066abae1f07f8534cfcbdb2fd55ba30af65c39bba379aef3be6ab,2016-04-30,Cars,cars,Petrol-Electric (Plug-In),117,117,reported_numeric
25c9a68a5ab066abae1f07f8534cfcbdb2fd55ba30af65c39bba379aef3be6ab,2016-04-30,Goods & Other Vehicles,goods_and_other_vehicles,CNG,4,4,reported_numeric
25c9a68a5ab066abae1f07f8534cfcbdb2fd55ba30af65c39bba379aef3be6ab,2016-04-30,Goods & Other Vehicles,goods_and_other_vehicles,Diesel,135975,135975,reported_numeric
25c9a68a5ab066abae1f07f8534cfcbdb2fd55ba30af65c39bba379aef3be6ab,2016-04-30,Goods & Other Vehicles,goods_and_other_vehicles,Diesel-Electric,6,6,reported_numeric
25c9a68a5ab066abae1f07f8534cfcbdb2fd55ba30af65c39bba379aef3be6ab,2016-04-30,Goods & Other Vehicles,goods_and_other_vehicles,Electric,1,1,reported_numeric
25c9a68a5ab066abae1f07f8534cfcbdb2fd55ba30af65c39bba379aef3be6ab,2016-04-30,Goods & Other Vehicles,goods_and_other_vehicles,Petrol,7211,7211,reported_numeric
25c9a68a5ab066abae1f07f8534cfcbdb2fd55ba30af65c39bba379aef3be6ab,2016-04-30,Goods & Other Vehicles,goods_and_other_vehicles,Petrol-CNG,8,8,reported_numeric
25c9a68a5ab066abae1f07f8534cfcbdb2fd55ba30af65c39bba379aef3be6ab,2016-04-30,Goods & Other Vehicles,goods_and_other_vehicles,Petrol-Electric,1,1,reported_numeric
25c9a68a5ab066abae1f07f8534cfcbdb2fd55ba30af65c39bba379aef3be6ab,2016-04-30,Motor-cycles,motorcycles,Electric,2,2,reported_numeric
25c9a68a5ab066abae1f07f8534cfcbdb2fd55ba30af65c39bba379aef3be6ab,2016-04-30,Motor-cycles,motorcycles,Petrol,142713,142713,reported_numeric
25c9a68a5ab066abae1f07f8534cfcbdb2fd55ba30af65c39bba379aef3be6ab,2016-04-30,Taxis,taxis,CNG,0,0,reported_numeric
25c9a68a5ab066abae1f07f8534cfcbdb2fd55ba30af65c39bba379aef3be6ab,2016-04-30,Taxis,taxis,Diesel,24406,24406,reported_numeric
25c9a68a5ab066abae1f07f8534cfcbdb2fd55ba30af65c39bba379aef3be6ab,2016-04-30,Taxis,taxis,Petrol,408,408,reported_numeric
25c9a68a5ab066abae1f07f8534cfcbdb2fd55ba30af65c39bba379aef3be6ab,2016-04-30,Taxis,taxis,Petrol-CNG,1401,1401,reported_numeric
25c9a68a5ab066abae1f07f8534cfcbdb2fd55ba30af65c39bba379aef3be6ab,2016-04-30,Taxis,taxis,Petrol-Electric,2065,2065,reported_numeric
25c9a68a5ab066abae1f07f8534cfcbdb2fd55ba30af65c39bba379aef3be6ab,2016-05-31,Buses,buses,CNG,12,12,reported_numeric
25c9a68a5ab066abae1f07f8534cfcbdb2fd55ba30af65c39bba379aef3be6ab,2016-05-31,Buses,buses,Diesel,17893,17893,reported_numeric
25c9a68a5ab066abae1f07f8534cfcbdb2fd55ba30af65c39bba379aef3be6ab,2016-05-31,Buses,buses,Diesel-Electric,4,4,reported_numeric
25c9a68a5ab066abae1f07f8534cfcbdb2fd55ba30af65c39bba379aef3be6ab,2016-05-31,Buses,buses,Petrol,83,83,reported_numeric
25c9a68a5ab066abae1f07f8534cfcbdb2fd55ba30af65c39bba379aef3be6ab,2016-05-31,Buses,buses,Petrol-CNG,2,2,reported_numeric
25c9a68a5ab066abae1f07f8534cfcbdb2fd55ba30af65c39bba379aef3be6ab,2016-05-31,Cars,cars,CNG,0,0,reported_numeric
25c9a68a5ab066abae1f07f8534cfcbdb2fd55ba30af65c39bba379aef3be6ab,2016-05-31,Cars,cars,Diesel,7588,7588,reported_numeric
25c9a68a5ab066abae1f07f8534cfcbdb2fd55ba30af65c39bba379aef3be6ab,2016-05-31,Cars,cars,Diesel-Electric,22,22,reported_numeric
25c9a68a5ab066abae1f07f8534cfcbdb2fd55ba30af65c39bba379aef3be6ab,2016-05-31,Cars,cars,Electric,2,2,reported_numeric
25c9a68a5ab066abae1f07f8534cfcbdb2fd55ba30af65c39bba379aef3be6ab,2016-05-31,Cars,cars,Petrol,581925,581925,reported_numeric
25c9a68a5ab066abae1f07f8534cfcbdb2fd55ba30af65c39bba379aef3be6ab,2016-05-31,Cars,cars,Petrol-CNG,1807,1807,reported_numeric
25c9a68a5ab066abae1f07f8534cfcbdb2fd55ba30af65c39bba379aef3be6ab,2016-05-31,Cars,cars,Petrol-Electric,6934,6934,reported_numeric
25c9a68a5ab066abae1f07f8534cfcbdb2fd55ba30af65c39bba379aef3be6ab,2016-05-31,Cars,cars,Petrol-Electric (Plug-In),120,120,reported_numeric
25c9a68a5ab066abae1f07f8534cfcbdb2fd55ba30af65c39bba379aef3be6ab,2016-05-31,Goods & Other Vehicles,goods_and_other_vehicles,CNG,4,4,reported_numeric
25c9a68a5ab066abae1f07f8534cfcbdb2fd55ba30af65c39bba379aef3be6ab,2016-05-31,Goods & Other Vehicles,goods_and_other_vehicles,Diesel,136481,136481,reported_numeric
25c9a68a5ab066abae1f07f8534cfcbdb2fd55ba30af65c39bba379aef3be6ab,2016-05-31,Goods & Other Vehicles,goods_and_other_vehicles,Diesel-Electric,6,6,reported_numeric
25c9a68a5ab066abae1f07f8534cfcbdb2fd55ba30af65c39bba379aef3be6ab,2016-05-31,Goods & Other Vehicles,goods_and_other_vehicles,Electric,1,1,reported_numeric
25c9a68a5ab066abae1f07f8534cfcbdb2fd55ba30af65c39bba379aef3be6ab,2016-05-31,Goods & Other Vehicles,goods_and_other_vehicles,Petrol,7223,7223,reported_numeric
25c9a68a5ab066abae1f07f8534cfcbdb2fd55ba30af65c39bba379aef3be6ab,2016-05-31,Goods & Other Vehicles,goods_and_other_vehicles,Petrol-CNG,8,8,reported_numeric
25c9a68a5ab066abae1f07f8534cfcbdb2fd55ba30af65c39bba379aef3be6ab,2016-05-31,Goods & Other Vehicles,goods_and_other_vehicles,Petrol-Electric,1,1,reported_numeric
25c9a68a5ab066abae1f07f8534cfcbdb2fd55ba30af65c39bba379aef3be6ab,2016-05-31,Motor-cycles,motorcycles,Electric,2,2,reported_numeric
25c9a68a5ab066abae1f07f8534cfcbdb2fd55ba30af65c39bba379aef3be6ab,2016-05-31,Motor-cycles,motorcycles,Petrol,142625,142625,reported_numeric
25c9a68a5ab066abae1f07f8534cfcbdb2fd55ba30af65c39bba379aef3be6ab,2016-05-31,Taxis,taxis,CNG,0,0,reported_numeric
25c9a68a5ab066abae1f07f8534cfcbdb2fd55ba30af65c39bba379aef3be6ab,2016-05-31,Taxis,taxis,Diesel,24378,24378,reported_numeric
25c9a68a5ab066abae1f07f8534cfcbdb2fd55ba30af65c39bba379aef3be6ab,2016-05-31,Taxis,taxis,Petrol,373,373,reported_numeric
25c9a68a5ab066abae1f07f8534cfcbdb2fd55ba30af65c39bba379aef3be6ab,2016-05-31,Taxis,taxis,Petrol-CNG,1344,1344,reported_numeric
25c9a68a5ab066abae1f07f8534cfcbdb2fd55ba30af65c39bba379aef3be6ab,2016-05-31,Taxis,taxis,Petrol-Electric,2116,2116,reported_numeric
25c9a68a5ab066abae1f07f8534cfcbdb2fd55ba30af65c39bba379aef3be6ab,2016-06-30,Buses,buses,CNG,12,12,reported_numeric
25c9a68a5ab066abae1f07f8534cfcbdb2fd55ba30af65c39bba379aef3be6ab,2016-06-30,Buses,buses,Diesel,17967,17967,reported_numeric
25c9a68a5ab066abae1f07f8534cfcbdb2fd55ba30af65c39bba379aef3be6ab,2016-06-30,Buses,buses,Diesel-Electric,4,4,reported_numeric
25c9a68a5ab066abae1f07f8534cfcbdb2fd55ba30af65c39bba379aef3be6ab,2016-06-30,Buses,buses,Petrol,81,81,reported_numeric
25c9a68a5ab066abae1f07f8534cfcbdb2fd55ba30af65c39bba379aef3be6ab,2016-06-30,Buses,buses,Petrol-CNG,2,2,reported_numeric
25c9a68a5ab066abae1f07f8534cfcbdb2fd55ba30af65c39bba379aef3be6ab,2016-06-30,Cars,cars,CNG,0,0,reported_numeric
25c9a68a5ab066abae1f07f8534cfcbdb2fd55ba30af65c39bba379aef3be6ab,2016-06-30,Cars,cars,Diesel,8032,8032,reported_numeric
25c9a68a5ab066abae1f07f8534cfcbdb2fd55ba30af65c39bba379aef3be6ab,2016-06-30,Cars,cars,Diesel-Electric,22,22,reported_numeric
25c9a68a5ab066abae1f07f8534cfcbdb2fd55ba30af65c39bba379aef3be6ab,2016-06-30,Cars,cars,Electric,2,2,reported_numeric
25c9a68a5ab066abae1f07f8534cfcbdb2fd55ba30af65c39bba379aef3be6ab,2016-06-30,Cars,cars,Petrol,582631,582631,reported_numeric
25c9a68a5ab066abae1f07f8534cfcbdb2fd55ba30af65c39bba379aef3be6ab,2016-06-30,Cars,cars,Petrol-CNG,1781,1781,reported_numeric
25c9a68a5ab066abae1f07f8534cfcbdb2fd55ba30af65c39bba379aef3be6ab,2016-06-30,Cars,cars,Petrol-Electric,7139,7139,reported_numeric
25c9a68a5ab066abae1f07f8534cfcbdb2fd55ba30af65c39bba379aef3be6ab,2016-06-30,Cars,cars,Petrol-Electric (Plug-In),123,123,reported_numeric
25c9a68a5ab066abae1f07f8534cfcbdb2fd55ba30af65c39bba379aef3be6ab,2016-06-30,Goods & Other Vehicles,goods_and_other_vehicles,CNG,4,4,reported_numeric
25c9a68a5ab066abae1f07f8534cfcbdb2fd55ba30af65c39bba379aef3be6ab,2016-06-30,Goods & Other Vehicles,goods_and_other_vehicles,Diesel,136693,136693,reported_numeric
25c9a68a5ab066abae1f07f8534cfcbdb2fd55ba30af65c39bba379aef3be6ab,2016-06-30,Goods & Other Vehicles,goods_and_other_vehicles,Diesel-Electric,6,6,reported_numeric
25c9a68a5ab066abae1f07f8534cfcbdb2fd55ba30af65c39bba379aef3be6ab,2016-06-30,Goods & Other Vehicles,goods_and_other_vehicles,Electric,1,1,reported_numeric
25c9a68a5ab066abae1f07f8534cfcbdb2fd55ba30af65c39bba379aef3be6ab,2016-06-30,Goods & Other Vehicles,goods_and_other_vehicles,Petrol,7218,7218,reported_numeric
25c9a68a5ab066abae1f07f8534cfcbdb2fd55ba30af65c39bba379aef3be6ab,2016-06-30,Goods & Other Vehicles,goods_and_other_vehicles,Petrol-CNG,8,8,reported_numeric
25c9a68a5ab066abae1f07f8534cfcbdb2fd55ba30af65c39bba379aef3be6ab,2016-06-30,Goods & Other Vehicles,goods_and_other_vehicles,Petrol-Electric,1,1,reported_numeric
25c9a68a5ab066abae1f07f8534cfcbdb2fd55ba30af65c39bba379aef3be6ab,2016-06-30,Motor-cycles,motorcycles,Electric,2,2,reported_numeric
25c9a68a5ab066abae1f07f8534cfcbdb2fd55ba30af65c39bba379aef3be6ab,2016-06-30,Motor-cycles,motorcycles,Petrol,142577,142577,reported_numeric
25c9a68a5ab066abae1f07f8534cfcbdb2fd55ba30af65c39bba379aef3be6ab,2016-06-30,Taxis,taxis,CNG,0,0,reported_numeric
25c9a68a5ab066abae1f07f8534cfcbdb2fd55ba30af65c39bba379aef3be6ab,2016-06-30,Taxis,taxis,Diesel,24371,24371,reported_numeric
25c9a68a5ab066abae1f07f8534cfcbdb2fd55ba30af65c39bba379aef3be6ab,2016-06-30,Taxis,taxis,Petrol,351,351,reported_numeric
25c9a68a5ab066abae1f07f8534cfcbdb2fd55ba30af65c39bba379aef3be6ab,2016-06-30,Taxis,taxis,Petrol-CNG,1308,1308,reported_numeric
25c9a68a5ab066abae1f07f8534cfcbdb2fd55ba30af65c39bba379aef3be6ab,2016-06-30,Taxis,taxis,Petrol-Electric,2163,2163,reported_numeric
25c9a68a5ab066abae1f07f8534cfcbdb2fd55ba30af65c39bba379aef3be6ab,2016-07-31,Buses,buses,CNG,12,12,reported_numeric
25c9a68a5ab066abae1f07f8534cfcbdb2fd55ba30af65c39bba379aef3be6ab,2016-07-31,Buses,buses,Diesel,17998,17998,reported_numeric
25c9a68a5ab066abae1f07f8534cfcbdb2fd55ba30af65c39bba379aef3be6ab,2016-07-31,Buses,buses,Diesel-Electric,4,4,reported_numeric
25c9a68a5ab066abae1f07f8534cfcbdb2fd55ba30af65c39bba379aef3be6ab,2016-07-31,Buses,buses,Petrol,81,81,reported_numeric
25c9a68a5ab066abae1f07f8534cfcbdb2fd55ba30af65c39bba379aef3be6ab,2016-07-31,Buses,buses,Petrol-CNG,2,2,reported_numeric
25c9a68a5ab066abae1f07f8534cfcbdb2fd55ba30af65c39bba379aef3be6ab,2016-07-31,Cars,cars,CNG,0,0,reported_numeric
25c9a68a5ab066abae1f07f8534cfcbdb2fd55ba30af65c39bba379aef3be6ab,2016-07-31,Cars,cars,Diesel,8452,8452,reported_numeric
25c9a68a5ab066abae1f07f8534cfcbdb2fd55ba30af65c39bba379aef3be6ab,2016-07-31,Cars,cars,Diesel-Electric,22,22,reported_numeric
25c9a68a5ab066abae1f07f8534cfcbdb2fd55ba30af65c39bba379aef3be6ab,2016-07-31,Cars,cars,Electric,2,2,reported_numeric
25c9a68a5ab066abae1f07f8534cfcbdb2fd55ba30af65c39bba379aef3be6ab,2016-07-31,Cars,cars,Petrol,582075,582075,reported_numeric
25c9a68a5ab066abae1f07f8534cfcbdb2fd55ba30af65c39bba379aef3be6ab,2016-07-31,Cars,cars,Petrol-CNG,1758,1758,reported_numeric
25c9a68a5ab066abae1f07f8534cfcbdb2fd55ba30af65c39bba379aef3be6ab,2016-07-31,Cars,cars,Petrol-Electric,7307,7307,reported_numeric
25c9a68a5ab066abae1f07f8534cfcbdb2fd55ba30af65c39bba379aef3be6ab,2016-07-31,Cars,cars,Petrol-Electric (Plug-In),124,124,reported_numeric
25c9a68a5ab066abae1f07f8534cfcbdb2fd55ba30af65c39bba379aef3be6ab,2016-07-31,Goods & Other Vehicles,goods_and_other_vehicles,CNG,3,3,reported_numeric
25c9a68a5ab066abae1f07f8534cfcbdb2fd55ba30af65c39bba379aef3be6ab,2016-07-31,Goods & Other Vehicles,goods_and_other_vehicles,Diesel,136808,136808,reported_numeric
25c9a68a5ab066abae1f07f8534cfcbdb2fd55ba30af65c39bba379aef3be6ab,2016-07-31,Goods & Other Vehicles,goods_and_other_vehicles,Diesel-Electric,6,6,reported_numeric
25c9a68a5ab066abae1f07f8534cfcbdb2fd55ba30af65c39bba379aef3be6ab,2016-07-31,Goods & Other Vehicles,goods_and_other_vehicles,Electric,1,1,reported_numeric
25c9a68a5ab066abae1f07f8534cfcbdb2fd55ba30af65c39bba379aef3be6ab,2016-07-31,Goods & Other Vehicles,goods_and_other_vehicles,Petrol,7225,7225,reported_numeric
25c9a68a5ab066abae1f07f8534cfcbdb2fd55ba30af65c39bba379aef3be6ab,2016-07-31,Goods & Other Vehicles,goods_and_other_vehicles,Petrol-CNG,8,8,reported_numeric
25c9a68a5ab066abae1f07f8534cfcbdb2fd55ba30af65c39bba379aef3be6ab,2016-07-31,Goods & Other Vehicles,goods_and_other_vehicles,Petrol-Electric,1,1,reported_numeric
25c9a68a5ab066abae1f07f8534cfcbdb2fd55ba30af65c39bba379aef3be6ab,2016-07-31,Motor-cycles,motorcycles,Electric,2,2,reported_numeric
25c9a68a5ab066abae1f07f8534cfcbdb2fd55ba30af65c39bba379aef3be6ab,2016-07-31,Motor-cycles,motorcycles,Petrol,142597,142597,reported_numeric
25c9a68a5ab066abae1f07f8534cfcbdb2fd55ba30af65c39bba379aef3be6ab,2016-07-31,Taxis,taxis,CNG,0,0,reported_numeric
25c9a68a5ab066abae1f07f8534cfcbdb2fd55ba30af65c39bba379aef3be6ab,2016-07-31,Taxis,taxis,Diesel,24232,24232,reported_numeric
25c9a68a5ab066abae1f07f8534cfcbdb2fd55ba30af65c39bba379aef3be6ab,2016-07-31,Taxis,taxis,Petrol,339,339,reported_numeric
25c9a68a5ab066abae1f07f8534cfcbdb2fd55ba30af65c39bba379aef3be6ab,2016-07-31,Taxis,taxis,Petrol-CNG,1276,1276,reported_numeric
25c9a68a5ab066abae1f07f8534cfcbdb2fd55ba30af65c39bba379aef3be6ab,2016-07-31,Taxis,taxis,Petrol-Electric,2207,2207,reported_numeric
25c9a68a5ab066abae1f07f8534cfcbdb2fd55ba30af65c39bba379aef3be6ab,2016-08-31,Buses,buses,CNG,12,12,reported_numeric
25c9a68a5ab066abae1f07f8534cfcbdb2fd55ba30af65c39bba379aef3be6ab,2016-08-31,Buses,buses,Diesel,18105,18105,reported_numeric
25c9a68a5ab066abae1f07f8534cfcbdb2fd55ba30af65c39bba379aef3be6ab,2016-08-31,Buses,buses,Diesel-Electric,4,4,reported_numeric
25c9a68a5ab066abae1f07f8534cfcbdb2fd55ba30af65c39bba379aef3be6ab,2016-08-31,Buses,buses,Electric,1,1,reported_numeric
25c9a68a5ab066abae1f07f8534cfcbdb2fd55ba30af65c39bba379aef3be6ab,2016-08-31,Buses,buses,Petrol,77,77,reported_numeric
25c9a68a5ab066abae1f07f8534cfcbdb2fd55ba30af65c39bba379aef3be6ab,2016-08-31,Buses,buses,Petrol-CNG,2,2,reported_numeric
25c9a68a5ab066abae1f07f8534cfcbdb2fd55ba30af65c39bba379aef3be6ab,2016-08-31,Cars,cars,CNG,0,0,reported_numeric
25c9a68a5ab066abae1f07f8534cfcbdb2fd55ba30af65c39bba379aef3be6ab,2016-08-31,Cars,cars,Diesel,8767,8767,reported_numeric
25c9a68a5ab066abae1f07f8534cfcbdb2fd55ba30af65c39bba379aef3be6ab,2016-08-31,Cars,cars,Diesel-Electric,22,22,reported_numeric
25c9a68a5ab066abae1f07f8534cfcbdb2fd55ba30af65c39bba379aef3be6ab,2016-08-31,Cars,cars,Electric,2,2,reported_numeric
25c9a68a5ab066abae1f07f8534cfcbdb2fd55ba30af65c39bba379aef3be6ab,2016-08-31,Cars,cars,Petrol,581934,581934,reported_numeric
25c9a68a5ab066abae1f07f8534cfcbdb2fd55ba30af65c39bba379aef3be6ab,2016-08-31,Cars,cars,Petrol-CNG,1734,1734,reported_numeric
25c9a68a5ab066abae1f07f8534cfcbdb2fd55ba30af65c39bba379aef3be6ab,2016-08-31,Cars,cars,Petrol-Electric,7584,7584,reported_numeric
25c9a68a5ab066abae1f07f8534cfcbdb2fd55ba30af65c39bba379aef3be6ab,2016-08-31,Cars,cars,Petrol-Electric (Plug-In),124,124,reported_numeric
25c9a68a5ab066abae1f07f8534cfcbdb2fd55ba30af65c39bba379aef3be6ab,2016-08-31,Goods & Other Vehicles,goods_and_other_vehicles,CNG,3,3,reported_numeric
25c9a68a5ab066abae1f07f8534cfcbdb2fd55ba30af65c39bba379aef3be6ab,2016-08-31,Goods & Other Vehicles,goods_and_other_vehicles,Diesel,136802,136802,reported_numeric
25c9a68a5ab066abae1f07f8534cfcbdb2fd55ba30af65c39bba379aef3be6ab,2016-08-31,Goods & Other Vehicles,goods_and_other_vehicles,Diesel-Electric,6,6,reported_numeric
25c9a68a5ab066abae1f07f8534cfcbdb2fd55ba30af65c39bba379aef3be6ab,2016-08-31,Goods & Other Vehicles,goods_and_other_vehicles,Electric,1,1,reported_numeric
25c9a68a5ab066abae1f07f8534cfcbdb2fd55ba30af65c39bba379aef3be6ab,2016-08-31,Goods & Other Vehicles,goods_and_other_vehicles,Petrol,7212,7212,reported_numeric
25c9a68a5ab066abae1f07f8534cfcbdb2fd55ba30af65c39bba379aef3be6ab,2016-08-31,Goods & Other Vehicles,goods_and_other_vehicles,Petrol-CNG,8,8,reported_numeric
25c9a68a5ab066abae1f07f8534cfcbdb2fd55ba30af65c39bba379aef3be6ab,2016-08-31,Goods & Other Vehicles,goods_and_other_vehicles,Petrol-Electric,1,1,reported_numeric
25c9a68a5ab066abae1f07f8534cfcbdb2fd55ba30af65c39bba379aef3be6ab,2016-08-31,Motor-cycles,motorcycles,Electric,2,2,reported_numeric
25c9a68a5ab066abae1f07f8534cfcbdb2fd55ba30af65c39bba379aef3be6ab,2016-08-31,Motor-cycles,motorcycles,Petrol,142709,142709,reported_numeric
25c9a68a5ab066abae1f07f8534cfcbdb2fd55ba30af65c39bba379aef3be6ab,2016-08-31,Taxis,taxis,CNG,0,0,reported_numeric
25c9a68a5ab066abae1f07f8534cfcbdb2fd55ba30af65c39bba379aef3be6ab,2016-08-31,Taxis,taxis,Diesel,24126,24126,reported_numeric
25c9a68a5ab066abae1f07f8534cfcbdb2fd55ba30af65c39bba379aef3be6ab,2016-08-31,Taxis,taxis,Petrol,320,320,reported_numeric
25c9a68a5ab066abae1f07f8534cfcbdb2fd55ba30af65c39bba379aef3be6ab,2016-08-31,Taxis,taxis,Petrol-CNG,1222,1222,reported_numeric
25c9a68a5ab066abae1f07f8534cfcbdb2fd55ba30af65c39bba379aef3be6ab,2016-08-31,Taxis,taxis,Petrol-Electric,2222,2222,reported_numeric
25c9a68a5ab066abae1f07f8534cfcbdb2fd55ba30af65c39bba379aef3be6ab,2016-09-30,Buses,buses,CNG,12,12,reported_numeric
25c9a68a5ab066abae1f07f8534cfcbdb2fd55ba30af65c39bba379aef3be6ab,2016-09-30,Buses,buses,Diesel,18157,18157,reported_numeric
25c9a68a5ab066abae1f07f8534cfcbdb2fd55ba30af65c39bba379aef3be6ab,2016-09-30,Buses,buses,Diesel-Electric,4,4,reported_numeric
25c9a68a5ab066abae1f07f8534cfcbdb2fd55ba30af65c39bba379aef3be6ab,2016-09-30,Buses,buses,Electric,1,1,reported_numeric
25c9a68a5ab066abae1f07f8534cfcbdb2fd55ba30af65c39bba379aef3be6ab,2016-09-30,Buses,buses,Petrol,76,76,reported_numeric
25c9a68a5ab066abae1f07f8534cfcbdb2fd55ba30af65c39bba379aef3be6ab,2016-09-30,Buses,buses,Petrol-CNG,2,2,reported_numeric
25c9a68a5ab066abae1f07f8534cfcbdb2fd55ba30af65c39bba379aef3be6ab,2016-09-30,Cars,cars,CNG,0,0,reported_numeric
25c9a68a5ab066abae1f07f8534cfcbdb2fd55ba30af65c39bba379aef3be6ab,2016-09-30,Cars,cars,Diesel,9168,9168,reported_numeric
25c9a68a5ab066abae1f07f8534cfcbdb2fd55ba30af65c39bba379aef3be6ab,2016-09-30,Cars,cars,Diesel-Electric,22,22,reported_numeric
25c9a68a5ab066abae1f07f8534cfcbdb2fd55ba30af65c39bba379aef3be6ab,2016-09-30,Cars,cars,Electric,3,3,reported_numeric
25c9a68a5ab066abae1f07f8534cfcbdb2fd55ba30af65c39bba379aef3be6ab,2016-09-30,Cars,cars,Petrol,582440,582440,reported_numeric
25c9a68a5ab066abae1f07f8534cfcbdb2fd55ba30af65c39bba379aef3be6ab,2016-09-30,Cars,cars,Petrol-CNG,1716,1716,reported_numeric
25c9a68a5ab066abae1f07f8534cfcbdb2fd55ba30af65c39bba379aef3be6ab,2016-09-30,Cars,cars,Petrol-Electric,8068,8068,reported_numeric
25c9a68a5ab066abae1f07f8534cfcbdb2fd55ba30af65c39bba379aef3be6ab,2016-09-30,Cars,cars,Petrol-Electric (Plug-In),124,124,reported_numeric
25c9a68a5ab066abae1f07f8534cfcbdb2fd55ba30af65c39bba379aef3be6ab,2016-09-30,Goods & Other Vehicles,goods_and_other_vehicles,CNG,3,3,reported_numeric
25c9a68a5ab066abae1f07f8534cfcbdb2fd55ba30af65c39bba379aef3be6ab,2016-09-30,Goods & Other Vehicles,goods_and_other_vehicles,Diesel,136624,136624,reported_numeric
25c9a68a5ab066abae1f07f8534cfcbdb2fd55ba30af65c39bba379aef3be6ab,2016-09-30,Goods & Other Vehicles,goods_and_other_vehicles,Diesel-Electric,6,6,reported_numeric
25c9a68a5ab066abae1f07f8534cfcbdb2fd55ba30af65c39bba379aef3be6ab,2016-09-30,Goods & Other Vehicles,goods_and_other_vehicles,Electric,1,1,reported_numeric
25c9a68a5ab066abae1f07f8534cfcbdb2fd55ba30af65c39bba379aef3be6ab,2016-09-30,Goods & Other Vehicles,goods_and_other_vehicles,Petrol,7211,7211,reported_numeric
25c9a68a5ab066abae1f07f8534cfcbdb2fd55ba30af65c39bba379aef3be6ab,2016-09-30,Goods & Other Vehicles,goods_and_other_vehicles,Petrol-CNG,6,6,reported_numeric
25c9a68a5ab066abae1f07f8534cfcbdb2fd55ba30af65c39bba379aef3be6ab,2016-09-30,Goods & Other Vehicles,goods_and_other_vehicles,Petrol-Electric,1,1,reported_numeric
25c9a68a5ab066abae1f07f8534cfcbdb2fd55ba30af65c39bba379aef3be6ab,2016-09-30,Motor-cycles,motorcycles,Electric,2,2,reported_numeric
25c9a68a5ab066abae1f07f8534cfcbdb2fd55ba30af65c39bba379aef3be6ab,2016-09-30,Motor-cycles,motorcycles,Petrol,142723,142723,reported_numeric
25c9a68a5ab066abae1f07f8534cfcbdb2fd55ba30af65c39bba379aef3be6ab,2016-09-30,Taxis,taxis,CNG,0,0,reported_numeric
25c9a68a5ab066abae1f07f8534cfcbdb2fd55ba30af65c39bba379aef3be6ab,2016-09-30,Taxis,taxis,Diesel,24007,24007,reported_numeric
25c9a68a5ab066abae1f07f8534cfcbdb2fd55ba30af65c39bba379aef3be6ab,2016-09-30,Taxis,taxis,Petrol,309,309,reported_numeric
25c9a68a5ab066abae1f07f8534cfcbdb2fd55ba30af65c39bba379aef3be6ab,2016-09-30,Taxis,taxis,Petrol-CNG,1119,1119,reported_numeric
25c9a68a5ab066abae1f07f8534cfcbdb2fd55ba30af65c39bba379aef3be6ab,2016-09-30,Taxis,taxis,Petrol-Electric,2273,2273,reported_numeric
25c9a68a5ab066abae1f07f8534cfcbdb2fd55ba30af65c39bba379aef3be6ab,2016-10-31,Buses,buses,CNG,12,12,reported_numeric
25c9a68a5ab066abae1f07f8534cfcbdb2fd55ba30af65c39bba379aef3be6ab,2016-10-31,Buses,buses,Diesel,18213,18213,reported_numeric
25c9a68a5ab066abae1f07f8534cfcbdb2fd55ba30af65c39bba379aef3be6ab,2016-10-31,Buses,buses,Diesel-Electric,3,3,reported_numeric
25c9a68a5ab066abae1f07f8534cfcbdb2fd55ba30af65c39bba379aef3be6ab,2016-10-31,Buses,buses,Electric,1,1,reported_numeric
25c9a68a5ab066abae1f07f8534cfcbdb2fd55ba30af65c39bba379aef3be6ab,2016-10-31,Buses,buses,Petrol,75,75,reported_numeric
25c9a68a5ab066abae1f07f8534cfcbdb2fd55ba30af65c39bba379aef3be6ab,2016-10-31,Buses,buses,Petrol-CNG,2,2,reported_numeric
25c9a68a5ab066abae1f07f8534cfcbdb2fd55ba30af65c39bba379aef3be6ab,2016-10-31,Cars,cars,CNG,0,0,reported_numeric
25c9a68a5ab066abae1f07f8534cfcbdb2fd55ba30af65c39bba379aef3be6ab,2016-10-31,Cars,cars,Diesel,9530,9530,reported_numeric
25c9a68a5ab066abae1f07f8534cfcbdb2fd55ba30af65c39bba379aef3be6ab,2016-10-31,Cars,cars,Diesel-Electric,22,22,reported_numeric
25c9a68a5ab066abae1f07f8534cfcbdb2fd55ba30af65c39bba379aef3be6ab,2016-10-31,Cars,cars,Electric,4,4,reported_numeric
25c9a68a5ab066abae1f07f8534cfcbdb2fd55ba30af65c39bba379aef3be6ab,2016-10-31,Cars,cars,Petrol,581759,581759,reported_numeric
25c9a68a5ab066abae1f07f8534cfcbdb2fd55ba30af65c39bba379aef3be6ab,2016-10-31,Cars,cars,Petrol-CNG,1707,1707,reported_numeric
25c9a68a5ab066abae1f07f8534cfcbdb2fd55ba30af65c39bba379aef3be6ab,2016-10-31,Cars,cars,Petrol-Electric,8801,8801,reported_numeric
25c9a68a5ab066abae1f07f8534cfcbdb2fd55ba30af65c39bba379aef3be6ab,2016-10-31,Cars,cars,Petrol-Electric (Plug-In),125,125,reported_numeric
25c9a68a5ab066abae1f07f8534cfcbdb2fd55ba30af65c39bba379aef3be6ab,2016-10-31,Goods & Other Vehicles,goods_and_other_vehicles,CNG,3,3,reported_numeric
25c9a68a5ab066abae1f07f8534cfcbdb2fd55ba30af65c39bba379aef3be6ab,2016-10-31,Goods & Other Vehicles,goods_and_other_vehicles,Diesel,136722,136722,reported_numeric
25c9a68a5ab066abae1f07f8534cfcbdb2fd55ba30af65c39bba379aef3be6ab,2016-10-31,Goods & Other Vehicles,goods_and_other_vehicles,Diesel-Electric,6,6,reported_numeric
25c9a68a5ab066abae1f07f8534cfcbdb2fd55ba30af65c39bba379aef3be6ab,2016-10-31,Goods & Other Vehicles,goods_and_other_vehicles,Electric,1,1,reported_numeric
25c9a68a5ab066abae1f07f8534cfcbdb2fd55ba30af65c39bba379aef3be6ab,2016-10-31,Goods & Other Vehicles,goods_and_other_vehicles,Petrol,7189,7189,reported_numeric
25c9a68a5ab066abae1f07f8534cfcbdb2fd55ba30af65c39bba379aef3be6ab,2016-10-31,Goods & Other Vehicles,goods_and_other_vehicles,Petrol-CNG,6,6,reported_numeric
25c9a68a5ab066abae1f07f8534cfcbdb2fd55ba30af65c39bba379aef3be6ab,2016-10-31,Goods & Other Vehicles,goods_and_other_vehicles,Petrol-Electric,1,1,reported_numeric
25c9a68a5ab066abae1f07f8534cfcbdb2fd55ba30af65c39bba379aef3be6ab,2016-10-31,Motor-cycles,motorcycles,Electric,2,2,reported_numeric
25c9a68a5ab066abae1f07f8534cfcbdb2fd55ba30af65c39bba379aef3be6ab,2016-10-31,Motor-cycles,motorcycles,Petrol,142564,142564,reported_numeric
25c9a68a5ab066abae1f07f8534cfcbdb2fd55ba30af65c39bba379aef3be6ab,2016-10-31,Taxis,taxis,CNG,0,0,reported_numeric
25c9a68a5ab066abae1f07f8534cfcbdb2fd55ba30af65c39bba379aef3be6ab,2016-10-31,Taxis,taxis,Diesel,23810,23810,reported_numeric
25c9a68a5ab066abae1f07f8534cfcbdb2fd55ba30af65c39bba379aef3be6ab,2016-10-31,Taxis,taxis,Petrol,298,298,reported_numeric
25c9a68a5ab066abae1f07f8534cfcbdb2fd55ba30af65c39bba379aef3be6ab,2016-10-31,Taxis,taxis,Petrol-CNG,1081,1081,reported_numeric
25c9a68a5ab066abae1f07f8534cfcbdb2fd55ba30af65c39bba379aef3be6ab,2016-10-31,Taxis,taxis,Petrol-Electric,2343,2343,reported_numeric
25c9a68a5ab066abae1f07f8534cfcbdb2fd55ba30af65c39bba379aef3be6ab,2016-11-30,Buses,buses,CNG,12,12,reported_numeric
25c9a68a5ab066abae1f07f8534cfcbdb2fd55ba30af65c39bba379aef3be6ab,2016-11-30,Buses,buses,Diesel,18232,18232,reported_numeric
25c9a68a5ab066abae1f07f8534cfcbdb2fd55ba30af65c39bba379aef3be6ab,2016-11-30,Buses,buses,Diesel-Electric,3,3,reported_numeric
25c9a68a5ab066abae1f07f8534cfcbdb2fd55ba30af65c39bba379aef3be6ab,2016-11-30,Buses,buses,Electric,1,1,reported_numeric
25c9a68a5ab066abae1f07f8534cfcbdb2fd55ba30af65c39bba379aef3be6ab,2016-11-30,Buses,buses,Petrol,75,75,reported_numeric
25c9a68a5ab066abae1f07f8534cfcbdb2fd55ba30af65c39bba379aef3be6ab,2016-11-30,Buses,buses,Petrol-CNG,2,2,reported_numeric
25c9a68a5ab066abae1f07f8534cfcbdb2fd55ba30af65c39bba379aef3be6ab,2016-11-30,Cars,cars,CNG,0,0,reported_numeric
25c9a68a5ab066abae1f07f8534cfcbdb2fd55ba30af65c39bba379aef3be6ab,2016-11-30,Cars,cars,Diesel,10056,10056,reported_numeric
25c9a68a5ab066abae1f07f8534cfcbdb2fd55ba30af65c39bba379aef3be6ab,2016-11-30,Cars,cars,Diesel-Electric,22,22,reported_numeric
25c9a68a5ab066abae1f07f8534cfcbdb2fd55ba30af65c39bba379aef3be6ab,2016-11-30,Cars,cars,Electric,5,5,reported_numeric
25c9a68a5ab066abae1f07f8534cfcbdb2fd55ba30af65c39bba379aef3be6ab,2016-11-30,Cars,cars,Petrol,580298,580298,reported_numeric
25c9a68a5ab066abae1f07f8534cfcbdb2fd55ba30af65c39bba379aef3be6ab,2016-11-30,Cars,cars,Petrol-CNG,1692,1692,reported_numeric
25c9a68a5ab066abae1f07f8534cfcbdb2fd55ba30af65c39bba379aef3be6ab,2016-11-30,Cars,cars,Petrol-Electric,9654,9654,reported_numeric
25c9a68a5ab066abae1f07f8534cfcbdb2fd55ba30af65c39bba379aef3be6ab,2016-11-30,Cars,cars,Petrol-Electric (Plug-In),125,125,reported_numeric
25c9a68a5ab066abae1f07f8534cfcbdb2fd55ba30af65c39bba379aef3be6ab,2016-11-30,Goods & Other Vehicles,goods_and_other_vehicles,CNG,3,3,reported_numeric
25c9a68a5ab066abae1f07f8534cfcbdb2fd55ba30af65c39bba379aef3be6ab,2016-11-30,Goods & Other Vehicles,goods_and_other_vehicles,Diesel,136825,136825,reported_numeric
25c9a68a5ab066abae1f07f8534cfcbdb2fd55ba30af65c39bba379aef3be6ab,2016-11-30,Goods & Other Vehicles,goods_and_other_vehicles,Diesel-Electric,7,7,reported_numeric
25c9a68a5ab066abae1f07f8534cfcbdb2fd55ba30af65c39bba379aef3be6ab,2016-11-30,Goods & Other Vehicles,goods_and_other_vehicles,Electric,1,1,reported_numeric
25c9a68a5ab066abae1f07f8534cfcbdb2fd55ba30af65c39bba379aef3be6ab,2016-11-30,Goods & Other Vehicles,goods_and_other_vehicles,Petrol,7161,7161,reported_numeric
25c9a68a5ab066abae1f07f8534cfcbdb2fd55ba30af65c39bba379aef3be6ab,2016-11-30,Goods & Other Vehicles,goods_and_other_vehicles,Petrol-CNG,5,5,reported_numeric
25c9a68a5ab066abae1f07f8534cfcbdb2fd55ba30af65c39bba379aef3be6ab,2016-11-30,Goods & Other Vehicles,goods_and_other_vehicles,Petrol-Electric,1,1,reported_numeric
25c9a68a5ab066abae1f07f8534cfcbdb2fd55ba30af65c39bba379aef3be6ab,2016-11-30,Motor-cycles,motorcycles,Electric,2,2,reported_numeric
25c9a68a5ab066abae1f07f8534cfcbdb2fd55ba30af65c39bba379aef3be6ab,2016-11-30,Motor-cycles,motorcycles,Petrol,142429,142429,reported_numeric
25c9a68a5ab066abae1f07f8534cfcbdb2fd55ba30af65c39bba379aef3be6ab,2016-11-30,Taxis,taxis,CNG,0,0,reported_numeric
25c9a68a5ab066abae1f07f8534cfcbdb2fd55ba30af65c39bba379aef3be6ab,2016-11-30,Taxis,taxis,Diesel,23760,23760,reported_numeric
25c9a68a5ab066abae1f07f8534cfcbdb2fd55ba30af65c39bba379aef3be6ab,2016-11-30,Taxis,taxis,Petrol,284,284,reported_numeric
25c9a68a5ab066abae1f07f8534cfcbdb2fd55ba30af65c39bba379aef3be6ab,2016-11-30,Taxis,taxis,Petrol-CNG,1053,1053,reported_numeric
25c9a68a5ab066abae1f07f8534cfcbdb2fd55ba30af65c39bba379aef3be6ab,2016-11-30,Taxis,taxis,Petrol-Electric,2398,2398,reported_numeric
25c9a68a5ab066abae1f07f8534cfcbdb2fd55ba30af65c39bba379aef3be6ab,2016-12-31,Buses,buses,CNG,12,12,reported_numeric
25c9a68a5ab066abae1f07f8534cfcbdb2fd55ba30af65c39bba379aef3be6ab,2016-12-31,Buses,buses,Diesel,18247,18247,reported_numeric
25c9a68a5ab066abae1f07f8534cfcbdb2fd55ba30af65c39bba379aef3be6ab,2016-12-31,Buses,buses,Diesel-Electric,3,3,reported_numeric
25c9a68a5ab066abae1f07f8534cfcbdb2fd55ba30af65c39bba379aef3be6ab,2016-12-31,Buses,buses,Electric,1,1,reported_numeric
25c9a68a5ab066abae1f07f8534cfcbdb2fd55ba30af65c39bba379aef3be6ab,2016-12-31,Buses,buses,Petrol,73,73,reported_numeric
25c9a68a5ab066abae1f07f8534cfcbdb2fd55ba30af65c39bba379aef3be6ab,2016-12-31,Buses,buses,Petrol-CNG,2,2,reported_numeric
25c9a68a5ab066abae1f07f8534cfcbdb2fd55ba30af65c39bba379aef3be6ab,2016-12-31,Cars,cars,CNG,0,0,reported_numeric
25c9a68a5ab066abae1f07f8534cfcbdb2fd55ba30af65c39bba379aef3be6ab,2016-12-31,Cars,cars,Diesel,10364,10364,reported_numeric
25c9a68a5ab066abae1f07f8534cfcbdb2fd55ba30af65c39bba379aef3be6ab,2016-12-31,Cars,cars,Diesel-Electric,22,22,reported_numeric
25c9a68a5ab066abae1f07f8534cfcbdb2fd55ba30af65c39bba379aef3be6ab,2016-12-31,Cars,cars,Electric,12,12,reported_numeric
25c9a68a5ab066abae1f07f8534cfcbdb2fd55ba30af65c39bba379aef3be6ab,2016-12-31,Cars,cars,Petrol,578977,578977,reported_numeric
25c9a68a5ab066abae1f07f8534cfcbdb2fd55ba30af65c39bba379aef3be6ab,2016-12-31,Cars,cars,Petrol-CNG,1682,1682,reported_numeric
25c9a68a5ab066abae1f07f8534cfcbdb2fd55ba30af65c39bba379aef3be6ab,2016-12-31,Cars,cars,Petrol-Electric,10075,10075,reported_numeric
25c9a68a5ab066abae1f07f8534cfcbdb2fd55ba30af65c39bba379aef3be6ab,2016-12-31,Cars,cars,Petrol-Electric (Plug-In),125,125,reported_numeric
25c9a68a5ab066abae1f07f8534cfcbdb2fd55ba30af65c39bba379aef3be6ab,2016-12-31,Goods & Other Vehicles,goods_and_other_vehicles,CNG,3,3,reported_numeric
25c9a68a5ab066abae1f07f8534cfcbdb2fd55ba30af65c39bba379aef3be6ab,2016-12-31,Goods & Other Vehicles,goods_and_other_vehicles,Diesel,136809,136809,reported_numeric
25c9a68a5ab066abae1f07f8534cfcbdb2fd55ba30af65c39bba379aef3be6ab,2016-12-31,Goods & Other Vehicles,goods_and_other_vehicles,Diesel-Electric,7,7,reported_numeric
25c9a68a5ab066abae1f07f8534cfcbdb2fd55ba30af65c39bba379aef3be6ab,2016-12-31,Goods & Other Vehicles,goods_and_other_vehicles,Electric,18,18,reported_numeric
25c9a68a5ab066abae1f07f8534cfcbdb2fd55ba30af65c39bba379aef3be6ab,2016-12-31,Goods & Other Vehicles,goods_and_other_vehicles,Petrol,7123,7123,reported_numeric
25c9a68a5ab066abae1f07f8534cfcbdb2fd55ba30af65c39bba379aef3be6ab,2016-12-31,Goods & Other Vehicles,goods_and_other_vehicles,Petrol-CNG,5,5,reported_numeric
25c9a68a5ab066abae1f07f8534cfcbdb2fd55ba30af65c39bba379aef3be6ab,2016-12-31,Goods & Other Vehicles,goods_and_other_vehicles,Petrol-Electric,1,1,reported_numeric
25c9a68a5ab066abae1f07f8534cfcbdb2fd55ba30af65c39bba379aef3be6ab,2016-12-31,Motor-cycles,motorcycles,Electric,2,2,reported_numeric
25c9a68a5ab066abae1f07f8534cfcbdb2fd55ba30af65c39bba379aef3be6ab,2016-12-31,Motor-cycles,motorcycles,Petrol,142437,142437,reported_numeric
25c9a68a5ab066abae1f07f8534cfcbdb2fd55ba30af65c39bba379aef3be6ab,2016-12-31,Taxis,taxis,CNG,0,0,reported_numeric
25c9a68a5ab066abae1f07f8534cfcbdb2fd55ba30af65c39bba379aef3be6ab,2016-12-31,Taxis,taxis,Diesel,23748,23748,reported_numeric
25c9a68a5ab066abae1f07f8534cfcbdb2fd55ba30af65c39bba379aef3be6ab,2016-12-31,Taxis,taxis,Petrol,260,260,reported_numeric
25c9a68a5ab066abae1f07f8534cfcbdb2fd55ba30af65c39bba379aef3be6ab,2016-12-31,Taxis,taxis,Petrol-CNG,1034,1034,reported_numeric
25c9a68a5ab066abae1f07f8534cfcbdb2fd55ba30af65c39bba379aef3be6ab,2016-12-31,Taxis,taxis,Petrol-Electric,2492,2492,reported_numeric
25c9a68a5ab066abae1f07f8534cfcbdb2fd55ba30af65c39bba379aef3be6ab,2017-01-31,Buses,buses,CNG,12,12,reported_numeric
25c9a68a5ab066abae1f07f8534cfcbdb2fd55ba30af65c39bba379aef3be6ab,2017-01-31,Buses,buses,Diesel,18263,18263,reported_numeric
25c9a68a5ab066abae1f07f8534cfcbdb2fd55ba30af65c39bba379aef3be6ab,2017-01-31,Buses,buses,Diesel-Electric,3,3,reported_numeric
25c9a68a5ab066abae1f07f8534cfcbdb2fd55ba30af65c39bba379aef3be6ab,2017-01-31,Buses,buses,Electric,1,1,reported_numeric
25c9a68a5ab066abae1f07f8534cfcbdb2fd55ba30af65c39bba379aef3be6ab,2017-01-31,Buses,buses,Petrol,73,73,reported_numeric
25c9a68a5ab066abae1f07f8534cfcbdb2fd55ba30af65c39bba379aef3be6ab,2017-01-31,Buses,buses,Petrol-CNG,2,2,reported_numeric
25c9a68a5ab066abae1f07f8534cfcbdb2fd55ba30af65c39bba379aef3be6ab,2017-01-31,Cars,cars,CNG,0,0,reported_numeric
25c9a68a5ab066abae1f07f8534cfcbdb2fd55ba30af65c39bba379aef3be6ab,2017-01-31,Cars,cars,Diesel,10888,10888,reported_numeric
25c9a68a5ab066abae1f07f8534cfcbdb2fd55ba30af65c39bba379aef3be6ab,2017-01-31,Cars,cars,Diesel-Electric,22,22,reported_numeric
25c9a68a5ab066abae1f07f8534cfcbdb2fd55ba30af65c39bba379aef3be6ab,2017-01-31,Cars,cars,Electric,12,12,reported_numeric
25c9a68a5ab066abae1f07f8534cfcbdb2fd55ba30af65c39bba379aef3be6ab,2017-01-31,Cars,cars,Petrol,577907,577907,reported_numeric
25c9a68a5ab066abae1f07f8534cfcbdb2fd55ba30af65c39bba379aef3be6ab,2017-01-31,Cars,cars,Petrol-CNG,1677,1677,reported_numeric
25c9a68a5ab066abae1f07f8534cfcbdb2fd55ba30af65c39bba379aef3be6ab,2017-01-31,Cars,cars,Petrol-Electric,10848,10848,reported_numeric
25c9a68a5ab066abae1f07f8534cfcbdb2fd55ba30af65c39bba379aef3be6ab,2017-01-31,Cars,cars,Petrol-Electric (Plug-In),125,125,reported_numeric
25c9a68a5ab066abae1f07f8534cfcbdb2fd55ba30af65c39bba379aef3be6ab,2017-01-31,Goods & Other Vehicles,goods_and_other_vehicles,CNG,3,3,reported_numeric
25c9a68a5ab066abae1f07f8534cfcbdb2fd55ba30af65c39bba379aef3be6ab,2017-01-31,Goods & Other Vehicles,goods_and_other_vehicles,Diesel,136602,136602,reported_numeric
25c9a68a5ab066abae1f07f8534cfcbdb2fd55ba30af65c39bba379aef3be6ab,2017-01-31,Goods & Other Vehicles,goods_and_other_vehicles,Diesel-Electric,7,7,reported_numeric
25c9a68a5ab066abae1f07f8534cfcbdb2fd55ba30af65c39bba379aef3be6ab,2017-01-31,Goods & Other Vehicles,goods_and_other_vehicles,Electric,18,18,reported_numeric
25c9a68a5ab066abae1f07f8534cfcbdb2fd55ba30af65c39bba379aef3be6ab,2017-01-31,Goods & Other Vehicles,goods_and_other_vehicles,Petrol,7042,7042,reported_numeric
25c9a68a5ab066abae1f07f8534cfcbdb2fd55ba30af65c39bba379aef3be6ab,2017-01-31,Goods & Other Vehicles,goods_and_other_vehicles,Petrol-CNG,5,5,reported_numeric
25c9a68a5ab066abae1f07f8534cfcbdb2fd55ba30af65c39bba379aef3be6ab,2017-01-31,Goods & Other Vehicles,goods_and_other_vehicles,Petrol-Electric,1,1,reported_numeric
25c9a68a5ab066abae1f07f8534cfcbdb2fd55ba30af65c39bba379aef3be6ab,2017-01-31,Motor-cycles,motorcycles,Electric,2,2,reported_numeric
25c9a68a5ab066abae1f07f8534cfcbdb2fd55ba30af65c39bba379aef3be6ab,2017-01-31,Motor-cycles,motorcycles,Petrol,142236,142236,reported_numeric
25c9a68a5ab066abae1f07f8534cfcbdb2fd55ba30af65c39bba379aef3be6ab,2017-01-31,Taxis,taxis,CNG,0,0,reported_numeric
25c9a68a5ab066abae1f07f8534cfcbdb2fd55ba30af65c39bba379aef3be6ab,2017-01-31,Taxis,taxis,Diesel,23410,23410,reported_numeric
25c9a68a5ab066abae1f07f8534cfcbdb2fd55ba30af65c39bba379aef3be6ab,2017-01-31,Taxis,taxis,Petrol,235,235,reported_numeric
25c9a68a5ab066abae1f07f8534cfcbdb2fd55ba30af65c39bba379aef3be6ab,2017-01-31,Taxis,taxis,Petrol-CNG,1020,1020,reported_numeric
25c9a68a5ab066abae1f07f8534cfcbdb2fd55ba30af65c39bba379aef3be6ab,2017-01-31,Taxis,taxis,Petrol-Electric,2537,2537,reported_numeric
25c9a68a5ab066abae1f07f8534cfcbdb2fd55ba30af65c39bba379aef3be6ab,2017-02-28,Buses,buses,CNG,12,12,reported_numeric
25c9a68a5ab066abae1f07f8534cfcbdb2fd55ba30af65c39bba379aef3be6ab,2017-02-28,Buses,buses,Diesel,18252,18252,reported_numeric
25c9a68a5ab066abae1f07f8534cfcbdb2fd55ba30af65c39bba379aef3be6ab,2017-02-28,Buses,buses,Diesel-Electric,3,3,reported_numeric
25c9a68a5ab066abae1f07f8534cfcbdb2fd55ba30af65c39bba379aef3be6ab,2017-02-28,Buses,buses,Electric,1,1,reported_numeric
25c9a68a5ab066abae1f07f8534cfcbdb2fd55ba30af65c39bba379aef3be6ab,2017-02-28,Buses,buses,Petrol,70,70,reported_numeric
25c9a68a5ab066abae1f07f8534cfcbdb2fd55ba30af65c39bba379aef3be6ab,2017-02-28,Buses,buses,Petrol-CNG,2,2,reported_numeric
25c9a68a5ab066abae1f07f8534cfcbdb2fd55ba30af65c39bba379aef3be6ab,2017-02-28,Cars,cars,CNG,0,0,reported_numeric
25c9a68a5ab066abae1f07f8534cfcbdb2fd55ba30af65c39bba379aef3be6ab,2017-02-28,Cars,cars,Diesel,11242,11242,reported_numeric
25c9a68a5ab066abae1f07f8534cfcbdb2fd55ba30af65c39bba379aef3be6ab,2017-02-28,Cars,cars,Diesel-Electric,22,22,reported_numeric
25c9a68a5ab066abae1f07f8534cfcbdb2fd55ba30af65c39bba379aef3be6ab,2017-02-28,Cars,cars,Electric,12,12,reported_numeric
25c9a68a5ab066abae1f07f8534cfcbdb2fd55ba30af65c39bba379aef3be6ab,2017-02-28,Cars,cars,Petrol,577180,577180,reported_numeric
25c9a68a5ab066abae1f07f8534cfcbdb2fd55ba30af65c39bba379aef3be6ab,2017-02-28,Cars,cars,Petrol-CNG,1667,1667,reported_numeric
25c9a68a5ab066abae1f07f8534cfcbdb2fd55ba30af65c39bba379aef3be6ab,2017-02-28,Cars,cars,Petrol-Electric,11201,11201,reported_numeric
25c9a68a5ab066abae1f07f8534cfcbdb2fd55ba30af65c39bba379aef3be6ab,2017-02-28,Cars,cars,Petrol-Electric (Plug-In),127,127,reported_numeric
25c9a68a5ab066abae1f07f8534cfcbdb2fd55ba30af65c39bba379aef3be6ab,2017-02-28,Goods & Other Vehicles,goods_and_other_vehicles,CNG,3,3,reported_numeric
25c9a68a5ab066abae1f07f8534cfcbdb2fd55ba30af65c39bba379aef3be6ab,2017-02-28,Goods & Other Vehicles,goods_and_other_vehicles,Diesel,136312,136312,reported_numeric
25c9a68a5ab066abae1f07f8534cfcbdb2fd55ba30af65c39bba379aef3be6ab,2017-02-28,Goods & Other Vehicles,goods_and_other_vehicles,Diesel-Electric,7,7,reported_numeric
25c9a68a5ab066abae1f07f8534cfcbdb2fd55ba30af65c39bba379aef3be6ab,2017-02-28,Goods & Other Vehicles,goods_and_other_vehicles,Electric,18,18,reported_numeric
25c9a68a5ab066abae1f07f8534cfcbdb2fd55ba30af65c39bba379aef3be6ab,2017-02-28,Goods & Other Vehicles,goods_and_other_vehicles,Petrol,6860,6860,reported_numeric
25c9a68a5ab066abae1f07f8534cfcbdb2fd55ba30af65c39bba379aef3be6ab,2017-02-28,Goods & Other Vehicles,goods_and_other_vehicles,Petrol-CNG,5,5,reported_numeric
25c9a68a5ab066abae1f07f8534cfcbdb2fd55ba30af65c39bba379aef3be6ab,2017-02-28,Goods & Other Vehicles,goods_and_other_vehicles,Petrol-Electric,1,1,reported_numeric
25c9a68a5ab066abae1f07f8534cfcbdb2fd55ba30af65c39bba379aef3be6ab,2017-02-28,Motor-cycles,motorcycles,Electric,2,2,reported_numeric
25c9a68a5ab066abae1f07f8534cfcbdb2fd55ba30af65c39bba379aef3be6ab,2017-02-28,Motor-cycles,motorcycles,Petrol,142294,142294,reported_numeric
25c9a68a5ab066abae1f07f8534cfcbdb2fd55ba30af65c39bba379aef3be6ab,2017-02-28,Taxis,taxis,CNG,0,0,reported_numeric
25c9a68a5ab066abae1f07f8534cfcbdb2fd55ba30af65c39bba379aef3be6ab,2017-02-28,Taxis,taxis,Diesel,23208,23208,reported_numeric
25c9a68a5ab066abae1f07f8534cfcbdb2fd55ba30af65c39bba379aef3be6ab,2017-02-28,Taxis,taxis,Petrol,205,205,reported_numeric
25c9a68a5ab066abae1f07f8534cfcbdb2fd55ba30af65c39bba379aef3be6ab,2017-02-28,Taxis,taxis,Petrol-CNG,1007,1007,reported_numeric
25c9a68a5ab066abae1f07f8534cfcbdb2fd55ba30af65c39bba379aef3be6ab,2017-02-28,Taxis,taxis,Petrol-Electric,2566,2566,reported_numeric
25c9a68a5ab066abae1f07f8534cfcbdb2fd55ba30af65c39bba379aef3be6ab,2017-03-31,Buses,buses,CNG,12,12,reported_numeric
25c9a68a5ab066abae1f07f8534cfcbdb2fd55ba30af65c39bba379aef3be6ab,2017-03-31,Buses,buses,Diesel,18044,18044,reported_numeric
25c9a68a5ab066abae1f07f8534cfcbdb2fd55ba30af65c39bba379aef3be6ab,2017-03-31,Buses,buses,Diesel-Electric,3,3,reported_numeric
25c9a68a5ab066abae1f07f8534cfcbdb2fd55ba30af65c39bba379aef3be6ab,2017-03-31,Buses,buses,Electric,1,1,reported_numeric
25c9a68a5ab066abae1f07f8534cfcbdb2fd55ba30af65c39bba379aef3be6ab,2017-03-31,Buses,buses,Petrol,55,55,reported_numeric
25c9a68a5ab066abae1f07f8534cfcbdb2fd55ba30af65c39bba379aef3be6ab,2017-03-31,Buses,buses,Petrol-CNG,2,2,reported_numeric
25c9a68a5ab066abae1f07f8534cfcbdb2fd55ba30af65c39bba379aef3be6ab,2017-03-31,Cars,cars,CNG,0,0,reported_numeric
25c9a68a5ab066abae1f07f8534cfcbdb2fd55ba30af65c39bba379aef3be6ab,2017-03-31,Cars,cars,Diesel,11712,11712,reported_numeric
25c9a68a5ab066abae1f07f8534cfcbdb2fd55ba30af65c39bba379aef3be6ab,2017-03-31,Cars,cars,Diesel-Electric,22,22,reported_numeric
25c9a68a5ab066abae1f07f8534cfcbdb2fd55ba30af65c39bba379aef3be6ab,2017-03-31,Cars,cars,Electric,12,12,reported_numeric
25c9a68a5ab066abae1f07f8534cfcbdb2fd55ba30af65c39bba379aef3be6ab,2017-03-31,Cars,cars,Petrol,577069,577069,reported_numeric
25c9a68a5ab066abae1f07f8534cfcbdb2fd55ba30af65c39bba379aef3be6ab,2017-03-31,Cars,cars,Petrol-CNG,1661,1661,reported_numeric
25c9a68a5ab066abae1f07f8534cfcbdb2fd55ba30af65c39bba379aef3be6ab,2017-03-31,Cars,cars,Petrol-Electric,11907,11907,reported_numeric
25c9a68a5ab066abae1f07f8534cfcbdb2fd55ba30af65c39bba379aef3be6ab,2017-03-31,Cars,cars,Petrol-Electric (Plug-In),129,129,reported_numeric
25c9a68a5ab066abae1f07f8534cfcbdb2fd55ba30af65c39bba379aef3be6ab,2017-03-31,Goods & Other Vehicles,goods_and_other_vehicles,CNG,3,3,reported_numeric
25c9a68a5ab066abae1f07f8534cfcbdb2fd55ba30af65c39bba379aef3be6ab,2017-03-31,Goods & Other Vehicles,goods_and_other_vehicles,Diesel,132799,132799,reported_numeric
25c9a68a5ab066abae1f07f8534cfcbdb2fd55ba30af65c39bba379aef3be6ab,2017-03-31,Goods & Other Vehicles,goods_and_other_vehicles,Diesel-Electric,7,7,reported_numeric
25c9a68a5ab066abae1f07f8534cfcbdb2fd55ba30af65c39bba379aef3be6ab,2017-03-31,Goods & Other Vehicles,goods_and_other_vehicles,Electric,18,18,reported_numeric
25c9a68a5ab066abae1f07f8534cfcbdb2fd55ba30af65c39bba379aef3be6ab,2017-03-31,Goods & Other Vehicles,goods_and_other_vehicles,Petrol,5305,5305,reported_numeric
25c9a68a5ab066abae1f07f8534cfcbdb2fd55ba30af65c39bba379aef3be6ab,2017-03-31,Goods & Other Vehicles,goods_and_other_vehicles,Petrol-CNG,4,4,reported_numeric
25c9a68a5ab066abae1f07f8534cfcbdb2fd55ba30af65c39bba379aef3be6ab,2017-03-31,Goods & Other Vehicles,goods_and_other_vehicles,Petrol-Electric,1,1,reported_numeric
25c9a68a5ab066abae1f07f8534cfcbdb2fd55ba30af65c39bba379aef3be6ab,2017-03-31,Motor-cycles,motorcycles,Electric,2,2,reported_numeric
25c9a68a5ab066abae1f07f8534cfcbdb2fd55ba30af65c39bba379aef3be6ab,2017-03-31,Motor-cycles,motorcycles,Petrol,142086,142086,reported_numeric
25c9a68a5ab066abae1f07f8534cfcbdb2fd55ba30af65c39bba379aef3be6ab,2017-03-31,Taxis,taxis,CNG,0,0,reported_numeric
25c9a68a5ab066abae1f07f8534cfcbdb2fd55ba30af65c39bba379aef3be6ab,2017-03-31,Taxis,taxis,Diesel,22931,22931,reported_numeric
25c9a68a5ab066abae1f07f8534cfcbdb2fd55ba30af65c39bba379aef3be6ab,2017-03-31,Taxis,taxis,Petrol,193,193,reported_numeric
25c9a68a5ab066abae1f07f8534cfcbdb2fd55ba30af65c39bba379aef3be6ab,2017-03-31,Taxis,taxis,Petrol-CNG,999,999,reported_numeric
25c9a68a5ab066abae1f07f8534cfcbdb2fd55ba30af65c39bba379aef3be6ab,2017-03-31,Taxis,taxis,Petrol-Electric,2611,2611,reported_numeric
25c9a68a5ab066abae1f07f8534cfcbdb2fd55ba30af65c39bba379aef3be6ab,2017-04-30,Buses,buses,CNG,12,12,reported_numeric
25c9a68a5ab066abae1f07f8534cfcbdb2fd55ba30af65c39bba379aef3be6ab,2017-04-30,Buses,buses,Diesel,18040,18040,reported_numeric
25c9a68a5ab066abae1f07f8534cfcbdb2fd55ba30af65c39bba379aef3be6ab,2017-04-30,Buses,buses,Diesel-Electric,3,3,reported_numeric
25c9a68a5ab066abae1f07f8534cfcbdb2fd55ba30af65c39bba379aef3be6ab,2017-04-30,Buses,buses,Electric,1,1,reported_numeric
25c9a68a5ab066abae1f07f8534cfcbdb2fd55ba30af65c39bba379aef3be6ab,2017-04-30,Buses,buses,Petrol,52,52,reported_numeric
25c9a68a5ab066abae1f07f8534cfcbdb2fd55ba30af65c39bba379aef3be6ab,2017-04-30,Buses,buses,Petrol-CNG,1,1,reported_numeric
25c9a68a5ab066abae1f07f8534cfcbdb2fd55ba30af65c39bba379aef3be6ab,2017-04-30,Cars,cars,CNG,0,0,reported_numeric
25c9a68a5ab066abae1f07f8534cfcbdb2fd55ba30af65c39bba379aef3be6ab,2017-04-30,Cars,cars,Diesel,12106,12106,reported_numeric
25c9a68a5ab066abae1f07f8534cfcbdb2fd55ba30af65c39bba379aef3be6ab,2017-04-30,Cars,cars,Diesel-Electric,22,22,reported_numeric
25c9a68a5ab066abae1f07f8534cfcbdb2fd55ba30af65c39bba379aef3be6ab,2017-04-30,Cars,cars,Electric,12,12,reported_numeric
25c9a68a5ab066abae1f07f8534cfcbdb2fd55ba30af65c39bba379aef3be6ab,2017-04-30,Cars,cars,Petrol,576452,576452,reported_numeric
25c9a68a5ab066abae1f07f8534cfcbdb2fd55ba30af65c39bba379aef3be6ab,2017-04-30,Cars,cars,Petrol-CNG,1650,1650,reported_numeric
25c9a68a5ab066abae1f07f8534cfcbdb2fd55ba30af65c39bba379aef3be6ab,2017-04-30,Cars,cars,Petrol-Electric,12411,12411,reported_numeric
25c9a68a5ab066abae1f07f8534cfcbdb2fd55ba30af65c39bba379aef3be6ab,2017-04-30,Cars,cars,Petrol-Electric (Plug-In),131,131,reported_numeric
25c9a68a5ab066abae1f07f8534cfcbdb2fd55ba30af65c39bba379aef3be6ab,2017-04-30,Goods & Other Vehicles,goods_and_other_vehicles,CNG,3,3,reported_numeric
25c9a68a5ab066abae1f07f8534cfcbdb2fd55ba30af65c39bba379aef3be6ab,2017-04-30,Goods & Other Vehicles,goods_and_other_vehicles,Diesel,132297,132297,reported_numeric
25c9a68a5ab066abae1f07f8534cfcbdb2fd55ba30af65c39bba379aef3be6ab,2017-04-30,Goods & Other Vehicles,goods_and_other_vehicles,Diesel-Electric,7,7,reported_numeric
25c9a68a5ab066abae1f07f8534cfcbdb2fd55ba30af65c39bba379aef3be6ab,2017-04-30,Goods & Other Vehicles,goods_and_other_vehicles,Electric,18,18,reported_numeric
25c9a68a5ab066abae1f07f8534cfcbdb2fd55ba30af65c39bba379aef3be6ab,2017-04-30,Goods & Other Vehicles,goods_and_other_vehicles,Petrol,4981,4981,reported_numeric
25c9a68a5ab066abae1f07f8534cfcbdb2fd55ba30af65c39bba379aef3be6ab,2017-04-30,Goods & Other Vehicles,goods_and_other_vehicles,Petrol-CNG,4,4,reported_numeric
25c9a68a5ab066abae1f07f8534cfcbdb2fd55ba30af65c39bba379aef3be6ab,2017-04-30,Goods & Other Vehicles,goods_and_other_vehicles,Petrol-Electric,1,1,reported_numeric
25c9a68a5ab066abae1f07f8534cfcbdb2fd55ba30af65c39bba379aef3be6ab,2017-04-30,Motor-cycles,motorcycles,Electric,2,2,reported_numeric
25c9a68a5ab066abae1f07f8534cfcbdb2fd55ba30af65c39bba379aef3be6ab,2017-04-30,Motor-cycles,motorcycles,Petrol,141692,141692,reported_numeric
25c9a68a5ab066abae1f07f8534cfcbdb2fd55ba30af65c39bba379aef3be6ab,2017-04-30,Taxis,taxis,CNG,0,0,reported_numeric
25c9a68a5ab066abae1f07f8534cfcbdb2fd55ba30af65c39bba379aef3be6ab,2017-04-30,Taxis,taxis,Diesel,22733,22733,reported_numeric
25c9a68a5ab066abae1f07f8534cfcbdb2fd55ba30af65c39bba379aef3be6ab,2017-04-30,Taxis,taxis,Petrol,179,179,reported_numeric
25c9a68a5ab066abae1f07f8534cfcbdb2fd55ba30af65c39bba379aef3be6ab,2017-04-30,Taxis,taxis,Petrol-CNG,964,964,reported_numeric
25c9a68a5ab066abae1f07f8534cfcbdb2fd55ba30af65c39bba379aef3be6ab,2017-04-30,Taxis,taxis,Petrol-Electric,2600,2600,reported_numeric
25c9a68a5ab066abae1f07f8534cfcbdb2fd55ba30af65c39bba379aef3be6ab,2017-05-31,Buses,buses,CNG,12,12,reported_numeric
25c9a68a5ab066abae1f07f8534cfcbdb2fd55ba30af65c39bba379aef3be6ab,2017-05-31,Buses,buses,Diesel,18068,18068,reported_numeric
25c9a68a5ab066abae1f07f8534cfcbdb2fd55ba30af65c39bba379aef3be6ab,2017-05-31,Buses,buses,Diesel-Electric,3,3,reported_numeric
25c9a68a5ab066abae1f07f8534cfcbdb2fd55ba30af65c39bba379aef3be6ab,2017-05-31,Buses,buses,Electric,1,1,reported_numeric
25c9a68a5ab066abae1f07f8534cfcbdb2fd55ba30af65c39bba379aef3be6ab,2017-05-31,Buses,buses,Petrol,51,51,reported_numeric
25c9a68a5ab066abae1f07f8534cfcbdb2fd55ba30af65c39bba379aef3be6ab,2017-05-31,Buses,buses,Petrol-CNG,1,1,reported_numeric
25c9a68a5ab066abae1f07f8534cfcbdb2fd55ba30af65c39bba379aef3be6ab,2017-05-31,Cars,cars,CNG,0,0,reported_numeric
25c9a68a5ab066abae1f07f8534cfcbdb2fd55ba30af65c39bba379aef3be6ab,2017-05-31,Cars,cars,Diesel,12510,12510,reported_numeric
25c9a68a5ab066abae1f07f8534cfcbdb2fd55ba30af65c39bba379aef3be6ab,2017-05-31,Cars,cars,Diesel-Electric,22,22,reported_numeric
25c9a68a5ab066abae1f07f8534cfcbdb2fd55ba30af65c39bba379aef3be6ab,2017-05-31,Cars,cars,Electric,12,12,reported_numeric
25c9a68a5ab066abae1f07f8534cfcbdb2fd55ba30af65c39bba379aef3be6ab,2017-05-31,Cars,cars,Petrol,576705,576705,reported_numeric
25c9a68a5ab066abae1f07f8534cfcbdb2fd55ba30af65c39bba379aef3be6ab,2017-05-31,Cars,cars,Petrol-CNG,1604,1604,reported_numeric
25c9a68a5ab066abae1f07f8534cfcbdb2fd55ba30af65c39bba379aef3be6ab,2017-05-31,Cars,cars,Petrol-Electric,13169,13169,reported_numeric
25c9a68a5ab066abae1f07f8534cfcbdb2fd55ba30af65c39bba379aef3be6ab,2017-05-31,Cars,cars,Petrol-Electric (Plug-In),132,132,reported_numeric
25c9a68a5ab066abae1f07f8534cfcbdb2fd55ba30af65c39bba379aef3be6ab,2017-05-31,Goods & Other Vehicles,goods_and_other_vehicles,CNG,3,3,reported_numeric
25c9a68a5ab066abae1f07f8534cfcbdb2fd55ba30af65c39bba379aef3be6ab,2017-05-31,Goods & Other Vehicles,goods_and_other_vehicles,Diesel,132989,132989,reported_numeric
25c9a68a5ab066abae1f07f8534cfcbdb2fd55ba30af65c39bba379aef3be6ab,2017-05-31,Goods & Other Vehicles,goods_and_other_vehicles,Diesel-Electric,7,7,reported_numeric
25c9a68a5ab066abae1f07f8534cfcbdb2fd55ba30af65c39bba379aef3be6ab,2017-05-31,Goods & Other Vehicles,goods_and_other_vehicles,Electric,18,18,reported_numeric
25c9a68a5ab066abae1f07f8534cfcbdb2fd55ba30af65c39bba379aef3be6ab,2017-05-31,Goods & Other Vehicles,goods_and_other_vehicles,Petrol,4992,4992,reported_numeric
25c9a68a5ab066abae1f07f8534cfcbdb2fd55ba30af65c39bba379aef3be6ab,2017-05-31,Goods & Other Vehicles,goods_and_other_vehicles,Petrol-CNG,4,4,reported_numeric
25c9a68a5ab066abae1f07f8534cfcbdb2fd55ba30af65c39bba379aef3be6ab,2017-05-31,Goods & Other Vehicles,goods_and_other_vehicles,Petrol-Electric,1,1,reported_numeric
25c9a68a5ab066abae1f07f8534cfcbdb2fd55ba30af65c39bba379aef3be6ab,2017-05-31,Motor-cycles,motorcycles,Electric,2,2,reported_numeric
25c9a68a5ab066abae1f07f8534cfcbdb2fd55ba30af65c39bba379aef3be6ab,2017-05-31,Motor-cycles,motorcycles,Petrol,141588,141588,reported_numeric
25c9a68a5ab066abae1f07f8534cfcbdb2fd55ba30af65c39bba379aef3be6ab,2017-05-31,Taxis,taxis,CNG,0,0,reported_numeric
25c9a68a5ab066abae1f07f8534cfcbdb2fd55ba30af65c39bba379aef3be6ab,2017-05-31,Taxis,taxis,Diesel,22390,22390,reported_numeric
25c9a68a5ab066abae1f07f8534cfcbdb2fd55ba30af65c39bba379aef3be6ab,2017-05-31,Taxis,taxis,Petrol,172,172,reported_numeric
25c9a68a5ab066abae1f07f8534cfcbdb2fd55ba30af65c39bba379aef3be6ab,2017-05-31,Taxis,taxis,Petrol-CNG,862,862,reported_numeric
25c9a68a5ab066abae1f07f8534cfcbdb2fd55ba30af65c39bba379aef3be6ab,2017-05-31,Taxis,taxis,Petrol-Electric,2748,2748,reported_numeric
25c9a68a5ab066abae1f07f8534cfcbdb2fd55ba30af65c39bba379aef3be6ab,2017-06-30,Buses,buses,CNG,12,12,reported_numeric
25c9a68a5ab066abae1f07f8534cfcbdb2fd55ba30af65c39bba379aef3be6ab,2017-06-30,Buses,buses,Diesel,18115,18115,reported_numeric
25c9a68a5ab066abae1f07f8534cfcbdb2fd55ba30af65c39bba379aef3be6ab,2017-06-30,Buses,buses,Diesel-Electric,3,3,reported_numeric
25c9a68a5ab066abae1f07f8534cfcbdb2fd55ba30af65c39bba379aef3be6ab,2017-06-30,Buses,buses,Electric,1,1,reported_numeric
25c9a68a5ab066abae1f07f8534cfcbdb2fd55ba30af65c39bba379aef3be6ab,2017-06-30,Buses,buses,Petrol,51,51,reported_numeric
25c9a68a5ab066abae1f07f8534cfcbdb2fd55ba30af65c39bba379aef3be6ab,2017-06-30,Buses,buses,Petrol-CNG,1,1,reported_numeric
25c9a68a5ab066abae1f07f8534cfcbdb2fd55ba30af65c39bba379aef3be6ab,2017-06-30,Cars,cars,CNG,0,0,reported_numeric
25c9a68a5ab066abae1f07f8534cfcbdb2fd55ba30af65c39bba379aef3be6ab,2017-06-30,Cars,cars,Diesel,13008,13008,reported_numeric
25c9a68a5ab066abae1f07f8534cfcbdb2fd55ba30af65c39bba379aef3be6ab,2017-06-30,Cars,cars,Diesel-Electric,22,22,reported_numeric
25c9a68a5ab066abae1f07f8534cfcbdb2fd55ba30af65c39bba379aef3be6ab,2017-06-30,Cars,cars,Electric,12,12,reported_numeric
25c9a68a5ab066abae1f07f8534cfcbdb2fd55ba30af65c39bba379aef3be6ab,2017-06-30,Cars,cars,Petrol,577177,577177,reported_numeric
25c9a68a5ab066abae1f07f8534cfcbdb2fd55ba30af65c39bba379aef3be6ab,2017-06-30,Cars,cars,Petrol-CNG,1242,1242,reported_numeric
25c9a68a5ab066abae1f07f8534cfcbdb2fd55ba30af65c39bba379aef3be6ab,2017-06-30,Cars,cars,Petrol-Electric,14139,14139,reported_numeric
25c9a68a5ab066abae1f07f8534cfcbdb2fd55ba30af65c39bba379aef3be6ab,2017-06-30,Cars,cars,Petrol-Electric (Plug-In),132,132,reported_numeric
25c9a68a5ab066abae1f07f8534cfcbdb2fd55ba30af65c39bba379aef3be6ab,2017-06-30,Goods & Other Vehicles,goods_and_other_vehicles,CNG,3,3,reported_numeric
25c9a68a5ab066abae1f07f8534cfcbdb2fd55ba30af65c39bba379aef3be6ab,2017-06-30,Goods & Other Vehicles,goods_and_other_vehicles,Diesel,133771,133771,reported_numeric
25c9a68a5ab066abae1f07f8534cfcbdb2fd55ba30af65c39bba379aef3be6ab,2017-06-30,Goods & Other Vehicles,goods_and_other_vehicles,Diesel-Electric,7,7,reported_numeric
25c9a68a5ab066abae1f07f8534cfcbdb2fd55ba30af65c39bba379aef3be6ab,2017-06-30,Goods & Other Vehicles,goods_and_other_vehicles,Electric,18,18,reported_numeric
25c9a68a5ab066abae1f07f8534cfcbdb2fd55ba30af65c39bba379aef3be6ab,2017-06-30,Goods & Other Vehicles,goods_and_other_vehicles,Petrol,5044,5044,reported_numeric
25c9a68a5ab066abae1f07f8534cfcbdb2fd55ba30af65c39bba379aef3be6ab,2017-06-30,Goods & Other Vehicles,goods_and_other_vehicles,Petrol-CNG,3,3,reported_numeric
25c9a68a5ab066abae1f07f8534cfcbdb2fd55ba30af65c39bba379aef3be6ab,2017-06-30,Goods & Other Vehicles,goods_and_other_vehicles,Petrol-Electric,1,1,reported_numeric
25c9a68a5ab066abae1f07f8534cfcbdb2fd55ba30af65c39bba379aef3be6ab,2017-06-30,Motor-cycles,motorcycles,Electric,2,2,reported_numeric
25c9a68a5ab066abae1f07f8534cfcbdb2fd55ba30af65c39bba379aef3be6ab,2017-06-30,Motor-cycles,motorcycles,Petrol,141501,141501,reported_numeric
25c9a68a5ab066abae1f07f8534cfcbdb2fd55ba30af65c39bba379aef3be6ab,2017-06-30,Taxis,taxis,CNG,0,0,reported_numeric
25c9a68a5ab066abae1f07f8534cfcbdb2fd55ba30af65c39bba379aef3be6ab,2017-06-30,Taxis,taxis,Diesel,21916,21916,reported_numeric
25c9a68a5ab066abae1f07f8534cfcbdb2fd55ba30af65c39bba379aef3be6ab,2017-06-30,Taxis,taxis,Petrol,160,160,reported_numeric
25c9a68a5ab066abae1f07f8534cfcbdb2fd55ba30af65c39bba379aef3be6ab,2017-06-30,Taxis,taxis,Petrol-CNG,722,722,reported_numeric
25c9a68a5ab066abae1f07f8534cfcbdb2fd55ba30af65c39bba379aef3be6ab,2017-06-30,Taxis,taxis,Petrol-Electric,2901,2901,reported_numeric
25c9a68a5ab066abae1f07f8534cfcbdb2fd55ba30af65c39bba379aef3be6ab,2017-07-31,Buses,buses,CNG,12,12,reported_numeric
25c9a68a5ab066abae1f07f8534cfcbdb2fd55ba30af65c39bba379aef3be6ab,2017-07-31,Buses,buses,Diesel,18176,18176,reported_numeric
25c9a68a5ab066abae1f07f8534cfcbdb2fd55ba30af65c39bba379aef3be6ab,2017-07-31,Buses,buses,Diesel-Electric,3,3,reported_numeric
25c9a68a5ab066abae1f07f8534cfcbdb2fd55ba30af65c39bba379aef3be6ab,2017-07-31,Buses,buses,Electric,1,1,reported_numeric
25c9a68a5ab066abae1f07f8534cfcbdb2fd55ba30af65c39bba379aef3be6ab,2017-07-31,Buses,buses,Petrol,50,50,reported_numeric
25c9a68a5ab066abae1f07f8534cfcbdb2fd55ba30af65c39bba379aef3be6ab,2017-07-31,Buses,buses,Petrol-CNG,1,1,reported_numeric
25c9a68a5ab066abae1f07f8534cfcbdb2fd55ba30af65c39bba379aef3be6ab,2017-07-31,Cars,cars,CNG,0,0,reported_numeric
25c9a68a5ab066abae1f07f8534cfcbdb2fd55ba30af65c39bba379aef3be6ab,2017-07-31,Cars,cars,Diesel,13466,13466,reported_numeric
25c9a68a5ab066abae1f07f8534cfcbdb2fd55ba30af65c39bba379aef3be6ab,2017-07-31,Cars,cars,Diesel-Electric,22,22,reported_numeric
25c9a68a5ab066abae1f07f8534cfcbdb2fd55ba30af65c39bba379aef3be6ab,2017-07-31,Cars,cars,Electric,12,12,reported_numeric
25c9a68a5ab066abae1f07f8534cfcbdb2fd55ba30af65c39bba379aef3be6ab,2017-07-31,Cars,cars,Petrol,576287,576287,reported_numeric
25c9a68a5ab066abae1f07f8534cfcbdb2fd55ba30af65c39bba379aef3be6ab,2017-07-31,Cars,cars,Petrol-CNG,1164,1164,reported_numeric
25c9a68a5ab066abae1f07f8534cfcbdb2fd55ba30af65c39bba379aef3be6ab,2017-07-31,Cars,cars,Petrol-Electric,15420,15420,reported_numeric
25c9a68a5ab066abae1f07f8534cfcbdb2fd55ba30af65c39bba379aef3be6ab,2017-07-31,Cars,cars,Petrol-Electric (Plug-In),132,132,reported_numeric
25c9a68a5ab066abae1f07f8534cfcbdb2fd55ba30af65c39bba379aef3be6ab,2017-07-31,Goods & Other Vehicles,goods_and_other_vehicles,CNG,3,3,reported_numeric
25c9a68a5ab066abae1f07f8534cfcbdb2fd55ba30af65c39bba379aef3be6ab,2017-07-31,Goods & Other Vehicles,goods_and_other_vehicles,Diesel,134322,134322,reported_numeric
25c9a68a5ab066abae1f07f8534cfcbdb2fd55ba30af65c39bba379aef3be6ab,2017-07-31,Goods & Other Vehicles,goods_and_other_vehicles,Diesel-Electric,7,7,reported_numeric
25c9a68a5ab066abae1f07f8534cfcbdb2fd55ba30af65c39bba379aef3be6ab,2017-07-31,Goods & Other Vehicles,goods_and_other_vehicles,Electric,31,31,reported_numeric
25c9a68a5ab066abae1f07f8534cfcbdb2fd55ba30af65c39bba379aef3be6ab,2017-07-31,Goods & Other Vehicles,goods_and_other_vehicles,Petrol,5093,5093,reported_numeric
25c9a68a5ab066abae1f07f8534cfcbdb2fd55ba30af65c39bba379aef3be6ab,2017-07-31,Goods & Other Vehicles,goods_and_other_vehicles,Petrol-CNG,3,3,reported_numeric
25c9a68a5ab066abae1f07f8534cfcbdb2fd55ba30af65c39bba379aef3be6ab,2017-07-31,Goods & Other Vehicles,goods_and_other_vehicles,Petrol-Electric,1,1,reported_numeric
25c9a68a5ab066abae1f07f8534cfcbdb2fd55ba30af65c39bba379aef3be6ab,2017-07-31,Motor-cycles,motorcycles,Electric,2,2,reported_numeric
25c9a68a5ab066abae1f07f8534cfcbdb2fd55ba30af65c39bba379aef3be6ab,2017-07-31,Motor-cycles,motorcycles,Petrol,141532,141532,reported_numeric
25c9a68a5ab066abae1f07f8534cfcbdb2fd55ba30af65c39bba379aef3be6ab,2017-07-31,Taxis,taxis,CNG,0,0,reported_numeric
25c9a68a5ab066abae1f07f8534cfcbdb2fd55ba30af65c39bba379aef3be6ab,2017-07-31,Taxis,taxis,Diesel,21506,21506,reported_numeric
25c9a68a5ab066abae1f07f8534cfcbdb2fd55ba30af65c39bba379aef3be6ab,2017-07-31,Taxis,taxis,Petrol,149,149,reported_numeric
25c9a68a5ab066abae1f07f8534cfcbdb2fd55ba30af65c39bba379aef3be6ab,2017-07-31,Taxis,taxis,Petrol-CNG,585,585,reported_numeric
25c9a68a5ab066abae1f07f8534cfcbdb2fd55ba30af65c39bba379aef3be6ab,2017-07-31,Taxis,taxis,Petrol-Electric,3085,3085,reported_numeric
25c9a68a5ab066abae1f07f8534cfcbdb2fd55ba30af65c39bba379aef3be6ab,2017-08-31,Buses,buses,CNG,12,12,reported_numeric
25c9a68a5ab066abae1f07f8534cfcbdb2fd55ba30af65c39bba379aef3be6ab,2017-08-31,Buses,buses,Diesel,18251,18251,reported_numeric
25c9a68a5ab066abae1f07f8534cfcbdb2fd55ba30af65c39bba379aef3be6ab,2017-08-31,Buses,buses,Diesel-Electric,3,3,reported_numeric
25c9a68a5ab066abae1f07f8534cfcbdb2fd55ba30af65c39bba379aef3be6ab,2017-08-31,Buses,buses,Electric,2,2,reported_numeric
25c9a68a5ab066abae1f07f8534cfcbdb2fd55ba30af65c39bba379aef3be6ab,2017-08-31,Buses,buses,Petrol,48,48,reported_numeric
25c9a68a5ab066abae1f07f8534cfcbdb2fd55ba30af65c39bba379aef3be6ab,2017-08-31,Buses,buses,Petrol-CNG,1,1,reported_numeric
25c9a68a5ab066abae1f07f8534cfcbdb2fd55ba30af65c39bba379aef3be6ab,2017-08-31,Cars,cars,CNG,0,0,reported_numeric
25c9a68a5ab066abae1f07f8534cfcbdb2fd55ba30af65c39bba379aef3be6ab,2017-08-31,Cars,cars,Diesel,13874,13874,reported_numeric
25c9a68a5ab066abae1f07f8534cfcbdb2fd55ba30af65c39bba379aef3be6ab,2017-08-31,Cars,cars,Diesel-Electric,22,22,reported_numeric
25c9a68a5ab066abae1f07f8534cfcbdb2fd55ba30af65c39bba379aef3be6ab,2017-08-31,Cars,cars,Electric,22,22,reported_numeric
25c9a68a5ab066abae1f07f8534cfcbdb2fd55ba30af65c39bba379aef3be6ab,2017-08-31,Cars,cars,Petrol,575674,575674,reported_numeric
25c9a68a5ab066abae1f07f8534cfcbdb2fd55ba30af65c39bba379aef3be6ab,2017-08-31,Cars,cars,Petrol-CNG,1111,1111,reported_numeric
25c9a68a5ab066abae1f07f8534cfcbdb2fd55ba30af65c39bba379aef3be6ab,2017-08-31,Cars,cars,Petrol-Electric,16703,16703,reported_numeric
25c9a68a5ab066abae1f07f8534cfcbdb2fd55ba30af65c39bba379aef3be6ab,2017-08-31,Cars,cars,Petrol-Electric (Plug-In),152,152,reported_numeric
25c9a68a5ab066abae1f07f8534cfcbdb2fd55ba30af65c39bba379aef3be6ab,2017-08-31,Goods & Other Vehicles,goods_and_other_vehicles,CNG,3,3,reported_numeric
25c9a68a5ab066abae1f07f8534cfcbdb2fd55ba30af65c39bba379aef3be6ab,2017-08-31,Goods & Other Vehicles,goods_and_other_vehicles,Diesel,135123,135123,reported_numeric
25c9a68a5ab066abae1f07f8534cfcbdb2fd55ba30af65c39bba379aef3be6ab,2017-08-31,Goods & Other Vehicles,goods_and_other_vehicles,Diesel-Electric,7,7,reported_numeric
25c9a68a5ab066abae1f07f8534cfcbdb2fd55ba30af65c39bba379aef3be6ab,2017-08-31,Goods & Other Vehicles,goods_and_other_vehicles,Electric,31,31,reported_numeric
25c9a68a5ab066abae1f07f8534cfcbdb2fd55ba30af65c39bba379aef3be6ab,2017-08-31,Goods & Other Vehicles,goods_and_other_vehicles,Petrol,5122,5122,reported_numeric
25c9a68a5ab066abae1f07f8534cfcbdb2fd55ba30af65c39bba379aef3be6ab,2017-08-31,Goods & Other Vehicles,goods_and_other_vehicles,Petrol-CNG,3,3,reported_numeric
25c9a68a5ab066abae1f07f8534cfcbdb2fd55ba30af65c39bba379aef3be6ab,2017-08-31,Goods & Other Vehicles,goods_and_other_vehicles,Petrol-Electric,1,1,reported_numeric
25c9a68a5ab066abae1f07f8534cfcbdb2fd55ba30af65c39bba379aef3be6ab,2017-08-31,Motor-cycles,motorcycles,Electric,2,2,reported_numeric
25c9a68a5ab066abae1f07f8534cfcbdb2fd55ba30af65c39bba379aef3be6ab,2017-08-31,Motor-cycles,motorcycles,Petrol,141313,141313,reported_numeric
25c9a68a5ab066abae1f07f8534cfcbdb2fd55ba30af65c39bba379aef3be6ab,2017-08-31,Taxis,taxis,CNG,0,0,reported_numeric
25c9a68a5ab066abae1f07f8534cfcbdb2fd55ba30af65c39bba379aef3be6ab,2017-08-31,Taxis,taxis,Diesel,20972,20972,reported_numeric
25c9a68a5ab066abae1f07f8534cfcbdb2fd55ba30af65c39bba379aef3be6ab,2017-08-31,Taxis,taxis,Petrol,149,149,reported_numeric
25c9a68a5ab066abae1f07f8534cfcbdb2fd55ba30af65c39bba379aef3be6ab,2017-08-31,Taxis,taxis,Petrol-CNG,440,440,reported_numeric
25c9a68a5ab066abae1f07f8534cfcbdb2fd55ba30af65c39bba379aef3be6ab,2017-08-31,Taxis,taxis,Petrol-Electric,3302,3302,reported_numeric
25c9a68a5ab066abae1f07f8534cfcbdb2fd55ba30af65c39bba379aef3be6ab,2017-09-30,Buses,buses,CNG,12,12,reported_numeric
25c9a68a5ab066abae1f07f8534cfcbdb2fd55ba30af65c39bba379aef3be6ab,2017-09-30,Buses,buses,Diesel,18306,18306,reported_numeric
25c9a68a5ab066abae1f07f8534cfcbdb2fd55ba30af65c39bba379aef3be6ab,2017-09-30,Buses,buses,Diesel-Electric,3,3,reported_numeric
25c9a68a5ab066abae1f07f8534cfcbdb2fd55ba30af65c39bba379aef3be6ab,2017-09-30,Buses,buses,Electric,2,2,reported_numeric
25c9a68a5ab066abae1f07f8534cfcbdb2fd55ba30af65c39bba379aef3be6ab,2017-09-30,Buses,buses,Petrol,46,46,reported_numeric
25c9a68a5ab066abae1f07f8534cfcbdb2fd55ba30af65c39bba379aef3be6ab,2017-09-30,Buses,buses,Petrol-CNG,1,1,reported_numeric
25c9a68a5ab066abae1f07f8534cfcbdb2fd55ba30af65c39bba379aef3be6ab,2017-09-30,Cars,cars,CNG,0,0,reported_numeric
25c9a68a5ab066abae1f07f8534cfcbdb2fd55ba30af65c39bba379aef3be6ab,2017-09-30,Cars,cars,Diesel,14151,14151,reported_numeric
25c9a68a5ab066abae1f07f8534cfcbdb2fd55ba30af65c39bba379aef3be6ab,2017-09-30,Cars,cars,Diesel-Electric,22,22,reported_numeric
25c9a68a5ab066abae1f07f8534cfcbdb2fd55ba30af65c39bba379aef3be6ab,2017-09-30,Cars,cars,Electric,33,33,reported_numeric
25c9a68a5ab066abae1f07f8534cfcbdb2fd55ba30af65c39bba379aef3be6ab,2017-09-30,Cars,cars,Petrol,574302,574302,reported_numeric
25c9a68a5ab066abae1f07f8534cfcbdb2fd55ba30af65c39bba379aef3be6ab,2017-09-30,Cars,cars,Petrol-CNG,1080,1080,reported_numeric
25c9a68a5ab066abae1f07f8534cfcbdb2fd55ba30af65c39bba379aef3be6ab,2017-09-30,Cars,cars,Petrol-Electric,17196,17196,reported_numeric
25c9a68a5ab066abae1f07f8534cfcbdb2fd55ba30af65c39bba379aef3be6ab,2017-09-30,Cars,cars,Petrol-Electric (Plug-In),165,165,reported_numeric
25c9a68a5ab066abae1f07f8534cfcbdb2fd55ba30af65c39bba379aef3be6ab,2017-09-30,Goods & Other Vehicles,goods_and_other_vehicles,CNG,3,3,reported_numeric
25c9a68a5ab066abae1f07f8534cfcbdb2fd55ba30af65c39bba379aef3be6ab,2017-09-30,Goods & Other Vehicles,goods_and_other_vehicles,Diesel,135701,135701,reported_numeric
25c9a68a5ab066abae1f07f8534cfcbdb2fd55ba30af65c39bba379aef3be6ab,2017-09-30,Goods & Other Vehicles,goods_and_other_vehicles,Diesel-Electric,7,7,reported_numeric
25c9a68a5ab066abae1f07f8534cfcbdb2fd55ba30af65c39bba379aef3be6ab,2017-09-30,Goods & Other Vehicles,goods_and_other_vehicles,Electric,31,31,reported_numeric
25c9a68a5ab066abae1f07f8534cfcbdb2fd55ba30af65c39bba379aef3be6ab,2017-09-30,Goods & Other Vehicles,goods_and_other_vehicles,Petrol,5084,5084,reported_numeric
25c9a68a5ab066abae1f07f8534cfcbdb2fd55ba30af65c39bba379aef3be6ab,2017-09-30,Goods & Other Vehicles,goods_and_other_vehicles,Petrol-CNG,3,3,reported_numeric
25c9a68a5ab066abae1f07f8534cfcbdb2fd55ba30af65c39bba379aef3be6ab,2017-09-30,Goods & Other Vehicles,goods_and_other_vehicles,Petrol-Electric,1,1,reported_numeric
25c9a68a5ab066abae1f07f8534cfcbdb2fd55ba30af65c39bba379aef3be6ab,2017-09-30,Motor-cycles,motorcycles,Electric,2,2,reported_numeric
25c9a68a5ab066abae1f07f8534cfcbdb2fd55ba30af65c39bba379aef3be6ab,2017-09-30,Motor-cycles,motorcycles,Petrol,141284,141284,reported_numeric
25c9a68a5ab066abae1f07f8534cfcbdb2fd55ba30af65c39bba379aef3be6ab,2017-09-30,Taxis,taxis,CNG,0,0,reported_numeric
25c9a68a5ab066abae1f07f8534cfcbdb2fd55ba30af65c39bba379aef3be6ab,2017-09-30,Taxis,taxis,Diesel,20445,20445,reported_numeric
25c9a68a5ab066abae1f07f8534cfcbdb2fd55ba30af65c39bba379aef3be6ab,2017-09-30,Taxis,taxis,Petrol,142,142,reported_numeric
25c9a68a5ab066abae1f07f8534cfcbdb2fd55ba30af65c39bba379aef3be6ab,2017-09-30,Taxis,taxis,Petrol-CNG,361,361,reported_numeric
25c9a68a5ab066abae1f07f8534cfcbdb2fd55ba30af65c39bba379aef3be6ab,2017-09-30,Taxis,taxis,Petrol-Electric,3520,3520,reported_numeric
25c9a68a5ab066abae1f07f8534cfcbdb2fd55ba30af65c39bba379aef3be6ab,2017-10-31,Buses,buses,CNG,12,12,reported_numeric
25c9a68a5ab066abae1f07f8534cfcbdb2fd55ba30af65c39bba379aef3be6ab,2017-10-31,Buses,buses,Diesel,18432,18432,reported_numeric
25c9a68a5ab066abae1f07f8534cfcbdb2fd55ba30af65c39bba379aef3be6ab,2017-10-31,Buses,buses,Diesel-Electric,3,3,reported_numeric
25c9a68a5ab066abae1f07f8534cfcbdb2fd55ba30af65c39bba379aef3be6ab,2017-10-31,Buses,buses,Electric,2,2,reported_numeric
25c9a68a5ab066abae1f07f8534cfcbdb2fd55ba30af65c39bba379aef3be6ab,2017-10-31,Buses,buses,Petrol,46,46,reported_numeric
25c9a68a5ab066abae1f07f8534cfcbdb2fd55ba30af65c39bba379aef3be6ab,2017-10-31,Buses,buses,Petrol-CNG,1,1,reported_numeric
25c9a68a5ab066abae1f07f8534cfcbdb2fd55ba30af65c39bba379aef3be6ab,2017-10-31,Cars,cars,CNG,0,0,reported_numeric
25c9a68a5ab066abae1f07f8534cfcbdb2fd55ba30af65c39bba379aef3be6ab,2017-10-31,Cars,cars,Diesel,14486,14486,reported_numeric
25c9a68a5ab066abae1f07f8534cfcbdb2fd55ba30af65c39bba379aef3be6ab,2017-10-31,Cars,cars,Diesel-Electric,22,22,reported_numeric
25c9a68a5ab066abae1f07f8534cfcbdb2fd55ba30af65c39bba379aef3be6ab,2017-10-31,Cars,cars,Electric,37,37,reported_numeric
25c9a68a5ab066abae1f07f8534cfcbdb2fd55ba30af65c39bba379aef3be6ab,2017-10-31,Cars,cars,Petrol,573630,573630,reported_numeric
25c9a68a5ab066abae1f07f8534cfcbdb2fd55ba30af65c39bba379aef3be6ab,2017-10-31,Cars,cars,Petrol-CNG,1053,1053,reported_numeric
25c9a68a5ab066abae1f07f8534cfcbdb2fd55ba30af65c39bba379aef3be6ab,2017-10-31,Cars,cars,Petrol-Electric,18069,18069,reported_numeric
25c9a68a5ab066abae1f07f8534cfcbdb2fd55ba30af65c39bba379aef3be6ab,2017-10-31,Cars,cars,Petrol-Electric (Plug-In),186,186,reported_numeric
25c9a68a5ab066abae1f07f8534cfcbdb2fd55ba30af65c39bba379aef3be6ab,2017-10-31,Goods & Other Vehicles,goods_and_other_vehicles,CNG,3,3,reported_numeric
25c9a68a5ab066abae1f07f8534cfcbdb2fd55ba30af65c39bba379aef3be6ab,2017-10-31,Goods & Other Vehicles,goods_and_other_vehicles,Diesel,136132,136132,reported_numeric
25c9a68a5ab066abae1f07f8534cfcbdb2fd55ba30af65c39bba379aef3be6ab,2017-10-31,Goods & Other Vehicles,goods_and_other_vehicles,Diesel-Electric,7,7,reported_numeric
25c9a68a5ab066abae1f07f8534cfcbdb2fd55ba30af65c39bba379aef3be6ab,2017-10-31,Goods & Other Vehicles,goods_and_other_vehicles,Electric,31,31,reported_numeric
25c9a68a5ab066abae1f07f8534cfcbdb2fd55ba30af65c39bba379aef3be6ab,2017-10-31,Goods & Other Vehicles,goods_and_other_vehicles,Petrol,5039,5039,reported_numeric
25c9a68a5ab066abae1f07f8534cfcbdb2fd55ba30af65c39bba379aef3be6ab,2017-10-31,Goods & Other Vehicles,goods_and_other_vehicles,Petrol-CNG,3,3,reported_numeric
25c9a68a5ab066abae1f07f8534cfcbdb2fd55ba30af65c39bba379aef3be6ab,2017-10-31,Goods & Other Vehicles,goods_and_other_vehicles,Petrol-Electric,1,1,reported_numeric
25c9a68a5ab066abae1f07f8534cfcbdb2fd55ba30af65c39bba379aef3be6ab,2017-10-31,Motor-cycles,motorcycles,Electric,2,2,reported_numeric
25c9a68a5ab066abae1f07f8534cfcbdb2fd55ba30af65c39bba379aef3be6ab,2017-10-31,Motor-cycles,motorcycles,Petrol,141097,141097,reported_numeric
25c9a68a5ab066abae1f07f8534cfcbdb2fd55ba30af65c39bba379aef3be6ab,2017-10-31,Taxis,taxis,CNG,0,0,reported_numeric
25c9a68a5ab066abae1f07f8534cfcbdb2fd55ba30af65c39bba379aef3be6ab,2017-10-31,Taxis,taxis,Diesel,19810,19810,reported_numeric
25c9a68a5ab066abae1f07f8534cfcbdb2fd55ba30af65c39bba379aef3be6ab,2017-10-31,Taxis,taxis,Petrol,135,135,reported_numeric
25c9a68a5ab066abae1f07f8534cfcbdb2fd55ba30af65c39bba379aef3be6ab,2017-10-31,Taxis,taxis,Petrol-CNG,280,280,reported_numeric
25c9a68a5ab066abae1f07f8534cfcbdb2fd55ba30af65c39bba379aef3be6ab,2017-10-31,Taxis,taxis,Petrol-Electric,3719,3719,reported_numeric
25c9a68a5ab066abae1f07f8534cfcbdb2fd55ba30af65c39bba379aef3be6ab,2017-11-30,Buses,buses,CNG,12,12,reported_numeric
25c9a68a5ab066abae1f07f8534cfcbdb2fd55ba30af65c39bba379aef3be6ab,2017-11-30,Buses,buses,Diesel,18511,18511,reported_numeric
25c9a68a5ab066abae1f07f8534cfcbdb2fd55ba30af65c39bba379aef3be6ab,2017-11-30,Buses,buses,Diesel-Electric,3,3,reported_numeric
25c9a68a5ab066abae1f07f8534cfcbdb2fd55ba30af65c39bba379aef3be6ab,2017-11-30,Buses,buses,Electric,2,2,reported_numeric
25c9a68a5ab066abae1f07f8534cfcbdb2fd55ba30af65c39bba379aef3be6ab,2017-11-30,Buses,buses,Petrol,43,43,reported_numeric
25c9a68a5ab066abae1f07f8534cfcbdb2fd55ba30af65c39bba379aef3be6ab,2017-11-30,Buses,buses,Petrol-CNG,1,1,reported_numeric
25c9a68a5ab066abae1f07f8534cfcbdb2fd55ba30af65c39bba379aef3be6ab,2017-11-30,Cars,cars,CNG,0,0,reported_numeric
25c9a68a5ab066abae1f07f8534cfcbdb2fd55ba30af65c39bba379aef3be6ab,2017-11-30,Cars,cars,Diesel,14934,14934,reported_numeric
25c9a68a5ab066abae1f07f8534cfcbdb2fd55ba30af65c39bba379aef3be6ab,2017-11-30,Cars,cars,Diesel-Electric,22,22,reported_numeric
25c9a68a5ab066abae1f07f8534cfcbdb2fd55ba30af65c39bba379aef3be6ab,2017-11-30,Cars,cars,Electric,93,93,reported_numeric
25c9a68a5ab066abae1f07f8534cfcbdb2fd55ba30af65c39bba379aef3be6ab,2017-11-30,Cars,cars,Petrol,573648,573648,reported_numeric
25c9a68a5ab066abae1f07f8534cfcbdb2fd55ba30af65c39bba379aef3be6ab,2017-11-30,Cars,cars,Petrol-CNG,1026,1026,reported_numeric
25c9a68a5ab066abae1f07f8534cfcbdb2fd55ba30af65c39bba379aef3be6ab,2017-11-30,Cars,cars,Petrol-Electric,18928,18928,reported_numeric
25c9a68a5ab066abae1f07f8534cfcbdb2fd55ba30af65c39bba379aef3be6ab,2017-11-30,Cars,cars,Petrol-Electric (Plug-In),191,191,reported_numeric
25c9a68a5ab066abae1f07f8534cfcbdb2fd55ba30af65c39bba379aef3be6ab,2017-11-30,Goods & Other Vehicles,goods_and_other_vehicles,CNG,3,3,reported_numeric
25c9a68a5ab066abae1f07f8534cfcbdb2fd55ba30af65c39bba379aef3be6ab,2017-11-30,Goods & Other Vehicles,goods_and_other_vehicles,Diesel,136549,136549,reported_numeric
25c9a68a5ab066abae1f07f8534cfcbdb2fd55ba30af65c39bba379aef3be6ab,2017-11-30,Goods & Other Vehicles,goods_and_other_vehicles,Diesel-Electric,7,7,reported_numeric
25c9a68a5ab066abae1f07f8534cfcbdb2fd55ba30af65c39bba379aef3be6ab,2017-11-30,Goods & Other Vehicles,goods_and_other_vehicles,Electric,31,31,reported_numeric
25c9a68a5ab066abae1f07f8534cfcbdb2fd55ba30af65c39bba379aef3be6ab,2017-11-30,Goods & Other Vehicles,goods_and_other_vehicles,Petrol,5029,5029,reported_numeric
25c9a68a5ab066abae1f07f8534cfcbdb2fd55ba30af65c39bba379aef3be6ab,2017-11-30,Goods & Other Vehicles,goods_and_other_vehicles,Petrol-CNG,3,3,reported_numeric
25c9a68a5ab066abae1f07f8534cfcbdb2fd55ba30af65c39bba379aef3be6ab,2017-11-30,Goods & Other Vehicles,goods_and_other_vehicles,Petrol-Electric,1,1,reported_numeric
25c9a68a5ab066abae1f07f8534cfcbdb2fd55ba30af65c39bba379aef3be6ab,2017-11-30,Motor-cycles,motorcycles,Electric,2,2,reported_numeric
25c9a68a5ab066abae1f07f8534cfcbdb2fd55ba30af65c39bba379aef3be6ab,2017-11-30,Motor-cycles,motorcycles,Petrol,141107,141107,reported_numeric
25c9a68a5ab066abae1f07f8534cfcbdb2fd55ba30af65c39bba379aef3be6ab,2017-11-30,Taxis,taxis,CNG,0,0,reported_numeric
25c9a68a5ab066abae1f07f8534cfcbdb2fd55ba30af65c39bba379aef3be6ab,2017-11-30,Taxis,taxis,Diesel,19231,19231,reported_numeric
25c9a68a5ab066abae1f07f8534cfcbdb2fd55ba30af65c39bba379aef3be6ab,2017-11-30,Taxis,taxis,Petrol,132,132,reported_numeric
25c9a68a5ab066abae1f07f8534cfcbdb2fd55ba30af65c39bba379aef3be6ab,2017-11-30,Taxis,taxis,Petrol-CNG,139,139,reported_numeric
25c9a68a5ab066abae1f07f8534cfcbdb2fd55ba30af65c39bba379aef3be6ab,2017-11-30,Taxis,taxis,Petrol-Electric,3937,3937,reported_numeric
25c9a68a5ab066abae1f07f8534cfcbdb2fd55ba30af65c39bba379aef3be6ab,2017-12-31,Buses,buses,CNG,12,12,reported_numeric
25c9a68a5ab066abae1f07f8534cfcbdb2fd55ba30af65c39bba379aef3be6ab,2017-12-31,Buses,buses,Diesel,18753,18753,reported_numeric
25c9a68a5ab066abae1f07f8534cfcbdb2fd55ba30af65c39bba379aef3be6ab,2017-12-31,Buses,buses,Diesel-Electric,3,3,reported_numeric
25c9a68a5ab066abae1f07f8534cfcbdb2fd55ba30af65c39bba379aef3be6ab,2017-12-31,Buses,buses,Electric,2,2,reported_numeric
25c9a68a5ab066abae1f07f8534cfcbdb2fd55ba30af65c39bba379aef3be6ab,2017-12-31,Buses,buses,Petrol,43,43,reported_numeric
25c9a68a5ab066abae1f07f8534cfcbdb2fd55ba30af65c39bba379aef3be6ab,2017-12-31,Buses,buses,Petrol-CNG,1,1,reported_numeric
25c9a68a5ab066abae1f07f8534cfcbdb2fd55ba30af65c39bba379aef3be6ab,2017-12-31,Cars,cars,CNG,0,0,reported_numeric
25c9a68a5ab066abae1f07f8534cfcbdb2fd55ba30af65c39bba379aef3be6ab,2017-12-31,Cars,cars,Diesel,15514,15514,reported_numeric
25c9a68a5ab066abae1f07f8534cfcbdb2fd55ba30af65c39bba379aef3be6ab,2017-12-31,Cars,cars,Diesel-Electric,22,22,reported_numeric
25c9a68a5ab066abae1f07f8534cfcbdb2fd55ba30af65c39bba379aef3be6ab,2017-12-31,Cars,cars,Electric,314,314,reported_numeric
25c9a68a5ab066abae1f07f8534cfcbdb2fd55ba30af65c39bba379aef3be6ab,2017-12-31,Cars,cars,Petrol,574443,574443,reported_numeric
25c9a68a5ab066abae1f07f8534cfcbdb2fd55ba30af65c39bba379aef3be6ab,2017-12-31,Cars,cars,Petrol-CNG,1006,1006,reported_numeric
25c9a68a5ab066abae1f07f8534cfcbdb2fd55ba30af65c39bba379aef3be6ab,2017-12-31,Cars,cars,Petrol-Electric,20751,20751,reported_numeric
25c9a68a5ab066abae1f07f8534cfcbdb2fd55ba30af65c39bba379aef3be6ab,2017-12-31,Cars,cars,Petrol-Electric (Plug-In),206,206,reported_numeric
25c9a68a5ab066abae1f07f8534cfcbdb2fd55ba30af65c39bba379aef3be6ab,2017-12-31,Goods & Other Vehicles,goods_and_other_vehicles,CNG,3,3,reported_numeric
25c9a68a5ab066abae1f07f8534cfcbdb2fd55ba30af65c39bba379aef3be6ab,2017-12-31,Goods & Other Vehicles,goods_and_other_vehicles,Diesel,137803,137803,reported_numeric
25c9a68a5ab066abae1f07f8534cfcbdb2fd55ba30af65c39bba379aef3be6ab,2017-12-31,Goods & Other Vehicles,goods_and_other_vehicles,Diesel-Electric,7,7,reported_numeric
25c9a68a5ab066abae1f07f8534cfcbdb2fd55ba30af65c39bba379aef3be6ab,2017-12-31,Goods & Other Vehicles,goods_and_other_vehicles,Electric,31,31,reported_numeric
25c9a68a5ab066abae1f07f8534cfcbdb2fd55ba30af65c39bba379aef3be6ab,2017-12-31,Goods & Other Vehicles,goods_and_other_vehicles,Petrol,5009,5009,reported_numeric
25c9a68a5ab066abae1f07f8534cfcbdb2fd55ba30af65c39bba379aef3be6ab,2017-12-31,Goods & Other Vehicles,goods_and_other_vehicles,Petrol-CNG,3,3,reported_numeric
25c9a68a5ab066abae1f07f8534cfcbdb2fd55ba30af65c39bba379aef3be6ab,2017-12-31,Goods & Other Vehicles,goods_and_other_vehicles,Petrol-Electric,1,1,reported_numeric
25c9a68a5ab066abae1f07f8534cfcbdb2fd55ba30af65c39bba379aef3be6ab,2017-12-31,Motor-cycles,motorcycles,Electric,2,2,reported_numeric
25c9a68a5ab066abae1f07f8534cfcbdb2fd55ba30af65c39bba379aef3be6ab,2017-12-31,Motor-cycles,motorcycles,Petrol,141302,141302,reported_numeric
25c9a68a5ab066abae1f07f8534cfcbdb2fd55ba30af65c39bba379aef3be6ab,2017-12-31,Taxis,taxis,CNG,0,0,reported_numeric
25c9a68a5ab066abae1f07f8534cfcbdb2fd55ba30af65c39bba379aef3be6ab,2017-12-31,Taxis,taxis,Diesel,18851,18851,reported_numeric
25c9a68a5ab066abae1f07f8534cfcbdb2fd55ba30af65c39bba379aef3be6ab,2017-12-31,Taxis,taxis,Petrol,129,129,reported_numeric
25c9a68a5ab066abae1f07f8534cfcbdb2fd55ba30af65c39bba379aef3be6ab,2017-12-31,Taxis,taxis,Petrol-CNG,1,1,reported_numeric
25c9a68a5ab066abae1f07f8534cfcbdb2fd55ba30af65c39bba379aef3be6ab,2017-12-31,Taxis,taxis,Petrol-Electric,4159,4159,reported_numeric
25c9a68a5ab066abae1f07f8534cfcbdb2fd55ba30af65c39bba379aef3be6ab,2018-01-31,Buses,buses,CNG,12,12,reported_numeric
25c9a68a5ab066abae1f07f8534cfcbdb2fd55ba30af65c39bba379aef3be6ab,2018-01-31,Buses,buses,Diesel,18734,18734,reported_numeric
25c9a68a5ab066abae1f07f8534cfcbdb2fd55ba30af65c39bba379aef3be6ab,2018-01-31,Buses,buses,Diesel-Electric,3,3,reported_numeric
25c9a68a5ab066abae1f07f8534cfcbdb2fd55ba30af65c39bba379aef3be6ab,2018-01-31,Buses,buses,Electric,2,2,reported_numeric
25c9a68a5ab066abae1f07f8534cfcbdb2fd55ba30af65c39bba379aef3be6ab,2018-01-31,Buses,buses,Petrol,42,42,reported_numeric
25c9a68a5ab066abae1f07f8534cfcbdb2fd55ba30af65c39bba379aef3be6ab,2018-01-31,Buses,buses,Petrol-CNG,1,1,reported_numeric
25c9a68a5ab066abae1f07f8534cfcbdb2fd55ba30af65c39bba379aef3be6ab,2018-01-31,Cars,cars,CNG,0,0,reported_numeric
25c9a68a5ab066abae1f07f8534cfcbdb2fd55ba30af65c39bba379aef3be6ab,2018-01-31,Cars,cars,Diesel,15572,15572,reported_numeric
25c9a68a5ab066abae1f07f8534cfcbdb2fd55ba30af65c39bba379aef3be6ab,2018-01-31,Cars,cars,Diesel-Electric,21,21,reported_numeric
25c9a68a5ab066abae1f07f8534cfcbdb2fd55ba30af65c39bba379aef3be6ab,2018-01-31,Cars,cars,Electric,335,335,reported_numeric
25c9a68a5ab066abae1f07f8534cfcbdb2fd55ba30af65c39bba379aef3be6ab,2018-01-31,Cars,cars,Petrol,572883,572883,reported_numeric
25c9a68a5ab066abae1f07f8534cfcbdb2fd55ba30af65c39bba379aef3be6ab,2018-01-31,Cars,cars,Petrol-CNG,972,972,reported_numeric
25c9a68a5ab066abae1f07f8534cfcbdb2fd55ba30af65c39bba379aef3be6ab,2018-01-31,Cars,cars,Petrol-Electric,20810,20810,reported_numeric
25c9a68a5ab066abae1f07f8534cfcbdb2fd55ba30af65c39bba379aef3be6ab,2018-01-31,Cars,cars,Petrol-Electric (Plug-In),207,207,reported_numeric
25c9a68a5ab066abae1f07f8534cfcbdb2fd55ba30af65c39bba379aef3be6ab,2018-01-31,Goods & Other Vehicles,goods_and_other_vehicles,CNG,3,3,reported_numeric
25c9a68a5ab066abae1f07f8534cfcbdb2fd55ba30af65c39bba379aef3be6ab,2018-01-31,Goods & Other Vehicles,goods_and_other_vehicles,Diesel,137439,137439,reported_numeric
25c9a68a5ab066abae1f07f8534cfcbdb2fd55ba30af65c39bba379aef3be6ab,2018-01-31,Goods & Other Vehicles,goods_and_other_vehicles,Diesel-Electric,7,7,reported_numeric
25c9a68a5ab066abae1f07f8534cfcbdb2fd55ba30af65c39bba379aef3be6ab,2018-01-31,Goods & Other Vehicles,goods_and_other_vehicles,Electric,31,31,reported_numeric
25c9a68a5ab066abae1f07f8534cfcbdb2fd55ba30af65c39bba379aef3be6ab,2018-01-31,Goods & Other Vehicles,goods_and_other_vehicles,Petrol,4961,4961,reported_numeric
25c9a68a5ab066abae1f07f8534cfcbdb2fd55ba30af65c39bba379aef3be6ab,2018-01-31,Goods & Other Vehicles,goods_and_other_vehicles,Petrol-CNG,3,3,reported_numeric
25c9a68a5ab066abae1f07f8534cfcbdb2fd55ba30af65c39bba379aef3be6ab,2018-01-31,Goods & Other Vehicles,goods_and_other_vehicles,Petrol-Electric,1,1,reported_numeric
25c9a68a5ab066abae1f07f8534cfcbdb2fd55ba30af65c39bba379aef3be6ab,2018-01-31,Motor-cycles,motorcycles,Electric,2,2,reported_numeric
25c9a68a5ab066abae1f07f8534cfcbdb2fd55ba30af65c39bba379aef3be6ab,2018-01-31,Motor-cycles,motorcycles,Petrol,140771,140771,reported_numeric
25c9a68a5ab066abae1f07f8534cfcbdb2fd55ba30af65c39bba379aef3be6ab,2018-01-31,Taxis,taxis,CNG,0,0,reported_numeric
25c9a68a5ab066abae1f07f8534cfcbdb2fd55ba30af65c39bba379aef3be6ab,2018-01-31,Taxis,taxis,Diesel,18625,18625,reported_numeric
25c9a68a5ab066abae1f07f8534cfcbdb2fd55ba30af65c39bba379aef3be6ab,2018-01-31,Taxis,taxis,Petrol,112,112,reported_numeric
25c9a68a5ab066abae1f07f8534cfcbdb2fd55ba30af65c39bba379aef3be6ab,2018-01-31,Taxis,taxis,Petrol-CNG,0,0,reported_numeric
25c9a68a5ab066abae1f07f8534cfcbdb2fd55ba30af65c39bba379aef3be6ab,2018-01-31,Taxis,taxis,Petrol-Electric,4154,4154,reported_numeric
25c9a68a5ab066abae1f07f8534cfcbdb2fd55ba30af65c39bba379aef3be6ab,2018-02-28,Buses,buses,CNG,12,12,reported_numeric
25c9a68a5ab066abae1f07f8534cfcbdb2fd55ba30af65c39bba379aef3be6ab,2018-02-28,Buses,buses,Diesel,18726,18726,reported_numeric
25c9a68a5ab066abae1f07f8534cfcbdb2fd55ba30af65c39bba379aef3be6ab,2018-02-28,Buses,buses,Diesel-Electric,3,3,reported_numeric
25c9a68a5ab066abae1f07f8534cfcbdb2fd55ba30af65c39bba379aef3be6ab,2018-02-28,Buses,buses,Electric,2,2,reported_numeric
25c9a68a5ab066abae1f07f8534cfcbdb2fd55ba30af65c39bba379aef3be6ab,2018-02-28,Buses,buses,Petrol,42,42,reported_numeric
25c9a68a5ab066abae1f07f8534cfcbdb2fd55ba30af65c39bba379aef3be6ab,2018-02-28,Buses,buses,Petrol-CNG,1,1,reported_numeric
25c9a68a5ab066abae1f07f8534cfcbdb2fd55ba30af65c39bba379aef3be6ab,2018-02-28,Cars,cars,CNG,0,0,reported_numeric
25c9a68a5ab066abae1f07f8534cfcbdb2fd55ba30af65c39bba379aef3be6ab,2018-02-28,Cars,cars,Diesel,15658,15658,reported_numeric
25c9a68a5ab066abae1f07f8534cfcbdb2fd55ba30af65c39bba379aef3be6ab,2018-02-28,Cars,cars,Diesel-Electric,21,21,reported_numeric
25c9a68a5ab066abae1f07f8534cfcbdb2fd55ba30af65c39bba379aef3be6ab,2018-02-28,Cars,cars,Electric,346,346,reported_numeric
25c9a68a5ab066abae1f07f8534cfcbdb2fd55ba30af65c39bba379aef3be6ab,2018-02-28,Cars,cars,Petrol,573108,573108,reported_numeric
25c9a68a5ab066abae1f07f8534cfcbdb2fd55ba30af65c39bba379aef3be6ab,2018-02-28,Cars,cars,Petrol-CNG,950,950,reported_numeric
25c9a68a5ab066abae1f07f8534cfcbdb2fd55ba30af65c39bba379aef3be6ab,2018-02-28,Cars,cars,Petrol-Electric,21014,21014,reported_numeric
25c9a68a5ab066abae1f07f8534cfcbdb2fd55ba30af65c39bba379aef3be6ab,2018-02-28,Cars,cars,Petrol-Electric (Plug-In),211,211,reported_numeric
25c9a68a5ab066abae1f07f8534cfcbdb2fd55ba30af65c39bba379aef3be6ab,2018-02-28,Goods & Other Vehicles,goods_and_other_vehicles,CNG,3,3,reported_numeric
25c9a68a5ab066abae1f07f8534cfcbdb2fd55ba30af65c39bba379aef3be6ab,2018-02-28,Goods & Other Vehicles,goods_and_other_vehicles,Diesel,137202,137202,reported_numeric
25c9a68a5ab066abae1f07f8534cfcbdb2fd55ba30af65c39bba379aef3be6ab,2018-02-28,Goods & Other Vehicles,goods_and_other_vehicles,Diesel-Electric,7,7,reported_numeric
25c9a68a5ab066abae1f07f8534cfcbdb2fd55ba30af65c39bba379aef3be6ab,2018-02-28,Goods & Other Vehicles,goods_and_other_vehicles,Electric,31,31,reported_numeric
25c9a68a5ab066abae1f07f8534cfcbdb2fd55ba30af65c39bba379aef3be6ab,2018-02-28,Goods & Other Vehicles,goods_and_other_vehicles,Petrol,4945,4945,reported_numeric
25c9a68a5ab066abae1f07f8534cfcbdb2fd55ba30af65c39bba379aef3be6ab,2018-02-28,Goods & Other Vehicles,goods_and_other_vehicles,Petrol-CNG,3,3,reported_numeric
25c9a68a5ab066abae1f07f8534cfcbdb2fd55ba30af65c39bba379aef3be6ab,2018-02-28,Goods & Other Vehicles,goods_and_other_vehicles,Petrol-Electric,1,1,reported_numeric
25c9a68a5ab066abae1f07f8534cfcbdb2fd55ba30af65c39bba379aef3be6ab,2018-02-28,Motor-cycles,motorcycles,Electric,3,3,reported_numeric
25c9a68a5ab066abae1f07f8534cfcbdb2fd55ba30af65c39bba379aef3be6ab,2018-02-28,Motor-cycles,motorcycles,Petrol,140259,140259,reported_numeric
25c9a68a5ab066abae1f07f8534cfcbdb2fd55ba30af65c39bba379aef3be6ab,2018-02-28,Taxis,taxis,CNG,0,0,reported_numeric
25c9a68a5ab066abae1f07f8534cfcbdb2fd55ba30af65c39bba379aef3be6ab,2018-02-28,Taxis,taxis,Diesel,18181,18181,reported_numeric
25c9a68a5ab066abae1f07f8534cfcbdb2fd55ba30af65c39bba379aef3be6ab,2018-02-28,Taxis,taxis,Petrol,110,110,reported_numeric
25c9a68a5ab066abae1f07f8534cfcbdb2fd55ba30af65c39bba379aef3be6ab,2018-02-28,Taxis,taxis,Petrol-CNG,0,0,reported_numeric
25c9a68a5ab066abae1f07f8534cfcbdb2fd55ba30af65c39bba379aef3be6ab,2018-02-28,Taxis,taxis,Petrol-Electric,4149,4149,reported_numeric
25c9a68a5ab066abae1f07f8534cfcbdb2fd55ba30af65c39bba379aef3be6ab,2018-03-31,Buses,buses,CNG,12,12,reported_numeric
25c9a68a5ab066abae1f07f8534cfcbdb2fd55ba30af65c39bba379aef3be6ab,2018-03-31,Buses,buses,Diesel,18698,18698,reported_numeric
25c9a68a5ab066abae1f07f8534cfcbdb2fd55ba30af65c39bba379aef3be6ab,2018-03-31,Buses,buses,Diesel-Electric,3,3,reported_numeric
25c9a68a5ab066abae1f07f8534cfcbdb2fd55ba30af65c39bba379aef3be6ab,2018-03-31,Buses,buses,Electric,2,2,reported_numeric
25c9a68a5ab066abae1f07f8534cfcbdb2fd55ba30af65c39bba379aef3be6ab,2018-03-31,Buses,buses,Petrol,42,42,reported_numeric
25c9a68a5ab066abae1f07f8534cfcbdb2fd55ba30af65c39bba379aef3be6ab,2018-03-31,Buses,buses,Petrol-CNG,1,1,reported_numeric
25c9a68a5ab066abae1f07f8534cfcbdb2fd55ba30af65c39bba379aef3be6ab,2018-03-31,Cars,cars,CNG,0,0,reported_numeric
25c9a68a5ab066abae1f07f8534cfcbdb2fd55ba30af65c39bba379aef3be6ab,2018-03-31,Cars,cars,Diesel,15827,15827,reported_numeric
25c9a68a5ab066abae1f07f8534cfcbdb2fd55ba30af65c39bba379aef3be6ab,2018-03-31,Cars,cars,Diesel-Electric,21,21,reported_numeric
25c9a68a5ab066abae1f07f8534cfcbdb2fd55ba30af65c39bba379aef3be6ab,2018-03-31,Cars,cars,Electric,348,348,reported_numeric
25c9a68a5ab066abae1f07f8534cfcbdb2fd55ba30af65c39bba379aef3be6ab,2018-03-31,Cars,cars,Petrol,573351,573351,reported_numeric
25c9a68a5ab066abae1f07f8534cfcbdb2fd55ba30af65c39bba379aef3be6ab,2018-03-31,Cars,cars,Petrol-CNG,903,903,reported_numeric
25c9a68a5ab066abae1f07f8534cfcbdb2fd55ba30af65c39bba379aef3be6ab,2018-03-31,Cars,cars,Petrol-Electric,21267,21267,reported_numeric
25c9a68a5ab066abae1f07f8534cfcbdb2fd55ba30af65c39bba379aef3be6ab,2018-03-31,Cars,cars,Petrol-Electric (Plug-In),222,222,reported_numeric
25c9a68a5ab066abae1f07f8534cfcbdb2fd55ba30af65c39bba379aef3be6ab,2018-03-31,Goods & Other Vehicles,goods_and_other_vehicles,CNG,3,3,reported_numeric
25c9a68a5ab066abae1f07f8534cfcbdb2fd55ba30af65c39bba379aef3be6ab,2018-03-31,Goods & Other Vehicles,goods_and_other_vehicles,Diesel,136857,136857,reported_numeric
25c9a68a5ab066abae1f07f8534cfcbdb2fd55ba30af65c39bba379aef3be6ab,2018-03-31,Goods & Other Vehicles,goods_and_other_vehicles,Diesel-Electric,7,7,reported_numeric
25c9a68a5ab066abae1f07f8534cfcbdb2fd55ba30af65c39bba379aef3be6ab,2018-03-31,Goods & Other Vehicles,goods_and_other_vehicles,Electric,31,31,reported_numeric
25c9a68a5ab066abae1f07f8534cfcbdb2fd55ba30af65c39bba379aef3be6ab,2018-03-31,Goods & Other Vehicles,goods_and_other_vehicles,Petrol,4921,4921,reported_numeric
25c9a68a5ab066abae1f07f8534cfcbdb2fd55ba30af65c39bba379aef3be6ab,2018-03-31,Goods & Other Vehicles,goods_and_other_vehicles,Petrol-CNG,2,2,reported_numeric
25c9a68a5ab066abae1f07f8534cfcbdb2fd55ba30af65c39bba379aef3be6ab,2018-03-31,Goods & Other Vehicles,goods_and_other_vehicles,Petrol-Electric,1,1,reported_numeric
25c9a68a5ab066abae1f07f8534cfcbdb2fd55ba30af65c39bba379aef3be6ab,2018-03-31,Motor-cycles,motorcycles,Electric,3,3,reported_numeric
25c9a68a5ab066abae1f07f8534cfcbdb2fd55ba30af65c39bba379aef3be6ab,2018-03-31,Motor-cycles,motorcycles,Petrol,139675,139675,reported_numeric
25c9a68a5ab066abae1f07f8534cfcbdb2fd55ba30af65c39bba379aef3be6ab,2018-03-31,Taxis,taxis,CNG,0,0,reported_numeric
25c9a68a5ab066abae1f07f8534cfcbdb2fd55ba30af65c39bba379aef3be6ab,2018-03-31,Taxis,taxis,Diesel,17494,17494,reported_numeric
25c9a68a5ab066abae1f07f8534cfcbdb2fd55ba30af65c39bba379aef3be6ab,2018-03-31,Taxis,taxis,Petrol,106,106,reported_numeric
25c9a68a5ab066abae1f07f8534cfcbdb2fd55ba30af65c39bba379aef3be6ab,2018-03-31,Taxis,taxis,Petrol-CNG,0,0,reported_numeric
25c9a68a5ab066abae1f07f8534cfcbdb2fd55ba30af65c39bba379aef3be6ab,2018-03-31,Taxis,taxis,Petrol-Electric,4146,4146,reported_numeric
25c9a68a5ab066abae1f07f8534cfcbdb2fd55ba30af65c39bba379aef3be6ab,2018-04-30,Buses,buses,CNG,12,12,reported_numeric
25c9a68a5ab066abae1f07f8534cfcbdb2fd55ba30af65c39bba379aef3be6ab,2018-04-30,Buses,buses,Diesel,18686,18686,reported_numeric
25c9a68a5ab066abae1f07f8534cfcbdb2fd55ba30af65c39bba379aef3be6ab,2018-04-30,Buses,buses,Diesel-Electric,3,3,reported_numeric
25c9a68a5ab066abae1f07f8534cfcbdb2fd55ba30af65c39bba379aef3be6ab,2018-04-30,Buses,buses,Electric,2,2,reported_numeric
25c9a68a5ab066abae1f07f8534cfcbdb2fd55ba30af65c39bba379aef3be6ab,2018-04-30,Buses,buses,Petrol,40,40,reported_numeric
25c9a68a5ab066abae1f07f8534cfcbdb2fd55ba30af65c39bba379aef3be6ab,2018-04-30,Buses,buses,Petrol-CNG,1,1,reported_numeric
25c9a68a5ab066abae1f07f8534cfcbdb2fd55ba30af65c39bba379aef3be6ab,2018-04-30,Cars,cars,CNG,0,0,reported_numeric
25c9a68a5ab066abae1f07f8534cfcbdb2fd55ba30af65c39bba379aef3be6ab,2018-04-30,Cars,cars,Diesel,16077,16077,reported_numeric
25c9a68a5ab066abae1f07f8534cfcbdb2fd55ba30af65c39bba379aef3be6ab,2018-04-30,Cars,cars,Diesel-Electric,21,21,reported_numeric
25c9a68a5ab066abae1f07f8534cfcbdb2fd55ba30af65c39bba379aef3be6ab,2018-04-30,Cars,cars,Electric,353,353,reported_numeric
25c9a68a5ab066abae1f07f8534cfcbdb2fd55ba30af65c39bba379aef3be6ab,2018-04-30,Cars,cars,Petrol,573152,573152,reported_numeric
25c9a68a5ab066abae1f07f8534cfcbdb2fd55ba30af65c39bba379aef3be6ab,2018-04-30,Cars,cars,Petrol-CNG,848,848,reported_numeric
25c9a68a5ab066abae1f07f8534cfcbdb2fd55ba30af65c39bba379aef3be6ab,2018-04-30,Cars,cars,Petrol-Electric,21820,21820,reported_numeric
25c9a68a5ab066abae1f07f8534cfcbdb2fd55ba30af65c39bba379aef3be6ab,2018-04-30,Cars,cars,Petrol-Electric (Plug-In),232,232,reported_numeric
25c9a68a5ab066abae1f07f8534cfcbdb2fd55ba30af65c39bba379aef3be6ab,2018-04-30,Goods & Other Vehicles,goods_and_other_vehicles,CNG,2,2,reported_numeric
25c9a68a5ab066abae1f07f8534cfcbdb2fd55ba30af65c39bba379aef3be6ab,2018-04-30,Goods & Other Vehicles,goods_and_other_vehicles,Diesel,136750,136750,reported_numeric
25c9a68a5ab066abae1f07f8534cfcbdb2fd55ba30af65c39bba379aef3be6ab,2018-04-30,Goods & Other Vehicles,goods_and_other_vehicles,Diesel-Electric,7,7,reported_numeric
25c9a68a5ab066abae1f07f8534cfcbdb2fd55ba30af65c39bba379aef3be6ab,2018-04-30,Goods & Other Vehicles,goods_and_other_vehicles,Electric,31,31,reported_numeric
25c9a68a5ab066abae1f07f8534cfcbdb2fd55ba30af65c39bba379aef3be6ab,2018-04-30,Goods & Other Vehicles,goods_and_other_vehicles,Petrol,4907,4907,reported_numeric
25c9a68a5ab066abae1f07f8534cfcbdb2fd55ba30af65c39bba379aef3be6ab,2018-04-30,Goods & Other Vehicles,goods_and_other_vehicles,Petrol-CNG,2,2,reported_numeric
25c9a68a5ab066abae1f07f8534cfcbdb2fd55ba30af65c39bba379aef3be6ab,2018-04-30,Goods & Other Vehicles,goods_and_other_vehicles,Petrol-Electric,1,1,reported_numeric
25c9a68a5ab066abae1f07f8534cfcbdb2fd55ba30af65c39bba379aef3be6ab,2018-04-30,Motor-cycles,motorcycles,Electric,3,3,reported_numeric
25c9a68a5ab066abae1f07f8534cfcbdb2fd55ba30af65c39bba379aef3be6ab,2018-04-30,Motor-cycles,motorcycles,Petrol,139188,139188,reported_numeric
25c9a68a5ab066abae1f07f8534cfcbdb2fd55ba30af65c39bba379aef3be6ab,2018-04-30,Taxis,taxis,CNG,0,0,reported_numeric
25c9a68a5ab066abae1f07f8534cfcbdb2fd55ba30af65c39bba379aef3be6ab,2018-04-30,Taxis,taxis,Diesel,17196,17196,reported_numeric
25c9a68a5ab066abae1f07f8534cfcbdb2fd55ba30af65c39bba379aef3be6ab,2018-04-30,Taxis,taxis,Petrol,101,101,reported_numeric
25c9a68a5ab066abae1f07f8534cfcbdb2fd55ba30af65c39bba379aef3be6ab,2018-04-30,Taxis,taxis,Petrol-CNG,0,0,reported_numeric
25c9a68a5ab066abae1f07f8534cfcbdb2fd55ba30af65c39bba379aef3be6ab,2018-04-30,Taxis,taxis,Petrol-Electric,4139,4139,reported_numeric
25c9a68a5ab066abae1f07f8534cfcbdb2fd55ba30af65c39bba379aef3be6ab,2018-05-31,Buses,buses,CNG,12,12,reported_numeric
25c9a68a5ab066abae1f07f8534cfcbdb2fd55ba30af65c39bba379aef3be6ab,2018-05-31,Buses,buses,Diesel,18703,18703,reported_numeric
25c9a68a5ab066abae1f07f8534cfcbdb2fd55ba30af65c39bba379aef3be6ab,2018-05-31,Buses,buses,Diesel-Electric,3,3,reported_numeric
25c9a68a5ab066abae1f07f8534cfcbdb2fd55ba30af65c39bba379aef3be6ab,2018-05-31,Buses,buses,Electric,2,2,reported_numeric
25c9a68a5ab066abae1f07f8534cfcbdb2fd55ba30af65c39bba379aef3be6ab,2018-05-31,Buses,buses,Petrol,39,39,reported_numeric
25c9a68a5ab066abae1f07f8534cfcbdb2fd55ba30af65c39bba379aef3be6ab,2018-05-31,Buses,buses,Petrol-CNG,1,1,reported_numeric
25c9a68a5ab066abae1f07f8534cfcbdb2fd55ba30af65c39bba379aef3be6ab,2018-05-31,Cars,cars,CNG,0,0,reported_numeric
25c9a68a5ab066abae1f07f8534cfcbdb2fd55ba30af65c39bba379aef3be6ab,2018-05-31,Cars,cars,Diesel,16237,16237,reported_numeric
25c9a68a5ab066abae1f07f8534cfcbdb2fd55ba30af65c39bba379aef3be6ab,2018-05-31,Cars,cars,Diesel-Electric,21,21,reported_numeric
25c9a68a5ab066abae1f07f8534cfcbdb2fd55ba30af65c39bba379aef3be6ab,2018-05-31,Cars,cars,Electric,354,354,reported_numeric
25c9a68a5ab066abae1f07f8534cfcbdb2fd55ba30af65c39bba379aef3be6ab,2018-05-31,Cars,cars,Petrol,573322,573322,reported_numeric
25c9a68a5ab066abae1f07f8534cfcbdb2fd55ba30af65c39bba379aef3be6ab,2018-05-31,Cars,cars,Petrol-CNG,762,762,reported_numeric
25c9a68a5ab066abae1f07f8534cfcbdb2fd55ba30af65c39bba379aef3be6ab,2018-05-31,Cars,cars,Petrol-Electric,22449,22449,reported_numeric
25c9a68a5ab066abae1f07f8534cfcbdb2fd55ba30af65c39bba379aef3be6ab,2018-05-31,Cars,cars,Petrol-Electric (Plug-In),238,238,reported_numeric
25c9a68a5ab066abae1f07f8534cfcbdb2fd55ba30af65c39bba379aef3be6ab,2018-05-31,Goods & Other Vehicles,goods_and_other_vehicles,CNG,2,2,reported_numeric
25c9a68a5ab066abae1f07f8534cfcbdb2fd55ba30af65c39bba379aef3be6ab,2018-05-31,Goods & Other Vehicles,goods_and_other_vehicles,Diesel,136628,136628,reported_numeric
25c9a68a5ab066abae1f07f8534cfcbdb2fd55ba30af65c39bba379aef3be6ab,2018-05-31,Goods & Other Vehicles,goods_and_other_vehicles,Diesel-Electric,7,7,reported_numeric
25c9a68a5ab066abae1f07f8534cfcbdb2fd55ba30af65c39bba379aef3be6ab,2018-05-31,Goods & Other Vehicles,goods_and_other_vehicles,Electric,31,31,reported_numeric
25c9a68a5ab066abae1f07f8534cfcbdb2fd55ba30af65c39bba379aef3be6ab,2018-05-31,Goods & Other Vehicles,goods_and_other_vehicles,Petrol,4895,4895,reported_numeric
25c9a68a5ab066abae1f07f8534cfcbdb2fd55ba30af65c39bba379aef3be6ab,2018-05-31,Goods & Other Vehicles,goods_and_other_vehicles,Petrol-CNG,2,2,reported_numeric
25c9a68a5ab066abae1f07f8534cfcbdb2fd55ba30af65c39bba379aef3be6ab,2018-05-31,Goods & Other Vehicles,goods_and_other_vehicles,Petrol-Electric,1,1,reported_numeric
25c9a68a5ab066abae1f07f8534cfcbdb2fd55ba30af65c39bba379aef3be6ab,2018-05-31,Motor-cycles,motorcycles,Electric,3,3,reported_numeric
25c9a68a5ab066abae1f07f8534cfcbdb2fd55ba30af65c39bba379aef3be6ab,2018-05-31,Motor-cycles,motorcycles,Petrol,138178,138178,reported_numeric
25c9a68a5ab066abae1f07f8534cfcbdb2fd55ba30af65c39bba379aef3be6ab,2018-05-31,Taxis,taxis,CNG,0,0,reported_numeric
25c9a68a5ab066abae1f07f8534cfcbdb2fd55ba30af65c39bba379aef3be6ab,2018-05-31,Taxis,taxis,Diesel,16999,16999,reported_numeric
25c9a68a5ab066abae1f07f8534cfcbdb2fd55ba30af65c39bba379aef3be6ab,2018-05-31,Taxis,taxis,Petrol,98,98,reported_numeric
25c9a68a5ab066abae1f07f8534cfcbdb2fd55ba30af65c39bba379aef3be6ab,2018-05-31,Taxis,taxis,Petrol-CNG,0,0,reported_numeric
25c9a68a5ab066abae1f07f8534cfcbdb2fd55ba30af65c39bba379aef3be6ab,2018-05-31,Taxis,taxis,Petrol-Electric,4140,4140,reported_numeric
25c9a68a5ab066abae1f07f8534cfcbdb2fd55ba30af65c39bba379aef3be6ab,2018-06-30,Buses,buses,CNG,12,12,reported_numeric
25c9a68a5ab066abae1f07f8534cfcbdb2fd55ba30af65c39bba379aef3be6ab,2018-06-30,Buses,buses,Diesel,18728,18728,reported_numeric
25c9a68a5ab066abae1f07f8534cfcbdb2fd55ba30af65c39bba379aef3be6ab,2018-06-30,Buses,buses,Diesel-Electric,3,3,reported_numeric
25c9a68a5ab066abae1f07f8534cfcbdb2fd55ba30af65c39bba379aef3be6ab,2018-06-30,Buses,buses,Electric,3,3,reported_numeric
25c9a68a5ab066abae1f07f8534cfcbdb2fd55ba30af65c39bba379aef3be6ab,2018-06-30,Buses,buses,Petrol,38,38,reported_numeric
25c9a68a5ab066abae1f07f8534cfcbdb2fd55ba30af65c39bba379aef3be6ab,2018-06-30,Buses,buses,Petrol-CNG,1,1,reported_numeric
25c9a68a5ab066abae1f07f8534cfcbdb2fd55ba30af65c39bba379aef3be6ab,2018-06-30,Cars,cars,CNG,0,0,reported_numeric
25c9a68a5ab066abae1f07f8534cfcbdb2fd55ba30af65c39bba379aef3be6ab,2018-06-30,Cars,cars,Diesel,16555,16555,reported_numeric
25c9a68a5ab066abae1f07f8534cfcbdb2fd55ba30af65c39bba379aef3be6ab,2018-06-30,Cars,cars,Diesel-Electric,21,21,reported_numeric
25c9a68a5ab066abae1f07f8534cfcbdb2fd55ba30af65c39bba379aef3be6ab,2018-06-30,Cars,cars,Electric,358,358,reported_numeric
25c9a68a5ab066abae1f07f8534cfcbdb2fd55ba30af65c39bba379aef3be6ab,2018-06-30,Cars,cars,Petrol,575441,575441,reported_numeric
25c9a68a5ab066abae1f07f8534cfcbdb2fd55ba30af65c39bba379aef3be6ab,2018-06-30,Cars,cars,Petrol-CNG,671,671,reported_numeric
25c9a68a5ab066abae1f07f8534cfcbdb2fd55ba30af65c39bba379aef3be6ab,2018-06-30,Cars,cars,Petrol-Electric,23941,23941,reported_numeric
25c9a68a5ab066abae1f07f8534cfcbdb2fd55ba30af65c39bba379aef3be6ab,2018-06-30,Cars,cars,Petrol-Electric (Plug-In),270,270,reported_numeric
25c9a68a5ab066abae1f07f8534cfcbdb2fd55ba30af65c39bba379aef3be6ab,2018-06-30,Goods & Other Vehicles,goods_and_other_vehicles,CNG,2,2,reported_numeric
25c9a68a5ab066abae1f07f8534cfcbdb2fd55ba30af65c39bba379aef3be6ab,2018-06-30,Goods & Other Vehicles,goods_and_other_vehicles,Diesel,136644,136644,reported_numeric
25c9a68a5ab066abae1f07f8534cfcbdb2fd55ba30af65c39bba379aef3be6ab,2018-06-30,Goods & Other Vehicles,goods_and_other_vehicles,Diesel-Electric,7,7,reported_numeric
25c9a68a5ab066abae1f07f8534cfcbdb2fd55ba30af65c39bba379aef3be6ab,2018-06-30,Goods & Other Vehicles,goods_and_other_vehicles,Electric,31,31,reported_numeric
25c9a68a5ab066abae1f07f8534cfcbdb2fd55ba30af65c39bba379aef3be6ab,2018-06-30,Goods & Other Vehicles,goods_and_other_vehicles,Petrol,4892,4892,reported_numeric
25c9a68a5ab066abae1f07f8534cfcbdb2fd55ba30af65c39bba379aef3be6ab,2018-06-30,Goods & Other Vehicles,goods_and_other_vehicles,Petrol-CNG,2,2,reported_numeric
25c9a68a5ab066abae1f07f8534cfcbdb2fd55ba30af65c39bba379aef3be6ab,2018-06-30,Goods & Other Vehicles,goods_and_other_vehicles,Petrol-Electric,1,1,reported_numeric
25c9a68a5ab066abae1f07f8534cfcbdb2fd55ba30af65c39bba379aef3be6ab,2018-06-30,Motor-cycles,motorcycles,Electric,3,3,reported_numeric
25c9a68a5ab066abae1f07f8534cfcbdb2fd55ba30af65c39bba379aef3be6ab,2018-06-30,Motor-cycles,motorcycles,Petrol,137441,137441,reported_numeric
25c9a68a5ab066abae1f07f8534cfcbdb2fd55ba30af65c39bba379aef3be6ab,2018-06-30,Taxis,taxis,CNG,0,0,reported_numeric
25c9a68a5ab066abae1f07f8534cfcbdb2fd55ba30af65c39bba379aef3be6ab,2018-06-30,Taxis,taxis,Diesel,16910,16910,reported_numeric
25c9a68a5ab066abae1f07f8534cfcbdb2fd55ba30af65c39bba379aef3be6ab,2018-06-30,Taxis,taxis,Petrol,95,95,reported_numeric
25c9a68a5ab066abae1f07f8534cfcbdb2fd55ba30af65c39bba379aef3be6ab,2018-06-30,Taxis,taxis,Petrol-CNG,0,0,reported_numeric
25c9a68a5ab066abae1f07f8534cfcbdb2fd55ba30af65c39bba379aef3be6ab,2018-06-30,Taxis,taxis,Petrol-Electric,4159,4159,reported_numeric
25c9a68a5ab066abae1f07f8534cfcbdb2fd55ba30af65c39bba379aef3be6ab,2018-07-31,Buses,buses,CNG,12,12,reported_numeric
25c9a68a5ab066abae1f07f8534cfcbdb2fd55ba30af65c39bba379aef3be6ab,2018-07-31,Buses,buses,Diesel,18758,18758,reported_numeric
25c9a68a5ab066abae1f07f8534cfcbdb2fd55ba30af65c39bba379aef3be6ab,2018-07-31,Buses,buses,Diesel-Electric,3,3,reported_numeric
25c9a68a5ab066abae1f07f8534cfcbdb2fd55ba30af65c39bba379aef3be6ab,2018-07-31,Buses,buses,Electric,4,4,reported_numeric
25c9a68a5ab066abae1f07f8534cfcbdb2fd55ba30af65c39bba379aef3be6ab,2018-07-31,Buses,buses,Petrol,34,34,reported_numeric
25c9a68a5ab066abae1f07f8534cfcbdb2fd55ba30af65c39bba379aef3be6ab,2018-07-31,Buses,buses,Petrol-CNG,1,1,reported_numeric
25c9a68a5ab066abae1f07f8534cfcbdb2fd55ba30af65c39bba379aef3be6ab,2018-07-31,Cars,cars,CNG,0,0,reported_numeric
25c9a68a5ab066abae1f07f8534cfcbdb2fd55ba30af65c39bba379aef3be6ab,2018-07-31,Cars,cars,Diesel,16843,16843,reported_numeric
25c9a68a5ab066abae1f07f8534cfcbdb2fd55ba30af65c39bba379aef3be6ab,2018-07-31,Cars,cars,Diesel-Electric,21,21,reported_numeric
25c9a68a5ab066abae1f07f8534cfcbdb2fd55ba30af65c39bba379aef3be6ab,2018-07-31,Cars,cars,Electric,363,363,reported_numeric
25c9a68a5ab066abae1f07f8534cfcbdb2fd55ba30af65c39bba379aef3be6ab,2018-07-31,Cars,cars,Petrol,573064,573064,reported_numeric
25c9a68a5ab066abae1f07f8534cfcbdb2fd55ba30af65c39bba379aef3be6ab,2018-07-31,Cars,cars,Petrol-CNG,590,590,reported_numeric
25c9a68a5ab066abae1f07f8534cfcbdb2fd55ba30af65c39bba379aef3be6ab,2018-07-31,Cars,cars,Petrol-Electric,24229,24229,reported_numeric
25c9a68a5ab066abae1f07f8534cfcbdb2fd55ba30af65c39bba379aef3be6ab,2018-07-31,Cars,cars,Petrol-Electric (Plug-In),284,284,reported_numeric
25c9a68a5ab066abae1f07f8534cfcbdb2fd55ba30af65c39bba379aef3be6ab,2018-07-31,Goods & Other Vehicles,goods_and_other_vehicles,CNG,2,2,reported_numeric
25c9a68a5ab066abae1f07f8534cfcbdb2fd55ba30af65c39bba379aef3be6ab,2018-07-31,Goods & Other Vehicles,goods_and_other_vehicles,Diesel,136450,136450,reported_numeric
25c9a68a5ab066abae1f07f8534cfcbdb2fd55ba30af65c39bba379aef3be6ab,2018-07-31,Goods & Other Vehicles,goods_and_other_vehicles,Diesel-Electric,7,7,reported_numeric
25c9a68a5ab066abae1f07f8534cfcbdb2fd55ba30af65c39bba379aef3be6ab,2018-07-31,Goods & Other Vehicles,goods_and_other_vehicles,Electric,31,31,reported_numeric
25c9a68a5ab066abae1f07f8534cfcbdb2fd55ba30af65c39bba379aef3be6ab,2018-07-31,Goods & Other Vehicles,goods_and_other_vehicles,Petrol,4877,4877,reported_numeric
25c9a68a5ab066abae1f07f8534cfcbdb2fd55ba30af65c39bba379aef3be6ab,2018-07-31,Goods & Other Vehicles,goods_and_other_vehicles,Petrol-CNG,2,2,reported_numeric
25c9a68a5ab066abae1f07f8534cfcbdb2fd55ba30af65c39bba379aef3be6ab,2018-07-31,Goods & Other Vehicles,goods_and_other_vehicles,Petrol-Electric,1,1,reported_numeric
25c9a68a5ab066abae1f07f8534cfcbdb2fd55ba30af65c39bba379aef3be6ab,2018-07-31,Motor-cycles,motorcycles,Electric,3,3,reported_numeric
25c9a68a5ab066abae1f07f8534cfcbdb2fd55ba30af65c39bba379aef3be6ab,2018-07-31,Motor-cycles,motorcycles,Petrol,137001,137001,reported_numeric
25c9a68a5ab066abae1f07f8534cfcbdb2fd55ba30af65c39bba379aef3be6ab,2018-07-31,Taxis,taxis,CNG,0,0,reported_numeric
25c9a68a5ab066abae1f07f8534cfcbdb2fd55ba30af65c39bba379aef3be6ab,2018-07-31,Taxis,taxis,Diesel,16802,16802,reported_numeric
25c9a68a5ab066abae1f07f8534cfcbdb2fd55ba30af65c39bba379aef3be6ab,2018-07-31,Taxis,taxis,Electric,2,2,reported_numeric
25c9a68a5ab066abae1f07f8534cfcbdb2fd55ba30af65c39bba379aef3be6ab,2018-07-31,Taxis,taxis,Petrol,88,88,reported_numeric
25c9a68a5ab066abae1f07f8534cfcbdb2fd55ba30af65c39bba379aef3be6ab,2018-07-31,Taxis,taxis,Petrol-CNG,0,0,reported_numeric
25c9a68a5ab066abae1f07f8534cfcbdb2fd55ba30af65c39bba379aef3be6ab,2018-07-31,Taxis,taxis,Petrol-Electric,4284,4284,reported_numeric
25c9a68a5ab066abae1f07f8534cfcbdb2fd55ba30af65c39bba379aef3be6ab,2018-08-31,Buses,buses,CNG,12,12,reported_numeric
25c9a68a5ab066abae1f07f8534cfcbdb2fd55ba30af65c39bba379aef3be6ab,2018-08-31,Buses,buses,Diesel,18790,18790,reported_numeric
25c9a68a5ab066abae1f07f8534cfcbdb2fd55ba30af65c39bba379aef3be6ab,2018-08-31,Buses,buses,Diesel-Electric,3,3,reported_numeric
25c9a68a5ab066abae1f07f8534cfcbdb2fd55ba30af65c39bba379aef3be6ab,2018-08-31,Buses,buses,Electric,4,4,reported_numeric
25c9a68a5ab066abae1f07f8534cfcbdb2fd55ba30af65c39bba379aef3be6ab,2018-08-31,Buses,buses,Petrol,34,34,reported_numeric
25c9a68a5ab066abae1f07f8534cfcbdb2fd55ba30af65c39bba379aef3be6ab,2018-08-31,Buses,buses,Petrol-CNG,0,0,reported_numeric
25c9a68a5ab066abae1f07f8534cfcbdb2fd55ba30af65c39bba379aef3be6ab,2018-08-31,Cars,cars,CNG,0,0,reported_numeric
25c9a68a5ab066abae1f07f8534cfcbdb2fd55ba30af65c39bba379aef3be6ab,2018-08-31,Cars,cars,Diesel,16920,16920,reported_numeric
25c9a68a5ab066abae1f07f8534cfcbdb2fd55ba30af65c39bba379aef3be6ab,2018-08-31,Cars,cars,Diesel-Electric,21,21,reported_numeric
25c9a68a5ab066abae1f07f8534cfcbdb2fd55ba30af65c39bba379aef3be6ab,2018-08-31,Cars,cars,Electric,406,406,reported_numeric
25c9a68a5ab066abae1f07f8534cfcbdb2fd55ba30af65c39bba379aef3be6ab,2018-08-31,Cars,cars,Petrol,571787,571787,reported_numeric
25c9a68a5ab066abae1f07f8534cfcbdb2fd55ba30af65c39bba379aef3be6ab,2018-08-31,Cars,cars,Petrol-CNG,521,521,reported_numeric
25c9a68a5ab066abae1f07f8534cfcbdb2fd55ba30af65c39bba379aef3be6ab,2018-08-31,Cars,cars,Petrol-Electric,24624,24624,reported_numeric
25c9a68a5ab066abae1f07f8534cfcbdb2fd55ba30af65c39bba379aef3be6ab,2018-08-31,Cars,cars,Petrol-Electric (Plug-In),297,297,reported_numeric
25c9a68a5ab066abae1f07f8534cfcbdb2fd55ba30af65c39bba379aef3be6ab,2018-08-31,Goods & Other Vehicles,goods_and_other_vehicles,CNG,2,2,reported_numeric
25c9a68a5ab066abae1f07f8534cfcbdb2fd55ba30af65c39bba379aef3be6ab,2018-08-31,Goods & Other Vehicles,goods_and_other_vehicles,Diesel,136336,136336,reported_numeric
25c9a68a5ab066abae1f07f8534cfcbdb2fd55ba30af65c39bba379aef3be6ab,2018-08-31,Goods & Other Vehicles,goods_and_other_vehicles,Diesel-Electric,7,7,reported_numeric
25c9a68a5ab066abae1f07f8534cfcbdb2fd55ba30af65c39bba379aef3be6ab,2018-08-31,Goods & Other Vehicles,goods_and_other_vehicles,Electric,38,38,reported_numeric
25c9a68a5ab066abae1f07f8534cfcbdb2fd55ba30af65c39bba379aef3be6ab,2018-08-31,Goods & Other Vehicles,goods_and_other_vehicles,Petrol,4866,4866,reported_numeric
25c9a68a5ab066abae1f07f8534cfcbdb2fd55ba30af65c39bba379aef3be6ab,2018-08-31,Goods & Other Vehicles,goods_and_other_vehicles,Petrol-CNG,2,2,reported_numeric
25c9a68a5ab066abae1f07f8534cfcbdb2fd55ba30af65c39bba379aef3be6ab,2018-08-31,Goods & Other Vehicles,goods_and_other_vehicles,Petrol-Electric,1,1,reported_numeric
25c9a68a5ab066abae1f07f8534cfcbdb2fd55ba30af65c39bba379aef3be6ab,2018-08-31,Motor-cycles,motorcycles,Electric,2,2,reported_numeric
25c9a68a5ab066abae1f07f8534cfcbdb2fd55ba30af65c39bba379aef3be6ab,2018-08-31,Motor-cycles,motorcycles,Petrol,136652,136652,reported_numeric
25c9a68a5ab066abae1f07f8534cfcbdb2fd55ba30af65c39bba379aef3be6ab,2018-08-31,Taxis,taxis,CNG,0,0,reported_numeric
25c9a68a5ab066abae1f07f8534cfcbdb2fd55ba30af65c39bba379aef3be6ab,2018-08-31,Taxis,taxis,Diesel,16716,16716,reported_numeric
25c9a68a5ab066abae1f07f8534cfcbdb2fd55ba30af65c39bba379aef3be6ab,2018-08-31,Taxis,taxis,Electric,97,97,reported_numeric
25c9a68a5ab066abae1f07f8534cfcbdb2fd55ba30af65c39bba379aef3be6ab,2018-08-31,Taxis,taxis,Petrol,82,82,reported_numeric
25c9a68a5ab066abae1f07f8534cfcbdb2fd55ba30af65c39bba379aef3be6ab,2018-08-31,Taxis,taxis,Petrol-CNG,0,0,reported_numeric
25c9a68a5ab066abae1f07f8534cfcbdb2fd55ba30af65c39bba379aef3be6ab,2018-08-31,Taxis,taxis,Petrol-Electric,4471,4471,reported_numeric
25c9a68a5ab066abae1f07f8534cfcbdb2fd55ba30af65c39bba379aef3be6ab,2018-09-30,Buses,buses,CNG,12,12,reported_numeric
25c9a68a5ab066abae1f07f8534cfcbdb2fd55ba30af65c39bba379aef3be6ab,2018-09-30,Buses,buses,Diesel,18805,18805,reported_numeric
25c9a68a5ab066abae1f07f8534cfcbdb2fd55ba30af65c39bba379aef3be6ab,2018-09-30,Buses,buses,Diesel-Electric,3,3,reported_numeric
25c9a68a5ab066abae1f07f8534cfcbdb2fd55ba30af65c39bba379aef3be6ab,2018-09-30,Buses,buses,Electric,4,4,reported_numeric
25c9a68a5ab066abae1f07f8534cfcbdb2fd55ba30af65c39bba379aef3be6ab,2018-09-30,Buses,buses,Petrol,34,34,reported_numeric
25c9a68a5ab066abae1f07f8534cfcbdb2fd55ba30af65c39bba379aef3be6ab,2018-09-30,Buses,buses,Petrol-CNG,0,0,reported_numeric
25c9a68a5ab066abae1f07f8534cfcbdb2fd55ba30af65c39bba379aef3be6ab,2018-09-30,Cars,cars,CNG,0,0,reported_numeric
25c9a68a5ab066abae1f07f8534cfcbdb2fd55ba30af65c39bba379aef3be6ab,2018-09-30,Cars,cars,Diesel,17019,17019,reported_numeric
25c9a68a5ab066abae1f07f8534cfcbdb2fd55ba30af65c39bba379aef3be6ab,2018-09-30,Cars,cars,Diesel-Electric,21,21,reported_numeric
25c9a68a5ab066abae1f07f8534cfcbdb2fd55ba30af65c39bba379aef3be6ab,2018-09-30,Cars,cars,Electric,443,443,reported_numeric
25c9a68a5ab066abae1f07f8534cfcbdb2fd55ba30af65c39bba379aef3be6ab,2018-09-30,Cars,cars,Petrol,570828,570828,reported_numeric
25c9a68a5ab066abae1f07f8534cfcbdb2fd55ba30af65c39bba379aef3be6ab,2018-09-30,Cars,cars,Petrol-CNG,475,475,reported_numeric
25c9a68a5ab066abae1f07f8534cfcbdb2fd55ba30af65c39bba379aef3be6ab,2018-09-30,Cars,cars,Petrol-Electric,25183,25183,reported_numeric
25c9a68a5ab066abae1f07f8534cfcbdb2fd55ba30af65c39bba379aef3be6ab,2018-09-30,Cars,cars,Petrol-Electric (Plug-In),323,323,reported_numeric
25c9a68a5ab066abae1f07f8534cfcbdb2fd55ba30af65c39bba379aef3be6ab,2018-09-30,Goods & Other Vehicles,goods_and_other_vehicles,CNG,2,2,reported_numeric
25c9a68a5ab066abae1f07f8534cfcbdb2fd55ba30af65c39bba379aef3be6ab,2018-09-30,Goods & Other Vehicles,goods_and_other_vehicles,Diesel,136401,136401,reported_numeric
25c9a68a5ab066abae1f07f8534cfcbdb2fd55ba30af65c39bba379aef3be6ab,2018-09-30,Goods & Other Vehicles,goods_and_other_vehicles,Diesel-Electric,7,7,reported_numeric
25c9a68a5ab066abae1f07f8534cfcbdb2fd55ba30af65c39bba379aef3be6ab,2018-09-30,Goods & Other Vehicles,goods_and_other_vehicles,Electric,38,38,reported_numeric
25c9a68a5ab066abae1f07f8534cfcbdb2fd55ba30af65c39bba379aef3be6ab,2018-09-30,Goods & Other Vehicles,goods_and_other_vehicles,Petrol,4841,4841,reported_numeric
25c9a68a5ab066abae1f07f8534cfcbdb2fd55ba30af65c39bba379aef3be6ab,2018-09-30,Goods & Other Vehicles,goods_and_other_vehicles,Petrol-CNG,2,2,reported_numeric
25c9a68a5ab066abae1f07f8534cfcbdb2fd55ba30af65c39bba379aef3be6ab,2018-09-30,Goods & Other Vehicles,goods_and_other_vehicles,Petrol-Electric,1,1,reported_numeric
25c9a68a5ab066abae1f07f8534cfcbdb2fd55ba30af65c39bba379aef3be6ab,2018-09-30,Motor-cycles,motorcycles,Electric,2,2,reported_numeric
25c9a68a5ab066abae1f07f8534cfcbdb2fd55ba30af65c39bba379aef3be6ab,2018-09-30,Motor-cycles,motorcycles,Petrol,136586,136586,reported_numeric
25c9a68a5ab066abae1f07f8534cfcbdb2fd55ba30af65c39bba379aef3be6ab,2018-09-30,Taxis,taxis,CNG,0,0,reported_numeric
25c9a68a5ab066abae1f07f8534cfcbdb2fd55ba30af65c39bba379aef3be6ab,2018-09-30,Taxis,taxis,Diesel,16531,16531,reported_numeric
25c9a68a5ab066abae1f07f8534cfcbdb2fd55ba30af65c39bba379aef3be6ab,2018-09-30,Taxis,taxis,Electric,97,97,reported_numeric
25c9a68a5ab066abae1f07f8534cfcbdb2fd55ba30af65c39bba379aef3be6ab,2018-09-30,Taxis,taxis,Petrol,69,69,reported_numeric
25c9a68a5ab066abae1f07f8534cfcbdb2fd55ba30af65c39bba379aef3be6ab,2018-09-30,Taxis,taxis,Petrol-CNG,0,0,reported_numeric
25c9a68a5ab066abae1f07f8534cfcbdb2fd55ba30af65c39bba379aef3be6ab,2018-09-30,Taxis,taxis,Petrol-Electric,4582,4582,reported_numeric
25c9a68a5ab066abae1f07f8534cfcbdb2fd55ba30af65c39bba379aef3be6ab,2018-10-31,Buses,buses,CNG,12,12,reported_numeric
25c9a68a5ab066abae1f07f8534cfcbdb2fd55ba30af65c39bba379aef3be6ab,2018-10-31,Buses,buses,Diesel,18819,18819,reported_numeric
25c9a68a5ab066abae1f07f8534cfcbdb2fd55ba30af65c39bba379aef3be6ab,2018-10-31,Buses,buses,Diesel-Electric,3,3,reported_numeric
25c9a68a5ab066abae1f07f8534cfcbdb2fd55ba30af65c39bba379aef3be6ab,2018-10-31,Buses,buses,Electric,4,4,reported_numeric
25c9a68a5ab066abae1f07f8534cfcbdb2fd55ba30af65c39bba379aef3be6ab,2018-10-31,Buses,buses,Petrol,34,34,reported_numeric
25c9a68a5ab066abae1f07f8534cfcbdb2fd55ba30af65c39bba379aef3be6ab,2018-10-31,Buses,buses,Petrol-CNG,0,0,reported_numeric
25c9a68a5ab066abae1f07f8534cfcbdb2fd55ba30af65c39bba379aef3be6ab,2018-10-31,Cars,cars,CNG,0,0,reported_numeric
25c9a68a5ab066abae1f07f8534cfcbdb2fd55ba30af65c39bba379aef3be6ab,2018-10-31,Cars,cars,Diesel,17061,17061,reported_numeric
25c9a68a5ab066abae1f07f8534cfcbdb2fd55ba30af65c39bba379aef3be6ab,2018-10-31,Cars,cars,Diesel-Electric,21,21,reported_numeric
25c9a68a5ab066abae1f07f8534cfcbdb2fd55ba30af65c39bba379aef3be6ab,2018-10-31,Cars,cars,Electric,462,462,reported_numeric
25c9a68a5ab066abae1f07f8534cfcbdb2fd55ba30af65c39bba379aef3be6ab,2018-10-31,Cars,cars,Petrol,570486,570486,reported_numeric
25c9a68a5ab066abae1f07f8534cfcbdb2fd55ba30af65c39bba379aef3be6ab,2018-10-31,Cars,cars,Petrol-CNG,431,431,reported_numeric
25c9a68a5ab066abae1f07f8534cfcbdb2fd55ba30af65c39bba379aef3be6ab,2018-10-31,Cars,cars,Petrol-Electric,25943,25943,reported_numeric
25c9a68a5ab066abae1f07f8534cfcbdb2fd55ba30af65c39bba379aef3be6ab,2018-10-31,Cars,cars,Petrol-Electric (Plug-In),336,336,reported_numeric
25c9a68a5ab066abae1f07f8534cfcbdb2fd55ba30af65c39bba379aef3be6ab,2018-10-31,Goods & Other Vehicles,goods_and_other_vehicles,CNG,1,1,reported_numeric
25c9a68a5ab066abae1f07f8534cfcbdb2fd55ba30af65c39bba379aef3be6ab,2018-10-31,Goods & Other Vehicles,goods_and_other_vehicles,Diesel,136474,136474,reported_numeric
25c9a68a5ab066abae1f07f8534cfcbdb2fd55ba30af65c39bba379aef3be6ab,2018-10-31,Goods & Other Vehicles,goods_and_other_vehicles,Diesel-Electric,7,7,reported_numeric
25c9a68a5ab066abae1f07f8534cfcbdb2fd55ba30af65c39bba379aef3be6ab,2018-10-31,Goods & Other Vehicles,goods_and_other_vehicles,Electric,39,39,reported_numeric
25c9a68a5ab066abae1f07f8534cfcbdb2fd55ba30af65c39bba379aef3be6ab,2018-10-31,Goods & Other Vehicles,goods_and_other_vehicles,Petrol,4838,4838,reported_numeric
25c9a68a5ab066abae1f07f8534cfcbdb2fd55ba30af65c39bba379aef3be6ab,2018-10-31,Goods & Other Vehicles,goods_and_other_vehicles,Petrol-CNG,2,2,reported_numeric
25c9a68a5ab066abae1f07f8534cfcbdb2fd55ba30af65c39bba379aef3be6ab,2018-10-31,Goods & Other Vehicles,goods_and_other_vehicles,Petrol-Electric,1,1,reported_numeric
25c9a68a5ab066abae1f07f8534cfcbdb2fd55ba30af65c39bba379aef3be6ab,2018-10-31,Motor-cycles,motorcycles,Electric,2,2,reported_numeric
25c9a68a5ab066abae1f07f8534cfcbdb2fd55ba30af65c39bba379aef3be6ab,2018-10-31,Motor-cycles,motorcycles,Petrol,136377,136377,reported_numeric
25c9a68a5ab066abae1f07f8534cfcbdb2fd55ba30af65c39bba379aef3be6ab,2018-10-31,Taxis,taxis,CNG,0,0,reported_numeric
25c9a68a5ab066abae1f07f8534cfcbdb2fd55ba30af65c39bba379aef3be6ab,2018-10-31,Taxis,taxis,Diesel,16162,16162,reported_numeric
25c9a68a5ab066abae1f07f8534cfcbdb2fd55ba30af65c39bba379aef3be6ab,2018-10-31,Taxis,taxis,Electric,102,102,reported_numeric
25c9a68a5ab066abae1f07f8534cfcbdb2fd55ba30af65c39bba379aef3be6ab,2018-10-31,Taxis,taxis,Petrol,65,65,reported_numeric
25c9a68a5ab066abae1f07f8534cfcbdb2fd55ba30af65c39bba379aef3be6ab,2018-10-31,Taxis,taxis,Petrol-CNG,0,0,reported_numeric
25c9a68a5ab066abae1f07f8534cfcbdb2fd55ba30af65c39bba379aef3be6ab,2018-10-31,Taxis,taxis,Petrol-Electric,4744,4744,reported_numeric
25c9a68a5ab066abae1f07f8534cfcbdb2fd55ba30af65c39bba379aef3be6ab,2018-11-30,Buses,buses,CNG,12,12,reported_numeric
25c9a68a5ab066abae1f07f8534cfcbdb2fd55ba30af65c39bba379aef3be6ab,2018-11-30,Buses,buses,Diesel,18853,18853,reported_numeric
25c9a68a5ab066abae1f07f8534cfcbdb2fd55ba30af65c39bba379aef3be6ab,2018-11-30,Buses,buses,Diesel-Electric,17,17,reported_numeric
25c9a68a5ab066abae1f07f8534cfcbdb2fd55ba30af65c39bba379aef3be6ab,2018-11-30,Buses,buses,Electric,4,4,reported_numeric
25c9a68a5ab066abae1f07f8534cfcbdb2fd55ba30af65c39bba379aef3be6ab,2018-11-30,Buses,buses,Petrol,34,34,reported_numeric
25c9a68a5ab066abae1f07f8534cfcbdb2fd55ba30af65c39bba379aef3be6ab,2018-11-30,Buses,buses,Petrol-CNG,0,0,reported_numeric
25c9a68a5ab066abae1f07f8534cfcbdb2fd55ba30af65c39bba379aef3be6ab,2018-11-30,Cars,cars,CNG,0,0,reported_numeric
25c9a68a5ab066abae1f07f8534cfcbdb2fd55ba30af65c39bba379aef3be6ab,2018-11-30,Cars,cars,Diesel,17135,17135,reported_numeric
25c9a68a5ab066abae1f07f8534cfcbdb2fd55ba30af65c39bba379aef3be6ab,2018-11-30,Cars,cars,Diesel-Electric,21,21,reported_numeric
25c9a68a5ab066abae1f07f8534cfcbdb2fd55ba30af65c39bba379aef3be6ab,2018-11-30,Cars,cars,Electric,466,466,reported_numeric
25c9a68a5ab066abae1f07f8534cfcbdb2fd55ba30af65c39bba379aef3be6ab,2018-11-30,Cars,cars,Petrol,570086,570086,reported_numeric
25c9a68a5ab066abae1f07f8534cfcbdb2fd55ba30af65c39bba379aef3be6ab,2018-11-30,Cars,cars,Petrol-CNG,404,404,reported_numeric
25c9a68a5ab066abae1f07f8534cfcbdb2fd55ba30af65c39bba379aef3be6ab,2018-11-30,Cars,cars,Petrol-Electric,26468,26468,reported_numeric
25c9a68a5ab066abae1f07f8534cfcbdb2fd55ba30af65c39bba379aef3be6ab,2018-11-30,Cars,cars,Petrol-Electric (Plug-In),357,357,reported_numeric
25c9a68a5ab066abae1f07f8534cfcbdb2fd55ba30af65c39bba379aef3be6ab,2018-11-30,Goods & Other Vehicles,goods_and_other_vehicles,CNG,1,1,reported_numeric
25c9a68a5ab066abae1f07f8534cfcbdb2fd55ba30af65c39bba379aef3be6ab,2018-11-30,Goods & Other Vehicles,goods_and_other_vehicles,Diesel,136409,136409,reported_numeric
25c9a68a5ab066abae1f07f8534cfcbdb2fd55ba30af65c39bba379aef3be6ab,2018-11-30,Goods & Other Vehicles,goods_and_other_vehicles,Diesel-Electric,7,7,reported_numeric
25c9a68a5ab066abae1f07f8534cfcbdb2fd55ba30af65c39bba379aef3be6ab,2018-11-30,Goods & Other Vehicles,goods_and_other_vehicles,Electric,39,39,reported_numeric
25c9a68a5ab066abae1f07f8534cfcbdb2fd55ba30af65c39bba379aef3be6ab,2018-11-30,Goods & Other Vehicles,goods_and_other_vehicles,Petrol,4859,4859,reported_numeric
25c9a68a5ab066abae1f07f8534cfcbdb2fd55ba30af65c39bba379aef3be6ab,2018-11-30,Goods & Other Vehicles,goods_and_other_vehicles,Petrol-CNG,2,2,reported_numeric
25c9a68a5ab066abae1f07f8534cfcbdb2fd55ba30af65c39bba379aef3be6ab,2018-11-30,Goods & Other Vehicles,goods_and_other_vehicles,Petrol-Electric,1,1,reported_numeric
25c9a68a5ab066abae1f07f8534cfcbdb2fd55ba30af65c39bba379aef3be6ab,2018-11-30,Motor-cycles,motorcycles,Electric,2,2,reported_numeric
25c9a68a5ab066abae1f07f8534cfcbdb2fd55ba30af65c39bba379aef3be6ab,2018-11-30,Motor-cycles,motorcycles,Petrol,136657,136657,reported_numeric
25c9a68a5ab066abae1f07f8534cfcbdb2fd55ba30af65c39bba379aef3be6ab,2018-11-30,Taxis,taxis,CNG,0,0,reported_numeric
25c9a68a5ab066abae1f07f8534cfcbdb2fd55ba30af65c39bba379aef3be6ab,2018-11-30,Taxis,taxis,Diesel,15724,15724,reported_numeric
25c9a68a5ab066abae1f07f8534cfcbdb2fd55ba30af65c39bba379aef3be6ab,2018-11-30,Taxis,taxis,Electric,102,102,reported_numeric
25c9a68a5ab066abae1f07f8534cfcbdb2fd55ba30af65c39bba379aef3be6ab,2018-11-30,Taxis,taxis,Petrol,58,58,reported_numeric
25c9a68a5ab066abae1f07f8534cfcbdb2fd55ba30af65c39bba379aef3be6ab,2018-11-30,Taxis,taxis,Petrol-CNG,0,0,reported_numeric
25c9a68a5ab066abae1f07f8534cfcbdb2fd55ba30af65c39bba379aef3be6ab,2018-11-30,Taxis,taxis,Petrol-Electric,5001,5001,reported_numeric
25c9a68a5ab066abae1f07f8534cfcbdb2fd55ba30af65c39bba379aef3be6ab,2018-12-31,Buses,buses,CNG,12,12,reported_numeric
25c9a68a5ab066abae1f07f8534cfcbdb2fd55ba30af65c39bba379aef3be6ab,2018-12-31,Buses,buses,Diesel,18875,18875,reported_numeric
25c9a68a5ab066abae1f07f8534cfcbdb2fd55ba30af65c39bba379aef3be6ab,2018-12-31,Buses,buses,Diesel-Electric,23,23,reported_numeric
25c9a68a5ab066abae1f07f8534cfcbdb2fd55ba30af65c39bba379aef3be6ab,2018-12-31,Buses,buses,Electric,4,4,reported_numeric
25c9a68a5ab066abae1f07f8534cfcbdb2fd55ba30af65c39bba379aef3be6ab,2018-12-31,Buses,buses,Petrol,33,33,reported_numeric
25c9a68a5ab066abae1f07f8534cfcbdb2fd55ba30af65c39bba379aef3be6ab,2018-12-31,Buses,buses,Petrol-CNG,0,0,reported_numeric
25c9a68a5ab066abae1f07f8534cfcbdb2fd55ba30af65c39bba379aef3be6ab,2018-12-31,Cars,cars,CNG,0,0,reported_numeric
25c9a68a5ab066abae1f07f8534cfcbdb2fd55ba30af65c39bba379aef3be6ab,2018-12-31,Cars,cars,Diesel,17253,17253,reported_numeric
25c9a68a5ab066abae1f07f8534cfcbdb2fd55ba30af65c39bba379aef3be6ab,2018-12-31,Cars,cars,Diesel-Electric,21,21,reported_numeric
25c9a68a5ab066abae1f07f8534cfcbdb2fd55ba30af65c39bba379aef3be6ab,2018-12-31,Cars,cars,Electric,560,560,reported_numeric
25c9a68a5ab066abae1f07f8534cfcbdb2fd55ba30af65c39bba379aef3be6ab,2018-12-31,Cars,cars,Petrol,569673,569673,reported_numeric
25c9a68a5ab066abae1f07f8534cfcbdb2fd55ba30af65c39bba379aef3be6ab,2018-12-31,Cars,cars,Petrol-CNG,386,386,reported_numeric
25c9a68a5ab066abae1f07f8534cfcbdb2fd55ba30af65c39bba379aef3be6ab,2018-12-31,Cars,cars,Petrol-Electric,27179,27179,reported_numeric
25c9a68a5ab066abae1f07f8534cfcbdb2fd55ba30af65c39bba379aef3be6ab,2018-12-31,Cars,cars,Petrol-Electric (Plug-In),380,380,reported_numeric
25c9a68a5ab066abae1f07f8534cfcbdb2fd55ba30af65c39bba379aef3be6ab,2018-12-31,Goods & Other Vehicles,goods_and_other_vehicles,CNG,2,2,reported_numeric
25c9a68a5ab066abae1f07f8534cfcbdb2fd55ba30af65c39bba379aef3be6ab,2018-12-31,Goods & Other Vehicles,goods_and_other_vehicles,Diesel,136478,136478,reported_numeric
25c9a68a5ab066abae1f07f8534cfcbdb2fd55ba30af65c39bba379aef3be6ab,2018-12-31,Goods & Other Vehicles,goods_and_other_vehicles,Diesel-Electric,7,7,reported_numeric
25c9a68a5ab066abae1f07f8534cfcbdb2fd55ba30af65c39bba379aef3be6ab,2018-12-31,Goods & Other Vehicles,goods_and_other_vehicles,Electric,39,39,reported_numeric
25c9a68a5ab066abae1f07f8534cfcbdb2fd55ba30af65c39bba379aef3be6ab,2018-12-31,Goods & Other Vehicles,goods_and_other_vehicles,Petrol,4879,4879,reported_numeric
25c9a68a5ab066abae1f07f8534cfcbdb2fd55ba30af65c39bba379aef3be6ab,2018-12-31,Goods & Other Vehicles,goods_and_other_vehicles,Petrol-CNG,2,2,reported_numeric
25c9a68a5ab066abae1f07f8534cfcbdb2fd55ba30af65c39bba379aef3be6ab,2018-12-31,Goods & Other Vehicles,goods_and_other_vehicles,Petrol-Electric,1,1,reported_numeric
25c9a68a5ab066abae1f07f8534cfcbdb2fd55ba30af65c39bba379aef3be6ab,2018-12-31,Motor-cycles,motorcycles,Electric,2,2,reported_numeric
25c9a68a5ab066abae1f07f8534cfcbdb2fd55ba30af65c39bba379aef3be6ab,2018-12-31,Motor-cycles,motorcycles,Petrol,136840,136840,reported_numeric
25c9a68a5ab066abae1f07f8534cfcbdb2fd55ba30af65c39bba379aef3be6ab,2018-12-31,Taxis,taxis,CNG,0,0,reported_numeric
25c9a68a5ab066abae1f07f8534cfcbdb2fd55ba30af65c39bba379aef3be6ab,2018-12-31,Taxis,taxis,Diesel,15089,15089,reported_numeric
25c9a68a5ab066abae1f07f8534cfcbdb2fd55ba30af65c39bba379aef3be6ab,2018-12-31,Taxis,taxis,Electric,102,102,reported_numeric
25c9a68a5ab066abae1f07f8534cfcbdb2fd55ba30af65c39bba379aef3be6ab,2018-12-31,Taxis,taxis,Petrol,53,53,reported_numeric
25c9a68a5ab066abae1f07f8534cfcbdb2fd55ba30af65c39bba379aef3be6ab,2018-12-31,Taxis,taxis,Petrol-CNG,0,0,reported_numeric
25c9a68a5ab066abae1f07f8534cfcbdb2fd55ba30af65c39bba379aef3be6ab,2018-12-31,Taxis,taxis,Petrol-Electric,5337,5337,reported_numeric
25c9a68a5ab066abae1f07f8534cfcbdb2fd55ba30af65c39bba379aef3be6ab,2019-01-31,Buses,buses,CNG,8,8,reported_numeric
25c9a68a5ab066abae1f07f8534cfcbdb2fd55ba30af65c39bba379aef3be6ab,2019-01-31,Buses,buses,Diesel,18918,18918,reported_numeric
25c9a68a5ab066abae1f07f8534cfcbdb2fd55ba30af65c39bba379aef3be6ab,2019-01-31,Buses,buses,Diesel-Electric,34,34,reported_numeric
25c9a68a5ab066abae1f07f8534cfcbdb2fd55ba30af65c39bba379aef3be6ab,2019-01-31,Buses,buses,Electric,4,4,reported_numeric
25c9a68a5ab066abae1f07f8534cfcbdb2fd55ba30af65c39bba379aef3be6ab,2019-01-31,Buses,buses,Petrol,32,32,reported_numeric
25c9a68a5ab066abae1f07f8534cfcbdb2fd55ba30af65c39bba379aef3be6ab,2019-01-31,Buses,buses,Petrol-CNG,0,0,reported_numeric
25c9a68a5ab066abae1f07f8534cfcbdb2fd55ba30af65c39bba379aef3be6ab,2019-01-31,Cars,cars,CNG,0,0,reported_numeric
25c9a68a5ab066abae1f07f8534cfcbdb2fd55ba30af65c39bba379aef3be6ab,2019-01-31,Cars,cars,Diesel,17323,17323,reported_numeric
25c9a68a5ab066abae1f07f8534cfcbdb2fd55ba30af65c39bba379aef3be6ab,2019-01-31,Cars,cars,Diesel-Electric,21,21,reported_numeric
25c9a68a5ab066abae1f07f8534cfcbdb2fd55ba30af65c39bba379aef3be6ab,2019-01-31,Cars,cars,Electric,650,650,reported_numeric
25c9a68a5ab066abae1f07f8534cfcbdb2fd55ba30af65c39bba379aef3be6ab,2019-01-31,Cars,cars,Petrol,570742,570742,reported_numeric
25c9a68a5ab066abae1f07f8534cfcbdb2fd55ba30af65c39bba379aef3be6ab,2019-01-31,Cars,cars,Petrol-CNG,369,369,reported_numeric
25c9a68a5ab066abae1f07f8534cfcbdb2fd55ba30af65c39bba379aef3be6ab,2019-01-31,Cars,cars,Petrol-Electric,28222,28222,reported_numeric
25c9a68a5ab066abae1f07f8534cfcbdb2fd55ba30af65c39bba379aef3be6ab,2019-01-31,Cars,cars,Petrol-Electric (Plug-In),393,393,reported_numeric
25c9a68a5ab066abae1f07f8534cfcbdb2fd55ba30af65c39bba379aef3be6ab,2019-01-31,Goods & Other Vehicles,goods_and_other_vehicles,CNG,2,2,reported_numeric
25c9a68a5ab066abae1f07f8534cfcbdb2fd55ba30af65c39bba379aef3be6ab,2019-01-31,Goods & Other Vehicles,goods_and_other_vehicles,Diesel,136565,136565,reported_numeric
25c9a68a5ab066abae1f07f8534cfcbdb2fd55ba30af65c39bba379aef3be6ab,2019-01-31,Goods & Other Vehicles,goods_and_other_vehicles,Diesel-Electric,7,7,reported_numeric
25c9a68a5ab066abae1f07f8534cfcbdb2fd55ba30af65c39bba379aef3be6ab,2019-01-31,Goods & Other Vehicles,goods_and_other_vehicles,Electric,40,40,reported_numeric
25c9a68a5ab066abae1f07f8534cfcbdb2fd55ba30af65c39bba379aef3be6ab,2019-01-31,Goods & Other Vehicles,goods_and_other_vehicles,Petrol,4880,4880,reported_numeric
25c9a68a5ab066abae1f07f8534cfcbdb2fd55ba30af65c39bba379aef3be6ab,2019-01-31,Goods & Other Vehicles,goods_and_other_vehicles,Petrol-CNG,2,2,reported_numeric
25c9a68a5ab066abae1f07f8534cfcbdb2fd55ba30af65c39bba379aef3be6ab,2019-01-31,Goods & Other Vehicles,goods_and_other_vehicles,Petrol-Electric,1,1,reported_numeric
25c9a68a5ab066abae1f07f8534cfcbdb2fd55ba30af65c39bba379aef3be6ab,2019-01-31,Motor-cycles,motorcycles,Electric,2,2,reported_numeric
25c9a68a5ab066abae1f07f8534cfcbdb2fd55ba30af65c39bba379aef3be6ab,2019-01-31,Motor-cycles,motorcycles,Petrol,137091,137091,reported_numeric
25c9a68a5ab066abae1f07f8534cfcbdb2fd55ba30af65c39bba379aef3be6ab,2019-01-31,Taxis,taxis,CNG,0,0,reported_numeric
25c9a68a5ab066abae1f07f8534cfcbdb2fd55ba30af65c39bba379aef3be6ab,2019-01-31,Taxis,taxis,Diesel,14674,14674,reported_numeric
25c9a68a5ab066abae1f07f8534cfcbdb2fd55ba30af65c39bba379aef3be6ab,2019-01-31,Taxis,taxis,Electric,104,104,reported_numeric
25c9a68a5ab066abae1f07f8534cfcbdb2fd55ba30af65c39bba379aef3be6ab,2019-01-31,Taxis,taxis,Petrol,44,44,reported_numeric
25c9a68a5ab066abae1f07f8534cfcbdb2fd55ba30af65c39bba379aef3be6ab,2019-01-31,Taxis,taxis,Petrol-CNG,0,0,reported_numeric
25c9a68a5ab066abae1f07f8534cfcbdb2fd55ba30af65c39bba379aef3be6ab,2019-01-31,Taxis,taxis,Petrol-Electric,5553,5553,reported_numeric
25c9a68a5ab066abae1f07f8534cfcbdb2fd55ba30af65c39bba379aef3be6ab,2019-02-28,Buses,buses,CNG,8,8,reported_numeric
25c9a68a5ab066abae1f07f8534cfcbdb2fd55ba30af65c39bba379aef3be6ab,2019-02-28,Buses,buses,Diesel,18912,18912,reported_numeric
25c9a68a5ab066abae1f07f8534cfcbdb2fd55ba30af65c39bba379aef3be6ab,2019-02-28,Buses,buses,Diesel-Electric,43,43,reported_numeric
25c9a68a5ab066abae1f07f8534cfcbdb2fd55ba30af65c39bba379aef3be6ab,2019-02-28,Buses,buses,Electric,4,4,reported_numeric
25c9a68a5ab066abae1f07f8534cfcbdb2fd55ba30af65c39bba379aef3be6ab,2019-02-28,Buses,buses,Petrol,30,30,reported_numeric
25c9a68a5ab066abae1f07f8534cfcbdb2fd55ba30af65c39bba379aef3be6ab,2019-02-28,Buses,buses,Petrol-CNG,0,0,reported_numeric
25c9a68a5ab066abae1f07f8534cfcbdb2fd55ba30af65c39bba379aef3be6ab,2019-02-28,Cars,cars,CNG,0,0,reported_numeric
25c9a68a5ab066abae1f07f8534cfcbdb2fd55ba30af65c39bba379aef3be6ab,2019-02-28,Cars,cars,Diesel,17354,17354,reported_numeric
25c9a68a5ab066abae1f07f8534cfcbdb2fd55ba30af65c39bba379aef3be6ab,2019-02-28,Cars,cars,Diesel-Electric,20,20,reported_numeric
25c9a68a5ab066abae1f07f8534cfcbdb2fd55ba30af65c39bba379aef3be6ab,2019-02-28,Cars,cars,Electric,676,676,reported_numeric
25c9a68a5ab066abae1f07f8534cfcbdb2fd55ba30af65c39bba379aef3be6ab,2019-02-28,Cars,cars,Petrol,570512,570512,reported_numeric
25c9a68a5ab066abae1f07f8534cfcbdb2fd55ba30af65c39bba379aef3be6ab,2019-02-28,Cars,cars,Petrol-CNG,356,356,reported_numeric
25c9a68a5ab066abae1f07f8534cfcbdb2fd55ba30af65c39bba379aef3be6ab,2019-02-28,Cars,cars,Petrol-Electric,28679,28679,reported_numeric
25c9a68a5ab066abae1f07f8534cfcbdb2fd55ba30af65c39bba379aef3be6ab,2019-02-28,Cars,cars,Petrol-Electric (Plug-In),397,397,reported_numeric
25c9a68a5ab066abae1f07f8534cfcbdb2fd55ba30af65c39bba379aef3be6ab,2019-02-28,Goods & Other Vehicles,goods_and_other_vehicles,CNG,2,2,reported_numeric
25c9a68a5ab066abae1f07f8534cfcbdb2fd55ba30af65c39bba379aef3be6ab,2019-02-28,Goods & Other Vehicles,goods_and_other_vehicles,Diesel,136457,136457,reported_numeric
25c9a68a5ab066abae1f07f8534cfcbdb2fd55ba30af65c39bba379aef3be6ab,2019-02-28,Goods & Other Vehicles,goods_and_other_vehicles,Diesel-Electric,7,7,reported_numeric
25c9a68a5ab066abae1f07f8534cfcbdb2fd55ba30af65c39bba379aef3be6ab,2019-02-28,Goods & Other Vehicles,goods_and_other_vehicles,Electric,40,40,reported_numeric
25c9a68a5ab066abae1f07f8534cfcbdb2fd55ba30af65c39bba379aef3be6ab,2019-02-28,Goods & Other Vehicles,goods_and_other_vehicles,Petrol,4857,4857,reported_numeric
25c9a68a5ab066abae1f07f8534cfcbdb2fd55ba30af65c39bba379aef3be6ab,2019-02-28,Goods & Other Vehicles,goods_and_other_vehicles,Petrol-CNG,2,2,reported_numeric
25c9a68a5ab066abae1f07f8534cfcbdb2fd55ba30af65c39bba379aef3be6ab,2019-02-28,Goods & Other Vehicles,goods_and_other_vehicles,Petrol-Electric,1,1,reported_numeric
25c9a68a5ab066abae1f07f8534cfcbdb2fd55ba30af65c39bba379aef3be6ab,2019-02-28,Motor-cycles,motorcycles,Electric,2,2,reported_numeric
25c9a68a5ab066abae1f07f8534cfcbdb2fd55ba30af65c39bba379aef3be6ab,2019-02-28,Motor-cycles,motorcycles,Petrol,137165,137165,reported_numeric
25c9a68a5ab066abae1f07f8534cfcbdb2fd55ba30af65c39bba379aef3be6ab,2019-02-28,Taxis,taxis,CNG,0,0,reported_numeric
25c9a68a5ab066abae1f07f8534cfcbdb2fd55ba30af65c39bba379aef3be6ab,2019-02-28,Taxis,taxis,Diesel,14454,14454,reported_numeric
25c9a68a5ab066abae1f07f8534cfcbdb2fd55ba30af65c39bba379aef3be6ab,2019-02-28,Taxis,taxis,Electric,115,115,reported_numeric
25c9a68a5ab066abae1f07f8534cfcbdb2fd55ba30af65c39bba379aef3be6ab,2019-02-28,Taxis,taxis,Petrol,41,41,reported_numeric
25c9a68a5ab066abae1f07f8534cfcbdb2fd55ba30af65c39bba379aef3be6ab,2019-02-28,Taxis,taxis,Petrol-CNG,0,0,reported_numeric
25c9a68a5ab066abae1f07f8534cfcbdb2fd55ba30af65c39bba379aef3be6ab,2019-02-28,Taxis,taxis,Petrol-Electric,5646,5646,reported_numeric
25c9a68a5ab066abae1f07f8534cfcbdb2fd55ba30af65c39bba379aef3be6ab,2019-03-31,Buses,buses,CNG,8,8,reported_numeric
25c9a68a5ab066abae1f07f8534cfcbdb2fd55ba30af65c39bba379aef3be6ab,2019-03-31,Buses,buses,Diesel,18936,18936,reported_numeric
25c9a68a5ab066abae1f07f8534cfcbdb2fd55ba30af65c39bba379aef3be6ab,2019-03-31,Buses,buses,Diesel-Electric,53,53,reported_numeric
25c9a68a5ab066abae1f07f8534cfcbdb2fd55ba30af65c39bba379aef3be6ab,2019-03-31,Buses,buses,Electric,5,5,reported_numeric
25c9a68a5ab066abae1f07f8534cfcbdb2fd55ba30af65c39bba379aef3be6ab,2019-03-31,Buses,buses,Petrol,29,29,reported_numeric
25c9a68a5ab066abae1f07f8534cfcbdb2fd55ba30af65c39bba379aef3be6ab,2019-03-31,Buses,buses,Petrol-CNG,0,0,reported_numeric
25c9a68a5ab066abae1f07f8534cfcbdb2fd55ba30af65c39bba379aef3be6ab,2019-03-31,Cars,cars,CNG,0,0,reported_numeric
25c9a68a5ab066abae1f07f8534cfcbdb2fd55ba30af65c39bba379aef3be6ab,2019-03-31,Cars,cars,Diesel,17422,17422,reported_numeric
25c9a68a5ab066abae1f07f8534cfcbdb2fd55ba30af65c39bba379aef3be6ab,2019-03-31,Cars,cars,Diesel-Electric,19,19,reported_numeric
25c9a68a5ab066abae1f07f8534cfcbdb2fd55ba30af65c39bba379aef3be6ab,2019-03-31,Cars,cars,Electric,694,694,reported_numeric
25c9a68a5ab066abae1f07f8534cfcbdb2fd55ba30af65c39bba379aef3be6ab,2019-03-31,Cars,cars,Petrol,570609,570609,reported_numeric
25c9a68a5ab066abae1f07f8534cfcbdb2fd55ba30af65c39bba379aef3be6ab,2019-03-31,Cars,cars,Petrol-CNG,342,342,reported_numeric
25c9a68a5ab066abae1f07f8534cfcbdb2fd55ba30af65c39bba379aef3be6ab,2019-03-31,Cars,cars,Petrol-Electric,29354,29354,reported_numeric
25c9a68a5ab066abae1f07f8534cfcbdb2fd55ba30af65c39bba379aef3be6ab,2019-03-31,Cars,cars,Petrol-Electric (Plug-In),406,406,reported_numeric
25c9a68a5ab066abae1f07f8534cfcbdb2fd55ba30af65c39bba379aef3be6ab,2019-03-31,Goods & Other Vehicles,goods_and_other_vehicles,CNG,2,2,reported_numeric
25c9a68a5ab066abae1f07f8534cfcbdb2fd55ba30af65c39bba379aef3be6ab,2019-03-31,Goods & Other Vehicles,goods_and_other_vehicles,Diesel,136023,136023,reported_numeric
25c9a68a5ab066abae1f07f8534cfcbdb2fd55ba30af65c39bba379aef3be6ab,2019-03-31,Goods & Other Vehicles,goods_and_other_vehicles,Diesel-Electric,7,7,reported_numeric
25c9a68a5ab066abae1f07f8534cfcbdb2fd55ba30af65c39bba379aef3be6ab,2019-03-31,Goods & Other Vehicles,goods_and_other_vehicles,Electric,42,42,reported_numeric
25c9a68a5ab066abae1f07f8534cfcbdb2fd55ba30af65c39bba379aef3be6ab,2019-03-31,Goods & Other Vehicles,goods_and_other_vehicles,Petrol,4799,4799,reported_numeric
25c9a68a5ab066abae1f07f8534cfcbdb2fd55ba30af65c39bba379aef3be6ab,2019-03-31,Goods & Other Vehicles,goods_and_other_vehicles,Petrol-CNG,2,2,reported_numeric
25c9a68a5ab066abae1f07f8534cfcbdb2fd55ba30af65c39bba379aef3be6ab,2019-03-31,Goods & Other Vehicles,goods_and_other_vehicles,Petrol-Electric,1,1,reported_numeric
25c9a68a5ab066abae1f07f8534cfcbdb2fd55ba30af65c39bba379aef3be6ab,2019-03-31,Motor-cycles,motorcycles,Electric,2,2,reported_numeric
25c9a68a5ab066abae1f07f8534cfcbdb2fd55ba30af65c39bba379aef3be6ab,2019-03-31,Motor-cycles,motorcycles,Petrol,137270,137270,reported_numeric
25c9a68a5ab066abae1f07f8534cfcbdb2fd55ba30af65c39bba379aef3be6ab,2019-03-31,Taxis,taxis,CNG,0,0,reported_numeric
25c9a68a5ab066abae1f07f8534cfcbdb2fd55ba30af65c39bba379aef3be6ab,2019-03-31,Taxis,taxis,Diesel,14048,14048,reported_numeric
25c9a68a5ab066abae1f07f8534cfcbdb2fd55ba30af65c39bba379aef3be6ab,2019-03-31,Taxis,taxis,Electric,127,127,reported_numeric
25c9a68a5ab066abae1f07f8534cfcbdb2fd55ba30af65c39bba379aef3be6ab,2019-03-31,Taxis,taxis,Petrol,38,38,reported_numeric
25c9a68a5ab066abae1f07f8534cfcbdb2fd55ba30af65c39bba379aef3be6ab,2019-03-31,Taxis,taxis,Petrol-CNG,0,0,reported_numeric
25c9a68a5ab066abae1f07f8534cfcbdb2fd55ba30af65c39bba379aef3be6ab,2019-03-31,Taxis,taxis,Petrol-Electric,5848,5848,reported_numeric
25c9a68a5ab066abae1f07f8534cfcbdb2fd55ba30af65c39bba379aef3be6ab,2019-04-30,Buses,buses,CNG,7,7,reported_numeric
25c9a68a5ab066abae1f07f8534cfcbdb2fd55ba30af65c39bba379aef3be6ab,2019-04-30,Buses,buses,Diesel,19073,19073,reported_numeric
25c9a68a5ab066abae1f07f8534cfcbdb2fd55ba30af65c39bba379aef3be6ab,2019-04-30,Buses,buses,Diesel-Electric,52,52,reported_numeric
25c9a68a5ab066abae1f07f8534cfcbdb2fd55ba30af65c39bba379aef3be6ab,2019-04-30,Buses,buses,Electric,5,5,reported_numeric
25c9a68a5ab066abae1f07f8534cfcbdb2fd55ba30af65c39bba379aef3be6ab,2019-04-30,Buses,buses,Petrol,28,28,reported_numeric
25c9a68a5ab066abae1f07f8534cfcbdb2fd55ba30af65c39bba379aef3be6ab,2019-04-30,Buses,buses,Petrol-CNG,0,0,reported_numeric
25c9a68a5ab066abae1f07f8534cfcbdb2fd55ba30af65c39bba379aef3be6ab,2019-04-30,Cars,cars,CNG,0,0,reported_numeric
25c9a68a5ab066abae1f07f8534cfcbdb2fd55ba30af65c39bba379aef3be6ab,2019-04-30,Cars,cars,Diesel,17534,17534,reported_numeric
25c9a68a5ab066abae1f07f8534cfcbdb2fd55ba30af65c39bba379aef3be6ab,2019-04-30,Cars,cars,Diesel-Electric,19,19,reported_numeric
25c9a68a5ab066abae1f07f8534cfcbdb2fd55ba30af65c39bba379aef3be6ab,2019-04-30,Cars,cars,Electric,729,729,reported_numeric
25c9a68a5ab066abae1f07f8534cfcbdb2fd55ba30af65c39bba379aef3be6ab,2019-04-30,Cars,cars,Petrol,572114,572114,reported_numeric
25c9a68a5ab066abae1f07f8534cfcbdb2fd55ba30af65c39bba379aef3be6ab,2019-04-30,Cars,cars,Petrol-CNG,331,331,reported_numeric
25c9a68a5ab066abae1f07f8534cfcbdb2fd55ba30af65c39bba379aef3be6ab,2019-04-30,Cars,cars,Petrol-Electric,29931,29931,reported_numeric
25c9a68a5ab066abae1f07f8534cfcbdb2fd55ba30af65c39bba379aef3be6ab,2019-04-30,Cars,cars,Petrol-Electric (Plug-In),410,410,reported_numeric
25c9a68a5ab066abae1f07f8534cfcbdb2fd55ba30af65c39bba379aef3be6ab,2019-04-30,Goods & Other Vehicles,goods_and_other_vehicles,CNG,2,2,reported_numeric
25c9a68a5ab066abae1f07f8534cfcbdb2fd55ba30af65c39bba379aef3be6ab,2019-04-30,Goods & Other Vehicles,goods_and_other_vehicles,Diesel,136126,136126,reported_numeric
25c9a68a5ab066abae1f07f8534cfcbdb2fd55ba30af65c39bba379aef3be6ab,2019-04-30,Goods & Other Vehicles,goods_and_other_vehicles,Diesel-Electric,7,7,reported_numeric
25c9a68a5ab066abae1f07f8534cfcbdb2fd55ba30af65c39bba379aef3be6ab,2019-04-30,Goods & Other Vehicles,goods_and_other_vehicles,Electric,43,43,reported_numeric
25c9a68a5ab066abae1f07f8534cfcbdb2fd55ba30af65c39bba379aef3be6ab,2019-04-30,Goods & Other Vehicles,goods_and_other_vehicles,Petrol,4795,4795,reported_numeric
25c9a68a5ab066abae1f07f8534cfcbdb2fd55ba30af65c39bba379aef3be6ab,2019-04-30,Goods & Other Vehicles,goods_and_other_vehicles,Petrol-CNG,2,2,reported_numeric
25c9a68a5ab066abae1f07f8534cfcbdb2fd55ba30af65c39bba379aef3be6ab,2019-04-30,Goods & Other Vehicles,goods_and_other_vehicles,Petrol-Electric,1,1,reported_numeric
25c9a68a5ab066abae1f07f8534cfcbdb2fd55ba30af65c39bba379aef3be6ab,2019-04-30,Motor-cycles,motorcycles,Electric,2,2,reported_numeric
25c9a68a5ab066abae1f07f8534cfcbdb2fd55ba30af65c39bba379aef3be6ab,2019-04-30,Motor-cycles,motorcycles,Petrol,137481,137481,reported_numeric
25c9a68a5ab066abae1f07f8534cfcbdb2fd55ba30af65c39bba379aef3be6ab,2019-04-30,Taxis,taxis,CNG,0,0,reported_numeric
25c9a68a5ab066abae1f07f8534cfcbdb2fd55ba30af65c39bba379aef3be6ab,2019-04-30,Taxis,taxis,Diesel,13594,13594,reported_numeric
25c9a68a5ab066abae1f07f8534cfcbdb2fd55ba30af65c39bba379aef3be6ab,2019-04-30,Taxis,taxis,Electric,133,133,reported_numeric
25c9a68a5ab066abae1f07f8534cfcbdb2fd55ba30af65c39bba379aef3be6ab,2019-04-30,Taxis,taxis,Petrol,31,31,reported_numeric
25c9a68a5ab066abae1f07f8534cfcbdb2fd55ba30af65c39bba379aef3be6ab,2019-04-30,Taxis,taxis,Petrol-CNG,0,0,reported_numeric
25c9a68a5ab066abae1f07f8534cfcbdb2fd55ba30af65c39bba379aef3be6ab,2019-04-30,Taxis,taxis,Petrol-Electric,6169,6169,reported_numeric
25c9a68a5ab066abae1f07f8534cfcbdb2fd55ba30af65c39bba379aef3be6ab,2019-05-31,Buses,buses,CNG,7,7,reported_numeric
25c9a68a5ab066abae1f07f8534cfcbdb2fd55ba30af65c39bba379aef3be6ab,2019-05-31,Buses,buses,Diesel,19081,19081,reported_numeric
25c9a68a5ab066abae1f07f8534cfcbdb2fd55ba30af65c39bba379aef3be6ab,2019-05-31,Buses,buses,Diesel-Electric,52,52,reported_numeric
25c9a68a5ab066abae1f07f8534cfcbdb2fd55ba30af65c39bba379aef3be6ab,2019-05-31,Buses,buses,Electric,5,5,reported_numeric
25c9a68a5ab066abae1f07f8534cfcbdb2fd55ba30af65c39bba379aef3be6ab,2019-05-31,Buses,buses,Petrol,26,26,reported_numeric
25c9a68a5ab066abae1f07f8534cfcbdb2fd55ba30af65c39bba379aef3be6ab,2019-05-31,Buses,buses,Petrol-CNG,0,0,reported_numeric
25c9a68a5ab066abae1f07f8534cfcbdb2fd55ba30af65c39bba379aef3be6ab,2019-05-31,Cars,cars,CNG,0,0,reported_numeric
25c9a68a5ab066abae1f07f8534cfcbdb2fd55ba30af65c39bba379aef3be6ab,2019-05-31,Cars,cars,Diesel,17642,17642,reported_numeric
25c9a68a5ab066abae1f07f8534cfcbdb2fd55ba30af65c39bba379aef3be6ab,2019-05-31,Cars,cars,Diesel-Electric,19,19,reported_numeric
25c9a68a5ab066abae1f07f8534cfcbdb2fd55ba30af65c39bba379aef3be6ab,2019-05-31,Cars,cars,Electric,796,796,reported_numeric
25c9a68a5ab066abae1f07f8534cfcbdb2fd55ba30af65c39bba379aef3be6ab,2019-05-31,Cars,cars,Petrol,573110,573110,reported_numeric
25c9a68a5ab066abae1f07f8534cfcbdb2fd55ba30af65c39bba379aef3be6ab,2019-05-31,Cars,cars,Petrol-CNG,319,319,reported_numeric
25c9a68a5ab066abae1f07f8534cfcbdb2fd55ba30af65c39bba379aef3be6ab,2019-05-31,Cars,cars,Petrol-Electric,30485,30485,reported_numeric
25c9a68a5ab066abae1f07f8534cfcbdb2fd55ba30af65c39bba379aef3be6ab,2019-05-31,Cars,cars,Petrol-Electric (Plug-In),417,417,reported_numeric
25c9a68a5ab066abae1f07f8534cfcbdb2fd55ba30af65c39bba379aef3be6ab,2019-05-31,Goods & Other Vehicles,goods_and_other_vehicles,CNG,2,2,reported_numeric
25c9a68a5ab066abae1f07f8534cfcbdb2fd55ba30af65c39bba379aef3be6ab,2019-05-31,Goods & Other Vehicles,goods_and_other_vehicles,Diesel,135963,135963,reported_numeric
25c9a68a5ab066abae1f07f8534cfcbdb2fd55ba30af65c39bba379aef3be6ab,2019-05-31,Goods & Other Vehicles,goods_and_other_vehicles,Diesel-Electric,7,7,reported_numeric
25c9a68a5ab066abae1f07f8534cfcbdb2fd55ba30af65c39bba379aef3be6ab,2019-05-31,Goods & Other Vehicles,goods_and_other_vehicles,Electric,43,43,reported_numeric
25c9a68a5ab066abae1f07f8534cfcbdb2fd55ba30af65c39bba379aef3be6ab,2019-05-31,Goods & Other Vehicles,goods_and_other_vehicles,Petrol,4823,4823,reported_numeric
25c9a68a5ab066abae1f07f8534cfcbdb2fd55ba30af65c39bba379aef3be6ab,2019-05-31,Goods & Other Vehicles,goods_and_other_vehicles,Petrol-CNG,2,2,reported_numeric
25c9a68a5ab066abae1f07f8534cfcbdb2fd55ba30af65c39bba379aef3be6ab,2019-05-31,Goods & Other Vehicles,goods_and_other_vehicles,Petrol-Electric,1,1,reported_numeric
25c9a68a5ab066abae1f07f8534cfcbdb2fd55ba30af65c39bba379aef3be6ab,2019-05-31,Motor-cycles,motorcycles,Electric,2,2,reported_numeric
25c9a68a5ab066abae1f07f8534cfcbdb2fd55ba30af65c39bba379aef3be6ab,2019-05-31,Motor-cycles,motorcycles,Petrol,137748,137748,reported_numeric
25c9a68a5ab066abae1f07f8534cfcbdb2fd55ba30af65c39bba379aef3be6ab,2019-05-31,Taxis,taxis,CNG,0,0,reported_numeric
25c9a68a5ab066abae1f07f8534cfcbdb2fd55ba30af65c39bba379aef3be6ab,2019-05-31,Taxis,taxis,Diesel,13083,13083,reported_numeric
25c9a68a5ab066abae1f07f8534cfcbdb2fd55ba30af65c39bba379aef3be6ab,2019-05-31,Taxis,taxis,Electric,133,133,reported_numeric
25c9a68a5ab066abae1f07f8534cfcbdb2fd55ba30af65c39bba379aef3be6ab,2019-05-31,Taxis,taxis,Petrol,27,27,reported_numeric
25c9a68a5ab066abae1f07f8534cfcbdb2fd55ba30af65c39bba379aef3be6ab,2019-05-31,Taxis,taxis,Petrol-CNG,0,0,reported_numeric
25c9a68a5ab066abae1f07f8534cfcbdb2fd55ba30af65c39bba379aef3be6ab,2019-05-31,Taxis,taxis,Petrol-Electric,6508,6508,reported_numeric
25c9a68a5ab066abae1f07f8534cfcbdb2fd55ba30af65c39bba379aef3be6ab,2019-06-30,Buses,buses,CNG,7,7,reported_numeric
25c9a68a5ab066abae1f07f8534cfcbdb2fd55ba30af65c39bba379aef3be6ab,2019-06-30,Buses,buses,Diesel,19104,19104,reported_numeric
25c9a68a5ab066abae1f07f8534cfcbdb2fd55ba30af65c39bba379aef3be6ab,2019-06-30,Buses,buses,Diesel-Electric,50,50,reported_numeric
25c9a68a5ab066abae1f07f8534cfcbdb2fd55ba30af65c39bba379aef3be6ab,2019-06-30,Buses,buses,Electric,5,5,reported_numeric
25c9a68a5ab066abae1f07f8534cfcbdb2fd55ba30af65c39bba379aef3be6ab,2019-06-30,Buses,buses,Petrol,25,25,reported_numeric
25c9a68a5ab066abae1f07f8534cfcbdb2fd55ba30af65c39bba379aef3be6ab,2019-06-30,Buses,buses,Petrol-CNG,0,0,reported_numeric
25c9a68a5ab066abae1f07f8534cfcbdb2fd55ba30af65c39bba379aef3be6ab,2019-06-30,Cars,cars,CNG,0,0,reported_numeric
25c9a68a5ab066abae1f07f8534cfcbdb2fd55ba30af65c39bba379aef3be6ab,2019-06-30,Cars,cars,Diesel,17719,17719,reported_numeric
25c9a68a5ab066abae1f07f8534cfcbdb2fd55ba30af65c39bba379aef3be6ab,2019-06-30,Cars,cars,Diesel-Electric,20,20,reported_numeric
25c9a68a5ab066abae1f07f8534cfcbdb2fd55ba30af65c39bba379aef3be6ab,2019-06-30,Cars,cars,Electric,832,832,reported_numeric
25c9a68a5ab066abae1f07f8534cfcbdb2fd55ba30af65c39bba379aef3be6ab,2019-06-30,Cars,cars,Petrol,574260,574260,reported_numeric
25c9a68a5ab066abae1f07f8534cfcbdb2fd55ba30af65c39bba379aef3be6ab,2019-06-30,Cars,cars,Petrol-CNG,299,299,reported_numeric
25c9a68a5ab066abae1f07f8534cfcbdb2fd55ba30af65c39bba379aef3be6ab,2019-06-30,Cars,cars,Petrol-Electric,31117,31117,reported_numeric
25c9a68a5ab066abae1f07f8534cfcbdb2fd55ba30af65c39bba379aef3be6ab,2019-06-30,Cars,cars,Petrol-Electric (Plug-In),429,429,reported_numeric
25c9a68a5ab066abae1f07f8534cfcbdb2fd55ba30af65c39bba379aef3be6ab,2019-06-30,Goods & Other Vehicles,goods_and_other_vehicles,CNG,2,2,reported_numeric
25c9a68a5ab066abae1f07f8534cfcbdb2fd55ba30af65c39bba379aef3be6ab,2019-06-30,Goods & Other Vehicles,goods_and_other_vehicles,Diesel,135961,135961,reported_numeric
25c9a68a5ab066abae1f07f8534cfcbdb2fd55ba30af65c39bba379aef3be6ab,2019-06-30,Goods & Other Vehicles,goods_and_other_vehicles,Diesel-Electric,7,7,reported_numeric
25c9a68a5ab066abae1f07f8534cfcbdb2fd55ba30af65c39bba379aef3be6ab,2019-06-30,Goods & Other Vehicles,goods_and_other_vehicles,Electric,43,43,reported_numeric
25c9a68a5ab066abae1f07f8534cfcbdb2fd55ba30af65c39bba379aef3be6ab,2019-06-30,Goods & Other Vehicles,goods_and_other_vehicles,Petrol,4877,4877,reported_numeric
25c9a68a5ab066abae1f07f8534cfcbdb2fd55ba30af65c39bba379aef3be6ab,2019-06-30,Goods & Other Vehicles,goods_and_other_vehicles,Petrol-CNG,2,2,reported_numeric
25c9a68a5ab066abae1f07f8534cfcbdb2fd55ba30af65c39bba379aef3be6ab,2019-06-30,Goods & Other Vehicles,goods_and_other_vehicles,Petrol-Electric,1,1,reported_numeric
25c9a68a5ab066abae1f07f8534cfcbdb2fd55ba30af65c39bba379aef3be6ab,2019-06-30,Motor-cycles,motorcycles,Electric,2,2,reported_numeric
25c9a68a5ab066abae1f07f8534cfcbdb2fd55ba30af65c39bba379aef3be6ab,2019-06-30,Motor-cycles,motorcycles,Petrol,138269,138269,reported_numeric
25c9a68a5ab066abae1f07f8534cfcbdb2fd55ba30af65c39bba379aef3be6ab,2019-06-30,Taxis,taxis,CNG,0,0,reported_numeric
25c9a68a5ab066abae1f07f8534cfcbdb2fd55ba30af65c39bba379aef3be6ab,2019-06-30,Taxis,taxis,Diesel,12622,12622,reported_numeric
25c9a68a5ab066abae1f07f8534cfcbdb2fd55ba30af65c39bba379aef3be6ab,2019-06-30,Taxis,taxis,Electric,133,133,reported_numeric
25c9a68a5ab066abae1f07f8534cfcbdb2fd55ba30af65c39bba379aef3be6ab,2019-06-30,Taxis,taxis,Petrol,26,26,reported_numeric
25c9a68a5ab066abae1f07f8534cfcbdb2fd55ba30af65c39bba379aef3be6ab,2019-06-30,Taxis,taxis,Petrol-CNG,0,0,reported_numeric
25c9a68a5ab066abae1f07f8534cfcbdb2fd55ba30af65c39bba379aef3be6ab,2019-06-30,Taxis,taxis,Petrol-Electric,6697,6697,reported_numeric
25c9a68a5ab066abae1f07f8534cfcbdb2fd55ba30af65c39bba379aef3be6ab,2019-07-31,Buses,buses,CNG,6,6,reported_numeric
25c9a68a5ab066abae1f07f8534cfcbdb2fd55ba30af65c39bba379aef3be6ab,2019-07-31,Buses,buses,Diesel,19131,19131,reported_numeric
25c9a68a5ab066abae1f07f8534cfcbdb2fd55ba30af65c39bba379aef3be6ab,2019-07-31,Buses,buses,Diesel-Electric,50,50,reported_numeric
25c9a68a5ab066abae1f07f8534cfcbdb2fd55ba30af65c39bba379aef3be6ab,2019-07-31,Buses,buses,Electric,5,5,reported_numeric
25c9a68a5ab066abae1f07f8534cfcbdb2fd55ba30af65c39bba379aef3be6ab,2019-07-31,Buses,buses,Petrol,23,23,reported_numeric
25c9a68a5ab066abae1f07f8534cfcbdb2fd55ba30af65c39bba379aef3be6ab,2019-07-31,Buses,buses,Petrol-CNG,0,0,reported_numeric
25c9a68a5ab066abae1f07f8534cfcbdb2fd55ba30af65c39bba379aef3be6ab,2019-07-31,Cars,cars,CNG,0,0,reported_numeric
25c9a68a5ab066abae1f07f8534cfcbdb2fd55ba30af65c39bba379aef3be6ab,2019-07-31,Cars,cars,Diesel,17800,17800,reported_numeric
25c9a68a5ab066abae1f07f8534cfcbdb2fd55ba30af65c39bba379aef3be6ab,2019-07-31,Cars,cars,Diesel-Electric,20,20,reported_numeric
25c9a68a5ab066abae1f07f8534cfcbdb2fd55ba30af65c39bba379aef3be6ab,2019-07-31,Cars,cars,Electric,901,901,reported_numeric
25c9a68a5ab066abae1f07f8534cfcbdb2fd55ba30af65c39bba379aef3be6ab,2019-07-31,Cars,cars,Petrol,575210,575210,reported_numeric
25c9a68a5ab066abae1f07f8534cfcbdb2fd55ba30af65c39bba379aef3be6ab,2019-07-31,Cars,cars,Petrol-CNG,284,284,reported_numeric
25c9a68a5ab066abae1f07f8534cfcbdb2fd55ba30af65c39bba379aef3be6ab,2019-07-31,Cars,cars,Petrol-Electric,32043,32043,reported_numeric
25c9a68a5ab066abae1f07f8534cfcbdb2fd55ba30af65c39bba379aef3be6ab,2019-07-31,Cars,cars,Petrol-Electric (Plug-In),439,439,reported_numeric
25c9a68a5ab066abae1f07f8534cfcbdb2fd55ba30af65c39bba379aef3be6ab,2019-07-31,Goods & Other Vehicles,goods_and_other_vehicles,CNG,2,2,reported_numeric
25c9a68a5ab066abae1f07f8534cfcbdb2fd55ba30af65c39bba379aef3be6ab,2019-07-31,Goods & Other Vehicles,goods_and_other_vehicles,Diesel,135936,135936,reported_numeric
25c9a68a5ab066abae1f07f8534cfcbdb2fd55ba30af65c39bba379aef3be6ab,2019-07-31,Goods & Other Vehicles,goods_and_other_vehicles,Diesel-Electric,7,7,reported_numeric
25c9a68a5ab066abae1f07f8534cfcbdb2fd55ba30af65c39bba379aef3be6ab,2019-07-31,Goods & Other Vehicles,goods_and_other_vehicles,Electric,52,52,reported_numeric
25c9a68a5ab066abae1f07f8534cfcbdb2fd55ba30af65c39bba379aef3be6ab,2019-07-31,Goods & Other Vehicles,goods_and_other_vehicles,Petrol,4912,4912,reported_numeric
25c9a68a5ab066abae1f07f8534cfcbdb2fd55ba30af65c39bba379aef3be6ab,2019-07-31,Goods & Other Vehicles,goods_and_other_vehicles,Petrol-CNG,1,1,reported_numeric
25c9a68a5ab066abae1f07f8534cfcbdb2fd55ba30af65c39bba379aef3be6ab,2019-07-31,Goods & Other Vehicles,goods_and_other_vehicles,Petrol-Electric,1,1,reported_numeric
25c9a68a5ab066abae1f07f8534cfcbdb2fd55ba30af65c39bba379aef3be6ab,2019-07-31,Motor-cycles,motorcycles,Electric,2,2,reported_numeric
25c9a68a5ab066abae1f07f8534cfcbdb2fd55ba30af65c39bba379aef3be6ab,2019-07-31,Motor-cycles,motorcycles,Petrol,138808,138808,reported_numeric
25c9a68a5ab066abae1f07f8534cfcbdb2fd55ba30af65c39bba379aef3be6ab,2019-07-31,Taxis,taxis,CNG,0,0,reported_numeric
25c9a68a5ab066abae1f07f8534cfcbdb2fd55ba30af65c39bba379aef3be6ab,2019-07-31,Taxis,taxis,Diesel,11926,11926,reported_numeric
25c9a68a5ab066abae1f07f8534cfcbdb2fd55ba30af65c39bba379aef3be6ab,2019-07-31,Taxis,taxis,Electric,133,133,reported_numeric
25c9a68a5ab066abae1f07f8534cfcbdb2fd55ba30af65c39bba379aef3be6ab,2019-07-31,Taxis,taxis,Petrol,26,26,reported_numeric
25c9a68a5ab066abae1f07f8534cfcbdb2fd55ba30af65c39bba379aef3be6ab,2019-07-31,Taxis,taxis,Petrol-CNG,0,0,reported_numeric
25c9a68a5ab066abae1f07f8534cfcbdb2fd55ba30af65c39bba379aef3be6ab,2019-07-31,Taxis,taxis,Petrol-Electric,6985,6985,reported_numeric
25c9a68a5ab066abae1f07f8534cfcbdb2fd55ba30af65c39bba379aef3be6ab,2019-08-31,Buses,buses,CNG,6,6,reported_numeric
25c9a68a5ab066abae1f07f8534cfcbdb2fd55ba30af65c39bba379aef3be6ab,2019-08-31,Buses,buses,Diesel,19168,19168,reported_numeric
25c9a68a5ab066abae1f07f8534cfcbdb2fd55ba30af65c39bba379aef3be6ab,2019-08-31,Buses,buses,Diesel-Electric,50,50,reported_numeric
25c9a68a5ab066abae1f07f8534cfcbdb2fd55ba30af65c39bba379aef3be6ab,2019-08-31,Buses,buses,Electric,5,5,reported_numeric
25c9a68a5ab066abae1f07f8534cfcbdb2fd55ba30af65c39bba379aef3be6ab,2019-08-31,Buses,buses,Petrol,23,23,reported_numeric
25c9a68a5ab066abae1f07f8534cfcbdb2fd55ba30af65c39bba379aef3be6ab,2019-08-31,Buses,buses,Petrol-CNG,0,0,reported_numeric
25c9a68a5ab066abae1f07f8534cfcbdb2fd55ba30af65c39bba379aef3be6ab,2019-08-31,Cars,cars,CNG,0,0,reported_numeric
25c9a68a5ab066abae1f07f8534cfcbdb2fd55ba30af65c39bba379aef3be6ab,2019-08-31,Cars,cars,Diesel,17858,17858,reported_numeric
25c9a68a5ab066abae1f07f8534cfcbdb2fd55ba30af65c39bba379aef3be6ab,2019-08-31,Cars,cars,Diesel-Electric,20,20,reported_numeric
25c9a68a5ab066abae1f07f8534cfcbdb2fd55ba30af65c39bba379aef3be6ab,2019-08-31,Cars,cars,Electric,962,962,reported_numeric
25c9a68a5ab066abae1f07f8534cfcbdb2fd55ba30af65c39bba379aef3be6ab,2019-08-31,Cars,cars,Petrol,575132,575132,reported_numeric
25c9a68a5ab066abae1f07f8534cfcbdb2fd55ba30af65c39bba379aef3be6ab,2019-08-31,Cars,cars,Petrol-CNG,278,278,reported_numeric
25c9a68a5ab066abae1f07f8534cfcbdb2fd55ba30af65c39bba379aef3be6ab,2019-08-31,Cars,cars,Petrol-Electric,32800,32800,reported_numeric
25c9a68a5ab066abae1f07f8534cfcbdb2fd55ba30af65c39bba379aef3be6ab,2019-08-31,Cars,cars,Petrol-Electric (Plug-In),446,446,reported_numeric
25c9a68a5ab066abae1f07f8534cfcbdb2fd55ba30af65c39bba379aef3be6ab,2019-08-31,Goods & Other Vehicles,goods_and_other_vehicles,CNG,2,2,reported_numeric
25c9a68a5ab066abae1f07f8534cfcbdb2fd55ba30af65c39bba379aef3be6ab,2019-08-31,Goods & Other Vehicles,goods_and_other_vehicles,Diesel,135996,135996,reported_numeric
25c9a68a5ab066abae1f07f8534cfcbdb2fd55ba30af65c39bba379aef3be6ab,2019-08-31,Goods & Other Vehicles,goods_and_other_vehicles,Diesel-Electric,7,7,reported_numeric
25c9a68a5ab066abae1f07f8534cfcbdb2fd55ba30af65c39bba379aef3be6ab,2019-08-31,Goods & Other Vehicles,goods_and_other_vehicles,Electric,57,57,reported_numeric
25c9a68a5ab066abae1f07f8534cfcbdb2fd55ba30af65c39bba379aef3be6ab,2019-08-31,Goods & Other Vehicles,goods_and_other_vehicles,Petrol,4946,4946,reported_numeric
25c9a68a5ab066abae1f07f8534cfcbdb2fd55ba30af65c39bba379aef3be6ab,2019-08-31,Goods & Other Vehicles,goods_and_other_vehicles,Petrol-CNG,1,1,reported_numeric
25c9a68a5ab066abae1f07f8534cfcbdb2fd55ba30af65c39bba379aef3be6ab,2019-08-31,Goods & Other Vehicles,goods_and_other_vehicles,Petrol-Electric,1,1,reported_numeric
25c9a68a5ab066abae1f07f8534cfcbdb2fd55ba30af65c39bba379aef3be6ab,2019-08-31,Motor-cycles,motorcycles,Electric,2,2,reported_numeric
25c9a68a5ab066abae1f07f8534cfcbdb2fd55ba30af65c39bba379aef3be6ab,2019-08-31,Motor-cycles,motorcycles,Petrol,139094,139094,reported_numeric
25c9a68a5ab066abae1f07f8534cfcbdb2fd55ba30af65c39bba379aef3be6ab,2019-08-31,Taxis,taxis,CNG,0,0,reported_numeric
25c9a68a5ab066abae1f07f8534cfcbdb2fd55ba30af65c39bba379aef3be6ab,2019-08-31,Taxis,taxis,Diesel,11618,11618,reported_numeric
25c9a68a5ab066abae1f07f8534cfcbdb2fd55ba30af65c39bba379aef3be6ab,2019-08-31,Taxis,taxis,Electric,133,133,reported_numeric
25c9a68a5ab066abae1f07f8534cfcbdb2fd55ba30af65c39bba379aef3be6ab,2019-08-31,Taxis,taxis,Petrol,25,25,reported_numeric
25c9a68a5ab066abae1f07f8534cfcbdb2fd55ba30af65c39bba379aef3be6ab,2019-08-31,Taxis,taxis,Petrol-CNG,0,0,reported_numeric
25c9a68a5ab066abae1f07f8534cfcbdb2fd55ba30af65c39bba379aef3be6ab,2019-08-31,Taxis,taxis,Petrol-Electric,7213,7213,reported_numeric
25c9a68a5ab066abae1f07f8534cfcbdb2fd55ba30af65c39bba379aef3be6ab,2019-09-30,Buses,buses,CNG,0,0,reported_numeric
25c9a68a5ab066abae1f07f8534cfcbdb2fd55ba30af65c39bba379aef3be6ab,2019-09-30,Buses,buses,Diesel,19182,19182,reported_numeric
25c9a68a5ab066abae1f07f8534cfcbdb2fd55ba30af65c39bba379aef3be6ab,2019-09-30,Buses,buses,Diesel-Electric,50,50,reported_numeric
25c9a68a5ab066abae1f07f8534cfcbdb2fd55ba30af65c39bba379aef3be6ab,2019-09-30,Buses,buses,Electric,6,6,reported_numeric
25c9a68a5ab066abae1f07f8534cfcbdb2fd55ba30af65c39bba379aef3be6ab,2019-09-30,Buses,buses,Petrol,21,21,reported_numeric
25c9a68a5ab066abae1f07f8534cfcbdb2fd55ba30af65c39bba379aef3be6ab,2019-09-30,Buses,buses,Petrol-CNG,0,0,reported_numeric
25c9a68a5ab066abae1f07f8534cfcbdb2fd55ba30af65c39bba379aef3be6ab,2019-09-30,Cars,cars,CNG,0,0,reported_numeric
25c9a68a5ab066abae1f07f8534cfcbdb2fd55ba30af65c39bba379aef3be6ab,2019-09-30,Cars,cars,Diesel,17928,17928,reported_numeric
25c9a68a5ab066abae1f07f8534cfcbdb2fd55ba30af65c39bba379aef3be6ab,2019-09-30,Cars,cars,Diesel-Electric,19,19,reported_numeric
25c9a68a5ab066abae1f07f8534cfcbdb2fd55ba30af65c39bba379aef3be6ab,2019-09-30,Cars,cars,Electric,1036,1036,reported_numeric
25c9a68a5ab066abae1f07f8534cfcbdb2fd55ba30af65c39bba379aef3be6ab,2019-09-30,Cars,cars,Petrol,575493,575493,reported_numeric
25c9a68a5ab066abae1f07f8534cfcbdb2fd55ba30af65c39bba379aef3be6ab,2019-09-30,Cars,cars,Petrol-CNG,273,273,reported_numeric
25c9a68a5ab066abae1f07f8534cfcbdb2fd55ba30af65c39bba379aef3be6ab,2019-09-30,Cars,cars,Petrol-Electric,33620,33620,reported_numeric
25c9a68a5ab066abae1f07f8534cfcbdb2fd55ba30af65c39bba379aef3be6ab,2019-09-30,Cars,cars,Petrol-Electric (Plug-In),447,447,reported_numeric
25c9a68a5ab066abae1f07f8534cfcbdb2fd55ba30af65c39bba379aef3be6ab,2019-09-30,Goods & Other Vehicles,goods_and_other_vehicles,CNG,2,2,reported_numeric
25c9a68a5ab066abae1f07f8534cfcbdb2fd55ba30af65c39bba379aef3be6ab,2019-09-30,Goods & Other Vehicles,goods_and_other_vehicles,Diesel,136035,136035,reported_numeric
25c9a68a5ab066abae1f07f8534cfcbdb2fd55ba30af65c39bba379aef3be6ab,2019-09-30,Goods & Other Vehicles,goods_and_other_vehicles,Diesel-Electric,7,7,reported_numeric
25c9a68a5ab066abae1f07f8534cfcbdb2fd55ba30af65c39bba379aef3be6ab,2019-09-30,Goods & Other Vehicles,goods_and_other_vehicles,Electric,57,57,reported_numeric
25c9a68a5ab066abae1f07f8534cfcbdb2fd55ba30af65c39bba379aef3be6ab,2019-09-30,Goods & Other Vehicles,goods_and_other_vehicles,Petrol,4990,4990,reported_numeric
25c9a68a5ab066abae1f07f8534cfcbdb2fd55ba30af65c39bba379aef3be6ab,2019-09-30,Goods & Other Vehicles,goods_and_other_vehicles,Petrol-CNG,1,1,reported_numeric
25c9a68a5ab066abae1f07f8534cfcbdb2fd55ba30af65c39bba379aef3be6ab,2019-09-30,Goods & Other Vehicles,goods_and_other_vehicles,Petrol-Electric,1,1,reported_numeric
25c9a68a5ab066abae1f07f8534cfcbdb2fd55ba30af65c39bba379aef3be6ab,2019-09-30,Motor-cycles,motorcycles,Electric,2,2,reported_numeric
25c9a68a5ab066abae1f07f8534cfcbdb2fd55ba30af65c39bba379aef3be6ab,2019-09-30,Motor-cycles,motorcycles,Petrol,139246,139246,reported_numeric
25c9a68a5ab066abae1f07f8534cfcbdb2fd55ba30af65c39bba379aef3be6ab,2019-09-30,Taxis,taxis,CNG,0,0,reported_numeric
25c9a68a5ab066abae1f07f8534cfcbdb2fd55ba30af65c39bba379aef3be6ab,2019-09-30,Taxis,taxis,Diesel,11355,11355,reported_numeric
25c9a68a5ab066abae1f07f8534cfcbdb2fd55ba30af65c39bba379aef3be6ab,2019-09-30,Taxis,taxis,Electric,133,133,reported_numeric
25c9a68a5ab066abae1f07f8534cfcbdb2fd55ba30af65c39bba379aef3be6ab,2019-09-30,Taxis,taxis,Petrol,25,25,reported_numeric
25c9a68a5ab066abae1f07f8534cfcbdb2fd55ba30af65c39bba379aef3be6ab,2019-09-30,Taxis,taxis,Petrol-CNG,0,0,reported_numeric
25c9a68a5ab066abae1f07f8534cfcbdb2fd55ba30af65c39bba379aef3be6ab,2019-09-30,Taxis,taxis,Petrol-Electric,7259,7259,reported_numeric
25c9a68a5ab066abae1f07f8534cfcbdb2fd55ba30af65c39bba379aef3be6ab,2019-10-31,Buses,buses,CNG,0,0,reported_numeric
25c9a68a5ab066abae1f07f8534cfcbdb2fd55ba30af65c39bba379aef3be6ab,2019-10-31,Buses,buses,Diesel,19191,19191,reported_numeric
25c9a68a5ab066abae1f07f8534cfcbdb2fd55ba30af65c39bba379aef3be6ab,2019-10-31,Buses,buses,Diesel-Electric,50,50,reported_numeric
25c9a68a5ab066abae1f07f8534cfcbdb2fd55ba30af65c39bba379aef3be6ab,2019-10-31,Buses,buses,Electric,8,8,reported_numeric
25c9a68a5ab066abae1f07f8534cfcbdb2fd55ba30af65c39bba379aef3be6ab,2019-10-31,Buses,buses,Petrol,19,19,reported_numeric
25c9a68a5ab066abae1f07f8534cfcbdb2fd55ba30af65c39bba379aef3be6ab,2019-10-31,Buses,buses,Petrol-CNG,0,0,reported_numeric
25c9a68a5ab066abae1f07f8534cfcbdb2fd55ba30af65c39bba379aef3be6ab,2019-10-31,Cars,cars,CNG,0,0,reported_numeric
25c9a68a5ab066abae1f07f8534cfcbdb2fd55ba30af65c39bba379aef3be6ab,2019-10-31,Cars,cars,Diesel,17957,17957,reported_numeric
25c9a68a5ab066abae1f07f8534cfcbdb2fd55ba30af65c39bba379aef3be6ab,2019-10-31,Cars,cars,Diesel-Electric,19,19,reported_numeric
25c9a68a5ab066abae1f07f8534cfcbdb2fd55ba30af65c39bba379aef3be6ab,2019-10-31,Cars,cars,Electric,1109,1109,reported_numeric
25c9a68a5ab066abae1f07f8534cfcbdb2fd55ba30af65c39bba379aef3be6ab,2019-10-31,Cars,cars,Petrol,575371,575371,reported_numeric
25c9a68a5ab066abae1f07f8534cfcbdb2fd55ba30af65c39bba379aef3be6ab,2019-10-31,Cars,cars,Petrol-CNG,264,264,reported_numeric
25c9a68a5ab066abae1f07f8534cfcbdb2fd55ba30af65c39bba379aef3be6ab,2019-10-31,Cars,cars,Petrol-Electric,34333,34333,reported_numeric
25c9a68a5ab066abae1f07f8534cfcbdb2fd55ba30af65c39bba379aef3be6ab,2019-10-31,Cars,cars,Petrol-Electric (Plug-In),457,457,reported_numeric
25c9a68a5ab066abae1f07f8534cfcbdb2fd55ba30af65c39bba379aef3be6ab,2019-10-31,Goods & Other Vehicles,goods_and_other_vehicles,CNG,2,2,reported_numeric
25c9a68a5ab066abae1f07f8534cfcbdb2fd55ba30af65c39bba379aef3be6ab,2019-10-31,Goods & Other Vehicles,goods_and_other_vehicles,Diesel,135980,135980,reported_numeric
25c9a68a5ab066abae1f07f8534cfcbdb2fd55ba30af65c39bba379aef3be6ab,2019-10-31,Goods & Other Vehicles,goods_and_other_vehicles,Diesel-Electric,7,7,reported_numeric
25c9a68a5ab066abae1f07f8534cfcbdb2fd55ba30af65c39bba379aef3be6ab,2019-10-31,Goods & Other Vehicles,goods_and_other_vehicles,Electric,58,58,reported_numeric
25c9a68a5ab066abae1f07f8534cfcbdb2fd55ba30af65c39bba379aef3be6ab,2019-10-31,Goods & Other Vehicles,goods_and_other_vehicles,Petrol,5029,5029,reported_numeric
25c9a68a5ab066abae1f07f8534cfcbdb2fd55ba30af65c39bba379aef3be6ab,2019-10-31,Goods & Other Vehicles,goods_and_other_vehicles,Petrol-CNG,1,1,reported_numeric
25c9a68a5ab066abae1f07f8534cfcbdb2fd55ba30af65c39bba379aef3be6ab,2019-10-31,Goods & Other Vehicles,goods_and_other_vehicles,Petrol-Electric,1,1,reported_numeric
25c9a68a5ab066abae1f07f8534cfcbdb2fd55ba30af65c39bba379aef3be6ab,2019-10-31,Motor-cycles,motorcycles,Electric,2,2,reported_numeric
25c9a68a5ab066abae1f07f8534cfcbdb2fd55ba30af65c39bba379aef3be6ab,2019-10-31,Motor-cycles,motorcycles,Petrol,139320,139320,reported_numeric
25c9a68a5ab066abae1f07f8534cfcbdb2fd55ba30af65c39bba379aef3be6ab,2019-10-31,Taxis,taxis,CNG,0,0,reported_numeric
25c9a68a5ab066abae1f07f8534cfcbdb2fd55ba30af65c39bba379aef3be6ab,2019-10-31,Taxis,taxis,Diesel,11022,11022,reported_numeric
25c9a68a5ab066abae1f07f8534cfcbdb2fd55ba30af65c39bba379aef3be6ab,2019-10-31,Taxis,taxis,Electric,133,133,reported_numeric
25c9a68a5ab066abae1f07f8534cfcbdb2fd55ba30af65c39bba379aef3be6ab,2019-10-31,Taxis,taxis,Petrol,25,25,reported_numeric
25c9a68a5ab066abae1f07f8534cfcbdb2fd55ba30af65c39bba379aef3be6ab,2019-10-31,Taxis,taxis,Petrol-CNG,0,0,reported_numeric
25c9a68a5ab066abae1f07f8534cfcbdb2fd55ba30af65c39bba379aef3be6ab,2019-10-31,Taxis,taxis,Petrol-Electric,7710,7710,reported_numeric
25c9a68a5ab066abae1f07f8534cfcbdb2fd55ba30af65c39bba379aef3be6ab,2019-11-30,Buses,buses,CNG,0,0,reported_numeric
25c9a68a5ab066abae1f07f8534cfcbdb2fd55ba30af65c39bba379aef3be6ab,2019-11-30,Buses,buses,Diesel,19223,19223,reported_numeric
25c9a68a5ab066abae1f07f8534cfcbdb2fd55ba30af65c39bba379aef3be6ab,2019-11-30,Buses,buses,Diesel-Electric,50,50,reported_numeric
25c9a68a5ab066abae1f07f8534cfcbdb2fd55ba30af65c39bba379aef3be6ab,2019-11-30,Buses,buses,Electric,10,10,reported_numeric
25c9a68a5ab066abae1f07f8534cfcbdb2fd55ba30af65c39bba379aef3be6ab,2019-11-30,Buses,buses,Petrol,19,19,reported_numeric
25c9a68a5ab066abae1f07f8534cfcbdb2fd55ba30af65c39bba379aef3be6ab,2019-11-30,Buses,buses,Petrol-CNG,0,0,reported_numeric
25c9a68a5ab066abae1f07f8534cfcbdb2fd55ba30af65c39bba379aef3be6ab,2019-11-30,Cars,cars,CNG,0,0,reported_numeric
25c9a68a5ab066abae1f07f8534cfcbdb2fd55ba30af65c39bba379aef3be6ab,2019-11-30,Cars,cars,Diesel,18013,18013,reported_numeric
25c9a68a5ab066abae1f07f8534cfcbdb2fd55ba30af65c39bba379aef3be6ab,2019-11-30,Cars,cars,Diesel-Electric,19,19,reported_numeric
25c9a68a5ab066abae1f07f8534cfcbdb2fd55ba30af65c39bba379aef3be6ab,2019-11-30,Cars,cars,Electric,1112,1112,reported_numeric
25c9a68a5ab066abae1f07f8534cfcbdb2fd55ba30af65c39bba379aef3be6ab,2019-11-30,Cars,cars,Petrol,575432,575432,reported_numeric
25c9a68a5ab066abae1f07f8534cfcbdb2fd55ba30af65c39bba379aef3be6ab,2019-11-30,Cars,cars,Petrol-CNG,256,256,reported_numeric
25c9a68a5ab066abae1f07f8534cfcbdb2fd55ba30af65c39bba379aef3be6ab,2019-11-30,Cars,cars,Petrol-Electric,35013,35013,reported_numeric
25c9a68a5ab066abae1f07f8534cfcbdb2fd55ba30af65c39bba379aef3be6ab,2019-11-30,Cars,cars,Petrol-Electric (Plug-In),462,462,reported_numeric
25c9a68a5ab066abae1f07f8534cfcbdb2fd55ba30af65c39bba379aef3be6ab,2019-11-30,Goods & Other Vehicles,goods_and_other_vehicles,CNG,2,2,reported_numeric
25c9a68a5ab066abae1f07f8534cfcbdb2fd55ba30af65c39bba379aef3be6ab,2019-11-30,Goods & Other Vehicles,goods_and_other_vehicles,Diesel,135851,135851,reported_numeric
25c9a68a5ab066abae1f07f8534cfcbdb2fd55ba30af65c39bba379aef3be6ab,2019-11-30,Goods & Other Vehicles,goods_and_other_vehicles,Diesel-Electric,7,7,reported_numeric
25c9a68a5ab066abae1f07f8534cfcbdb2fd55ba30af65c39bba379aef3be6ab,2019-11-30,Goods & Other Vehicles,goods_and_other_vehicles,Electric,69,69,reported_numeric
25c9a68a5ab066abae1f07f8534cfcbdb2fd55ba30af65c39bba379aef3be6ab,2019-11-30,Goods & Other Vehicles,goods_and_other_vehicles,Petrol,5086,5086,reported_numeric
25c9a68a5ab066abae1f07f8534cfcbdb2fd55ba30af65c39bba379aef3be6ab,2019-11-30,Goods & Other Vehicles,goods_and_other_vehicles,Petrol-CNG,1,1,reported_numeric
25c9a68a5ab066abae1f07f8534cfcbdb2fd55ba30af65c39bba379aef3be6ab,2019-11-30,Goods & Other Vehicles,goods_and_other_vehicles,Petrol-Electric,1,1,reported_numeric
25c9a68a5ab066abae1f07f8534cfcbdb2fd55ba30af65c39bba379aef3be6ab,2019-11-30,Motor-cycles,motorcycles,Electric,2,2,reported_numeric
25c9a68a5ab066abae1f07f8534cfcbdb2fd55ba30af65c39bba379aef3be6ab,2019-11-30,Motor-cycles,motorcycles,Petrol,139618,139618,reported_numeric
25c9a68a5ab066abae1f07f8534cfcbdb2fd55ba30af65c39bba379aef3be6ab,2019-11-30,Taxis,taxis,CNG,0,0,reported_numeric
25c9a68a5ab066abae1f07f8534cfcbdb2fd55ba30af65c39bba379aef3be6ab,2019-11-30,Taxis,taxis,Diesel,10563,10563,reported_numeric
25c9a68a5ab066abae1f07f8534cfcbdb2fd55ba30af65c39bba379aef3be6ab,2019-11-30,Taxis,taxis,Electric,133,133,reported_numeric
25c9a68a5ab066abae1f07f8534cfcbdb2fd55ba30af65c39bba379aef3be6ab,2019-11-30,Taxis,taxis,Petrol,25,25,reported_numeric
25c9a68a5ab066abae1f07f8534cfcbdb2fd55ba30af65c39bba379aef3be6ab,2019-11-30,Taxis,taxis,Petrol-CNG,0,0,reported_numeric
25c9a68a5ab066abae1f07f8534cfcbdb2fd55ba30af65c39bba379aef3be6ab,2019-11-30,Taxis,taxis,Petrol-Electric,8067,8067,reported_numeric
25c9a68a5ab066abae1f07f8534cfcbdb2fd55ba30af65c39bba379aef3be6ab,2019-12-31,Buses,buses,CNG,0,0,reported_numeric
25c9a68a5ab066abae1f07f8534cfcbdb2fd55ba30af65c39bba379aef3be6ab,2019-12-31,Buses,buses,Diesel,19248,19248,reported_numeric
25c9a68a5ab066abae1f07f8534cfcbdb2fd55ba30af65c39bba379aef3be6ab,2019-12-31,Buses,buses,Diesel-Electric,50,50,reported_numeric
25c9a68a5ab066abae1f07f8534cfcbdb2fd55ba30af65c39bba379aef3be6ab,2019-12-31,Buses,buses,Electric,10,10,reported_numeric
25c9a68a5ab066abae1f07f8534cfcbdb2fd55ba30af65c39bba379aef3be6ab,2019-12-31,Buses,buses,Petrol,18,18,reported_numeric
25c9a68a5ab066abae1f07f8534cfcbdb2fd55ba30af65c39bba379aef3be6ab,2019-12-31,Buses,buses,Petrol-CNG,0,0,reported_numeric
25c9a68a5ab066abae1f07f8534cfcbdb2fd55ba30af65c39bba379aef3be6ab,2019-12-31,Cars,cars,CNG,0,0,reported_numeric
25c9a68a5ab066abae1f07f8534cfcbdb2fd55ba30af65c39bba379aef3be6ab,2019-12-31,Cars,cars,Diesel,18049,18049,reported_numeric
25c9a68a5ab066abae1f07f8534cfcbdb2fd55ba30af65c39bba379aef3be6ab,2019-12-31,Cars,cars,Diesel-Electric,19,19,reported_numeric
25c9a68a5ab066abae1f07f8534cfcbdb2fd55ba30af65c39bba379aef3be6ab,2019-12-31,Cars,cars,Electric,1120,1120,reported_numeric
25c9a68a5ab066abae1f07f8534cfcbdb2fd55ba30af65c39bba379aef3be6ab,2019-12-31,Cars,cars,Petrol,574967,574967,reported_numeric
25c9a68a5ab066abae1f07f8534cfcbdb2fd55ba30af65c39bba379aef3be6ab,2019-12-31,Cars,cars,Petrol-CNG,250,250,reported_numeric
25c9a68a5ab066abae1f07f8534cfcbdb2fd55ba30af65c39bba379aef3be6ab,2019-12-31,Cars,cars,Petrol-Electric,35718,35718,reported_numeric
25c9a68a5ab066abae1f07f8534cfcbdb2fd55ba30af65c39bba379aef3be6ab,2019-12-31,Cars,cars,Petrol-Electric (Plug-In),473,473,reported_numeric
25c9a68a5ab066abae1f07f8534cfcbdb2fd55ba30af65c39bba379aef3be6ab,2019-12-31,Goods & Other Vehicles,goods_and_other_vehicles,CNG,2,2,reported_numeric
25c9a68a5ab066abae1f07f8534cfcbdb2fd55ba30af65c39bba379aef3be6ab,2019-12-31,Goods & Other Vehicles,goods_and_other_vehicles,Diesel,135773,135773,reported_numeric
25c9a68a5ab066abae1f07f8534cfcbdb2fd55ba30af65c39bba379aef3be6ab,2019-12-31,Goods & Other Vehicles,goods_and_other_vehicles,Diesel-Electric,7,7,reported_numeric
25c9a68a5ab066abae1f07f8534cfcbdb2fd55ba30af65c39bba379aef3be6ab,2019-12-31,Goods & Other Vehicles,goods_and_other_vehicles,Electric,71,71,reported_numeric
25c9a68a5ab066abae1f07f8534cfcbdb2fd55ba30af65c39bba379aef3be6ab,2019-12-31,Goods & Other Vehicles,goods_and_other_vehicles,Petrol,5109,5109,reported_numeric
25c9a68a5ab066abae1f07f8534cfcbdb2fd55ba30af65c39bba379aef3be6ab,2019-12-31,Goods & Other Vehicles,goods_and_other_vehicles,Petrol-CNG,1,1,reported_numeric
25c9a68a5ab066abae1f07f8534cfcbdb2fd55ba30af65c39bba379aef3be6ab,2019-12-31,Goods & Other Vehicles,goods_and_other_vehicles,Petrol-Electric,1,1,reported_numeric
25c9a68a5ab066abae1f07f8534cfcbdb2fd55ba30af65c39bba379aef3be6ab,2019-12-31,Motor-cycles,motorcycles,Electric,2,2,reported_numeric
25c9a68a5ab066abae1f07f8534cfcbdb2fd55ba30af65c39bba379aef3be6ab,2019-12-31,Motor-cycles,motorcycles,Petrol,140396,140396,reported_numeric
25c9a68a5ab066abae1f07f8534cfcbdb2fd55ba30af65c39bba379aef3be6ab,2019-12-31,Taxis,taxis,CNG,0,0,reported_numeric
25c9a68a5ab066abae1f07f8534cfcbdb2fd55ba30af65c39bba379aef3be6ab,2019-12-31,Taxis,taxis,Diesel,9759,9759,reported_numeric
25c9a68a5ab066abae1f07f8534cfcbdb2fd55ba30af65c39bba379aef3be6ab,2019-12-31,Taxis,taxis,Electric,133,133,reported_numeric
25c9a68a5ab066abae1f07f8534cfcbdb2fd55ba30af65c39bba379aef3be6ab,2019-12-31,Taxis,taxis,Petrol,24,24,reported_numeric
25c9a68a5ab066abae1f07f8534cfcbdb2fd55ba30af65c39bba379aef3be6ab,2019-12-31,Taxis,taxis,Petrol-CNG,0,0,reported_numeric
25c9a68a5ab066abae1f07f8534cfcbdb2fd55ba30af65c39bba379aef3be6ab,2019-12-31,Taxis,taxis,Petrol-Electric,8626,8626,reported_numeric
25c9a68a5ab066abae1f07f8534cfcbdb2fd55ba30af65c39bba379aef3be6ab,2020-01-31,Buses,buses,CNG,0,0,reported_numeric
25c9a68a5ab066abae1f07f8534cfcbdb2fd55ba30af65c39bba379aef3be6ab,2020-01-31,Buses,buses,Diesel,19270,19270,reported_numeric
25c9a68a5ab066abae1f07f8534cfcbdb2fd55ba30af65c39bba379aef3be6ab,2020-01-31,Buses,buses,Diesel-Electric,50,50,reported_numeric
25c9a68a5ab066abae1f07f8534cfcbdb2fd55ba30af65c39bba379aef3be6ab,2020-01-31,Buses,buses,Electric,24,24,reported_numeric
25c9a68a5ab066abae1f07f8534cfcbdb2fd55ba30af65c39bba379aef3be6ab,2020-01-31,Buses,buses,Petrol,18,18,reported_numeric
25c9a68a5ab066abae1f07f8534cfcbdb2fd55ba30af65c39bba379aef3be6ab,2020-01-31,Buses,buses,Petrol-CNG,0,0,reported_numeric
25c9a68a5ab066abae1f07f8534cfcbdb2fd55ba30af65c39bba379aef3be6ab,2020-01-31,Cars,cars,CNG,0,0,reported_numeric
25c9a68a5ab066abae1f07f8534cfcbdb2fd55ba30af65c39bba379aef3be6ab,2020-01-31,Cars,cars,Diesel,18050,18050,reported_numeric
25c9a68a5ab066abae1f07f8534cfcbdb2fd55ba30af65c39bba379aef3be6ab,2020-01-31,Cars,cars,Diesel-Electric,18,18,reported_numeric
25c9a68a5ab066abae1f07f8534cfcbdb2fd55ba30af65c39bba379aef3be6ab,2020-01-31,Cars,cars,Electric,1125,1125,reported_numeric
25c9a68a5ab066abae1f07f8534cfcbdb2fd55ba30af65c39bba379aef3be6ab,2020-01-31,Cars,cars,Petrol,574945,574945,reported_numeric
25c9a68a5ab066abae1f07f8534cfcbdb2fd55ba30af65c39bba379aef3be6ab,2020-01-31,Cars,cars,Petrol-CNG,244,244,reported_numeric
25c9a68a5ab066abae1f07f8534cfcbdb2fd55ba30af65c39bba379aef3be6ab,2020-01-31,Cars,cars,Petrol-Electric,36395,36395,reported_numeric
25c9a68a5ab066abae1f07f8534cfcbdb2fd55ba30af65c39bba379aef3be6ab,2020-01-31,Cars,cars,Petrol-Electric (Plug-In),489,489,reported_numeric
25c9a68a5ab066abae1f07f8534cfcbdb2fd55ba30af65c39bba379aef3be6ab,2020-01-31,Goods & Other Vehicles,goods_and_other_vehicles,CNG,2,2,reported_numeric
25c9a68a5ab066abae1f07f8534cfcbdb2fd55ba30af65c39bba379aef3be6ab,2020-01-31,Goods & Other Vehicles,goods_and_other_vehicles,Diesel,135745,135745,reported_numeric
25c9a68a5ab066abae1f07f8534cfcbdb2fd55ba30af65c39bba379aef3be6ab,2020-01-31,Goods & Other Vehicles,goods_and_other_vehicles,Diesel-Electric,7,7,reported_numeric
25c9a68a5ab066abae1f07f8534cfcbdb2fd55ba30af65c39bba379aef3be6ab,2020-01-31,Goods & Other Vehicles,goods_and_other_vehicles,Electric,80,80,reported_numeric
25c9a68a5ab066abae1f07f8534cfcbdb2fd55ba30af65c39bba379aef3be6ab,2020-01-31,Goods & Other Vehicles,goods_and_other_vehicles,Petrol,5142,5142,reported_numeric
25c9a68a5ab066abae1f07f8534cfcbdb2fd55ba30af65c39bba379aef3be6ab,2020-01-31,Goods & Other Vehicles,goods_and_other_vehicles,Petrol-CNG,1,1,reported_numeric
25c9a68a5ab066abae1f07f8534cfcbdb2fd55ba30af65c39bba379aef3be6ab,2020-01-31,Goods & Other Vehicles,goods_and_other_vehicles,Petrol-Electric,1,1,reported_numeric
25c9a68a5ab066abae1f07f8534cfcbdb2fd55ba30af65c39bba379aef3be6ab,2020-01-31,Motor-cycles,motorcycles,Electric,2,2,reported_numeric
25c9a68a5ab066abae1f07f8534cfcbdb2fd55ba30af65c39bba379aef3be6ab,2020-01-31,Motor-cycles,motorcycles,Petrol,140097,140097,reported_numeric
25c9a68a5ab066abae1f07f8534cfcbdb2fd55ba30af65c39bba379aef3be6ab,2020-01-31,Taxis,taxis,CNG,0,0,reported_numeric
25c9a68a5ab066abae1f07f8534cfcbdb2fd55ba30af65c39bba379aef3be6ab,2020-01-31,Taxis,taxis,Diesel,9615,9615,reported_numeric
25c9a68a5ab066abae1f07f8534cfcbdb2fd55ba30af65c39bba379aef3be6ab,2020-01-31,Taxis,taxis,Electric,133,133,reported_numeric
25c9a68a5ab066abae1f07f8534cfcbdb2fd55ba30af65c39bba379aef3be6ab,2020-01-31,Taxis,taxis,Petrol,24,24,reported_numeric
25c9a68a5ab066abae1f07f8534cfcbdb2fd55ba30af65c39bba379aef3be6ab,2020-01-31,Taxis,taxis,Petrol-CNG,0,0,reported_numeric
25c9a68a5ab066abae1f07f8534cfcbdb2fd55ba30af65c39bba379aef3be6ab,2020-01-31,Taxis,taxis,Petrol-Electric,8756,8756,reported_numeric
25c9a68a5ab066abae1f07f8534cfcbdb2fd55ba30af65c39bba379aef3be6ab,2020-02-29,Buses,buses,CNG,0,0,reported_numeric
25c9a68a5ab066abae1f07f8534cfcbdb2fd55ba30af65c39bba379aef3be6ab,2020-02-29,Buses,buses,Diesel,19250,19250,reported_numeric
25c9a68a5ab066abae1f07f8534cfcbdb2fd55ba30af65c39bba379aef3be6ab,2020-02-29,Buses,buses,Diesel-Electric,50,50,reported_numeric
25c9a68a5ab066abae1f07f8534cfcbdb2fd55ba30af65c39bba379aef3be6ab,2020-02-29,Buses,buses,Electric,25,25,reported_numeric
25c9a68a5ab066abae1f07f8534cfcbdb2fd55ba30af65c39bba379aef3be6ab,2020-02-29,Buses,buses,Petrol,17,17,reported_numeric
25c9a68a5ab066abae1f07f8534cfcbdb2fd55ba30af65c39bba379aef3be6ab,2020-02-29,Buses,buses,Petrol-CNG,0,0,reported_numeric
25c9a68a5ab066abae1f07f8534cfcbdb2fd55ba30af65c39bba379aef3be6ab,2020-02-29,Cars,cars,CNG,0,0,reported_numeric
25c9a68a5ab066abae1f07f8534cfcbdb2fd55ba30af65c39bba379aef3be6ab,2020-02-29,Cars,cars,Diesel,18065,18065,reported_numeric
25c9a68a5ab066abae1f07f8534cfcbdb2fd55ba30af65c39bba379aef3be6ab,2020-02-29,Cars,cars,Diesel-Electric,18,18,reported_numeric
25c9a68a5ab066abae1f07f8534cfcbdb2fd55ba30af65c39bba379aef3be6ab,2020-02-29,Cars,cars,Electric,1131,1131,reported_numeric
25c9a68a5ab066abae1f07f8534cfcbdb2fd55ba30af65c39bba379aef3be6ab,2020-02-29,Cars,cars,Petrol,575118,575118,reported_numeric
25c9a68a5ab066abae1f07f8534cfcbdb2fd55ba30af65c39bba379aef3be6ab,2020-02-29,Cars,cars,Petrol-CNG,241,241,reported_numeric
25c9a68a5ab066abae1f07f8534cfcbdb2fd55ba30af65c39bba379aef3be6ab,2020-02-29,Cars,cars,Petrol-Electric,37046,37046,reported_numeric
25c9a68a5ab066abae1f07f8534cfcbdb2fd55ba30af65c39bba379aef3be6ab,2020-02-29,Cars,cars,Petrol-Electric (Plug-In),494,494,reported_numeric
25c9a68a5ab066abae1f07f8534cfcbdb2fd55ba30af65c39bba379aef3be6ab,2020-02-29,Goods & Other Vehicles,goods_and_other_vehicles,CNG,2,2,reported_numeric
25c9a68a5ab066abae1f07f8534cfcbdb2fd55ba30af65c39bba379aef3be6ab,2020-02-29,Goods & Other Vehicles,goods_and_other_vehicles,Diesel,135549,135549,reported_numeric
25c9a68a5ab066abae1f07f8534cfcbdb2fd55ba30af65c39bba379aef3be6ab,2020-02-29,Goods & Other Vehicles,goods_and_other_vehicles,Diesel-Electric,7,7,reported_numeric
25c9a68a5ab066abae1f07f8534cfcbdb2fd55ba30af65c39bba379aef3be6ab,2020-02-29,Goods & Other Vehicles,goods_and_other_vehicles,Electric,83,83,reported_numeric
25c9a68a5ab066abae1f07f8534cfcbdb2fd55ba30af65c39bba379aef3be6ab,2020-02-29,Goods & Other Vehicles,goods_and_other_vehicles,Petrol,5169,5169,reported_numeric
25c9a68a5ab066abae1f07f8534cfcbdb2fd55ba30af65c39bba379aef3be6ab,2020-02-29,Goods & Other Vehicles,goods_and_other_vehicles,Petrol-CNG,1,1,reported_numeric
25c9a68a5ab066abae1f07f8534cfcbdb2fd55ba30af65c39bba379aef3be6ab,2020-02-29,Goods & Other Vehicles,goods_and_other_vehicles,Petrol-Electric,1,1,reported_numeric
25c9a68a5ab066abae1f07f8534cfcbdb2fd55ba30af65c39bba379aef3be6ab,2020-02-29,Motor-cycles,motorcycles,Electric,2,2,reported_numeric
25c9a68a5ab066abae1f07f8534cfcbdb2fd55ba30af65c39bba379aef3be6ab,2020-02-29,Motor-cycles,motorcycles,Petrol,140064,140064,reported_numeric
25c9a68a5ab066abae1f07f8534cfcbdb2fd55ba30af65c39bba379aef3be6ab,2020-02-29,Taxis,taxis,CNG,0,0,reported_numeric
25c9a68a5ab066abae1f07f8534cfcbdb2fd55ba30af65c39bba379aef3be6ab,2020-02-29,Taxis,taxis,Diesel,9354,9354,reported_numeric
25c9a68a5ab066abae1f07f8534cfcbdb2fd55ba30af65c39bba379aef3be6ab,2020-02-29,Taxis,taxis,Electric,133,133,reported_numeric
25c9a68a5ab066abae1f07f8534cfcbdb2fd55ba30af65c39bba379aef3be6ab,2020-02-29,Taxis,taxis,Petrol,24,24,reported_numeric
25c9a68a5ab066abae1f07f8534cfcbdb2fd55ba30af65c39bba379aef3be6ab,2020-02-29,Taxis,taxis,Petrol-CNG,0,0,reported_numeric
25c9a68a5ab066abae1f07f8534cfcbdb2fd55ba30af65c39bba379aef3be6ab,2020-02-29,Taxis,taxis,Petrol-Electric,8914,8914,reported_numeric
25c9a68a5ab066abae1f07f8534cfcbdb2fd55ba30af65c39bba379aef3be6ab,2020-03-31,Buses,buses,CNG,0,0,reported_numeric
25c9a68a5ab066abae1f07f8534cfcbdb2fd55ba30af65c39bba379aef3be6ab,2020-03-31,Buses,buses,Diesel,19185,19185,reported_numeric
25c9a68a5ab066abae1f07f8534cfcbdb2fd55ba30af65c39bba379aef3be6ab,2020-03-31,Buses,buses,Diesel-Electric,50,50,reported_numeric
25c9a68a5ab066abae1f07f8534cfcbdb2fd55ba30af65c39bba379aef3be6ab,2020-03-31,Buses,buses,Electric,25,25,reported_numeric
25c9a68a5ab066abae1f07f8534cfcbdb2fd55ba30af65c39bba379aef3be6ab,2020-03-31,Buses,buses,Petrol,16,16,reported_numeric
25c9a68a5ab066abae1f07f8534cfcbdb2fd55ba30af65c39bba379aef3be6ab,2020-03-31,Buses,buses,Petrol-CNG,0,0,reported_numeric
25c9a68a5ab066abae1f07f8534cfcbdb2fd55ba30af65c39bba379aef3be6ab,2020-03-31,Cars,cars,CNG,0,0,reported_numeric
25c9a68a5ab066abae1f07f8534cfcbdb2fd55ba30af65c39bba379aef3be6ab,2020-03-31,Cars,cars,Diesel,18115,18115,reported_numeric
25c9a68a5ab066abae1f07f8534cfcbdb2fd55ba30af65c39bba379aef3be6ab,2020-03-31,Cars,cars,Diesel-Electric,18,18,reported_numeric
25c9a68a5ab066abae1f07f8534cfcbdb2fd55ba30af65c39bba379aef3be6ab,2020-03-31,Cars,cars,Electric,1143,1143,reported_numeric
25c9a68a5ab066abae1f07f8534cfcbdb2fd55ba30af65c39bba379aef3be6ab,2020-03-31,Cars,cars,Petrol,574652,574652,reported_numeric
25c9a68a5ab066abae1f07f8534cfcbdb2fd55ba30af65c39bba379aef3be6ab,2020-03-31,Cars,cars,Petrol-CNG,236,236,reported_numeric
25c9a68a5ab066abae1f07f8534cfcbdb2fd55ba30af65c39bba379aef3be6ab,2020-03-31,Cars,cars,Petrol-Electric,37752,37752,reported_numeric
25c9a68a5ab066abae1f07f8534cfcbdb2fd55ba30af65c39bba379aef3be6ab,2020-03-31,Cars,cars,Petrol-Electric (Plug-In),501,501,reported_numeric
25c9a68a5ab066abae1f07f8534cfcbdb2fd55ba30af65c39bba379aef3be6ab,2020-03-31,Goods & Other Vehicles,goods_and_other_vehicles,CNG,2,2,reported_numeric
25c9a68a5ab066abae1f07f8534cfcbdb2fd55ba30af65c39bba379aef3be6ab,2020-03-31,Goods & Other Vehicles,goods_and_other_vehicles,Diesel,135140,135140,reported_numeric
25c9a68a5ab066abae1f07f8534cfcbdb2fd55ba30af65c39bba379aef3be6ab,2020-03-31,Goods & Other Vehicles,goods_and_other_vehicles,Diesel-Electric,7,7,reported_numeric
25c9a68a5ab066abae1f07f8534cfcbdb2fd55ba30af65c39bba379aef3be6ab,2020-03-31,Goods & Other Vehicles,goods_and_other_vehicles,Electric,87,87,reported_numeric
25c9a68a5ab066abae1f07f8534cfcbdb2fd55ba30af65c39bba379aef3be6ab,2020-03-31,Goods & Other Vehicles,goods_and_other_vehicles,Petrol,5211,5211,reported_numeric
25c9a68a5ab066abae1f07f8534cfcbdb2fd55ba30af65c39bba379aef3be6ab,2020-03-31,Goods & Other Vehicles,goods_and_other_vehicles,Petrol-CNG,1,1,reported_numeric
25c9a68a5ab066abae1f07f8534cfcbdb2fd55ba30af65c39bba379aef3be6ab,2020-03-31,Goods & Other Vehicles,goods_and_other_vehicles,Petrol-Electric,1,1,reported_numeric
25c9a68a5ab066abae1f07f8534cfcbdb2fd55ba30af65c39bba379aef3be6ab,2020-03-31,Motor-cycles,motorcycles,Electric,2,2,reported_numeric
25c9a68a5ab066abae1f07f8534cfcbdb2fd55ba30af65c39bba379aef3be6ab,2020-03-31,Motor-cycles,motorcycles,Petrol,140145,140145,reported_numeric
25c9a68a5ab066abae1f07f8534cfcbdb2fd55ba30af65c39bba379aef3be6ab,2020-03-31,Taxis,taxis,CNG,0,0,reported_numeric
25c9a68a5ab066abae1f07f8534cfcbdb2fd55ba30af65c39bba379aef3be6ab,2020-03-31,Taxis,taxis,Diesel,8845,8845,reported_numeric
25c9a68a5ab066abae1f07f8534cfcbdb2fd55ba30af65c39bba379aef3be6ab,2020-03-31,Taxis,taxis,Electric,133,133,reported_numeric
25c9a68a5ab066abae1f07f8534cfcbdb2fd55ba30af65c39bba379aef3be6ab,2020-03-31,Taxis,taxis,Petrol,24,24,reported_numeric
25c9a68a5ab066abae1f07f8534cfcbdb2fd55ba30af65c39bba379aef3be6ab,2020-03-31,Taxis,taxis,Petrol-CNG,0,0,reported_numeric
25c9a68a5ab066abae1f07f8534cfcbdb2fd55ba30af65c39bba379aef3be6ab,2020-03-31,Taxis,taxis,Petrol-Electric,8975,8975,reported_numeric
25c9a68a5ab066abae1f07f8534cfcbdb2fd55ba30af65c39bba379aef3be6ab,2020-04-30,Buses,buses,CNG,-,0,source_dash_zero
25c9a68a5ab066abae1f07f8534cfcbdb2fd55ba30af65c39bba379aef3be6ab,2020-04-30,Buses,buses,Diesel,"19,182",19182,reported_numeric
25c9a68a5ab066abae1f07f8534cfcbdb2fd55ba30af65c39bba379aef3be6ab,2020-04-30,Buses,buses,Diesel-Electric,50,50,reported_numeric
25c9a68a5ab066abae1f07f8534cfcbdb2fd55ba30af65c39bba379aef3be6ab,2020-04-30,Buses,buses,Electric,25,25,reported_numeric
25c9a68a5ab066abae1f07f8534cfcbdb2fd55ba30af65c39bba379aef3be6ab,2020-04-30,Buses,buses,Petrol,15,15,reported_numeric
25c9a68a5ab066abae1f07f8534cfcbdb2fd55ba30af65c39bba379aef3be6ab,2020-04-30,Buses,buses,Petrol-CNG,-,0,source_dash_zero
25c9a68a5ab066abae1f07f8534cfcbdb2fd55ba30af65c39bba379aef3be6ab,2020-04-30,Cars,cars,CNG,-,0,source_dash_zero
25c9a68a5ab066abae1f07f8534cfcbdb2fd55ba30af65c39bba379aef3be6ab,2020-04-30,Cars,cars,Diesel,"18,090",18090,reported_numeric
25c9a68a5ab066abae1f07f8534cfcbdb2fd55ba30af65c39bba379aef3be6ab,2020-04-30,Cars,cars,Diesel-Electric,18,18,reported_numeric
25c9a68a5ab066abae1f07f8534cfcbdb2fd55ba30af65c39bba379aef3be6ab,2020-04-30,Cars,cars,Electric,"1,146",1146,reported_numeric
25c9a68a5ab066abae1f07f8534cfcbdb2fd55ba30af65c39bba379aef3be6ab,2020-04-30,Cars,cars,Petrol,"572,226",572226,reported_numeric
25c9a68a5ab066abae1f07f8534cfcbdb2fd55ba30af65c39bba379aef3be6ab,2020-04-30,Cars,cars,Petrol-CNG,235,235,reported_numeric
25c9a68a5ab066abae1f07f8534cfcbdb2fd55ba30af65c39bba379aef3be6ab,2020-04-30,Cars,cars,Petrol-Electric,"37,780",37780,reported_numeric
25c9a68a5ab066abae1f07f8534cfcbdb2fd55ba30af65c39bba379aef3be6ab,2020-04-30,Cars,cars,Petrol-Electric (Plug-In),501,501,reported_numeric
25c9a68a5ab066abae1f07f8534cfcbdb2fd55ba30af65c39bba379aef3be6ab,2020-04-30,Goods & Other Vehicles,goods_and_other_vehicles,CNG,2,2,reported_numeric
25c9a68a5ab066abae1f07f8534cfcbdb2fd55ba30af65c39bba379aef3be6ab,2020-04-30,Goods & Other Vehicles,goods_and_other_vehicles,Diesel,"134,786",134786,reported_numeric
25c9a68a5ab066abae1f07f8534cfcbdb2fd55ba30af65c39bba379aef3be6ab,2020-04-30,Goods & Other Vehicles,goods_and_other_vehicles,Diesel-Electric,7,7,reported_numeric
25c9a68a5ab066abae1f07f8534cfcbdb2fd55ba30af65c39bba379aef3be6ab,2020-04-30,Goods & Other Vehicles,goods_and_other_vehicles,Electric,90,90,reported_numeric
25c9a68a5ab066abae1f07f8534cfcbdb2fd55ba30af65c39bba379aef3be6ab,2020-04-30,Goods & Other Vehicles,goods_and_other_vehicles,Petrol,"5,182",5182,reported_numeric
25c9a68a5ab066abae1f07f8534cfcbdb2fd55ba30af65c39bba379aef3be6ab,2020-04-30,Goods & Other Vehicles,goods_and_other_vehicles,Petrol-CNG,1,1,reported_numeric
25c9a68a5ab066abae1f07f8534cfcbdb2fd55ba30af65c39bba379aef3be6ab,2020-04-30,Goods & Other Vehicles,goods_and_other_vehicles,Petrol-Electric,1,1,reported_numeric
25c9a68a5ab066abae1f07f8534cfcbdb2fd55ba30af65c39bba379aef3be6ab,2020-04-30,Motor-cycles,motorcycles,Electric,2,2,reported_numeric
25c9a68a5ab066abae1f07f8534cfcbdb2fd55ba30af65c39bba379aef3be6ab,2020-04-30,Motor-cycles,motorcycles,Petrol,"140,161",140161,reported_numeric
25c9a68a5ab066abae1f07f8534cfcbdb2fd55ba30af65c39bba379aef3be6ab,2020-04-30,Taxis,taxis,CNG,-,0,source_dash_zero
25c9a68a5ab066abae1f07f8534cfcbdb2fd55ba30af65c39bba379aef3be6ab,2020-04-30,Taxis,taxis,Diesel,"8,254",8254,reported_numeric
25c9a68a5ab066abae1f07f8534cfcbdb2fd55ba30af65c39bba379aef3be6ab,2020-04-30,Taxis,taxis,Electric,133,133,reported_numeric
25c9a68a5ab066abae1f07f8534cfcbdb2fd55ba30af65c39bba379aef3be6ab,2020-04-30,Taxis,taxis,Petrol,24,24,reported_numeric
25c9a68a5ab066abae1f07f8534cfcbdb2fd55ba30af65c39bba379aef3be6ab,2020-04-30,Taxis,taxis,Petrol-CNG,-,0,source_dash_zero
25c9a68a5ab066abae1f07f8534cfcbdb2fd55ba30af65c39bba379aef3be6ab,2020-04-30,Taxis,taxis,Petrol-Electric,"9,003",9003,reported_numeric
25c9a68a5ab066abae1f07f8534cfcbdb2fd55ba30af65c39bba379aef3be6ab,2020-05-31,Buses,buses,CNG,0,0,reported_numeric
25c9a68a5ab066abae1f07f8534cfcbdb2fd55ba30af65c39bba379aef3be6ab,2020-05-31,Buses,buses,Diesel,19164,19164,reported_numeric
25c9a68a5ab066abae1f07f8534cfcbdb2fd55ba30af65c39bba379aef3be6ab,2020-05-31,Buses,buses,Diesel-Electric,50,50,reported_numeric
25c9a68a5ab066abae1f07f8534cfcbdb2fd55ba30af65c39bba379aef3be6ab,2020-05-31,Buses,buses,Electric,25,25,reported_numeric
25c9a68a5ab066abae1f07f8534cfcbdb2fd55ba30af65c39bba379aef3be6ab,2020-05-31,Buses,buses,Petrol,14,14,reported_numeric
25c9a68a5ab066abae1f07f8534cfcbdb2fd55ba30af65c39bba379aef3be6ab,2020-05-31,Buses,buses,Petrol-CNG,0,0,reported_numeric
25c9a68a5ab066abae1f07f8534cfcbdb2fd55ba30af65c39bba379aef3be6ab,2020-05-31,Cars,cars,CNG,0,0,reported_numeric
25c9a68a5ab066abae1f07f8534cfcbdb2fd55ba30af65c39bba379aef3be6ab,2020-05-31,Cars,cars,Diesel,18075,18075,reported_numeric
25c9a68a5ab066abae1f07f8534cfcbdb2fd55ba30af65c39bba379aef3be6ab,2020-05-31,Cars,cars,Diesel-Electric,18,18,reported_numeric
25c9a68a5ab066abae1f07f8534cfcbdb2fd55ba30af65c39bba379aef3be6ab,2020-05-31,Cars,cars,Electric,1147,1147,reported_numeric
25c9a68a5ab066abae1f07f8534cfcbdb2fd55ba30af65c39bba379aef3be6ab,2020-05-31,Cars,cars,Petrol,570294,570294,reported_numeric
25c9a68a5ab066abae1f07f8534cfcbdb2fd55ba30af65c39bba379aef3be6ab,2020-05-31,Cars,cars,Petrol-CNG,235,235,reported_numeric
25c9a68a5ab066abae1f07f8534cfcbdb2fd55ba30af65c39bba379aef3be6ab,2020-05-31,Cars,cars,Petrol-Electric,37737,37737,reported_numeric
25c9a68a5ab066abae1f07f8534cfcbdb2fd55ba30af65c39bba379aef3be6ab,2020-05-31,Cars,cars,Petrol-Electric (Plug-In),501,501,reported_numeric
25c9a68a5ab066abae1f07f8534cfcbdb2fd55ba30af65c39bba379aef3be6ab,2020-05-31,Goods & Other Vehicles,goods_and_other_vehicles,CNG,2,2,reported_numeric
25c9a68a5ab066abae1f07f8534cfcbdb2fd55ba30af65c39bba379aef3be6ab,2020-05-31,Goods & Other Vehicles,goods_and_other_vehicles,Diesel,134626,134626,reported_numeric
25c9a68a5ab066abae1f07f8534cfcbdb2fd55ba30af65c39bba379aef3be6ab,2020-05-31,Goods & Other Vehicles,goods_and_other_vehicles,Diesel-Electric,7,7,reported_numeric
25c9a68a5ab066abae1f07f8534cfcbdb2fd55ba30af65c39bba379aef3be6ab,2020-05-31,Goods & Other Vehicles,goods_and_other_vehicles,Electric,90,90,reported_numeric
25c9a68a5ab066abae1f07f8534cfcbdb2fd55ba30af65c39bba379aef3be6ab,2020-05-31,Goods & Other Vehicles,goods_and_other_vehicles,Petrol,5170,5170,reported_numeric
25c9a68a5ab066abae1f07f8534cfcbdb2fd55ba30af65c39bba379aef3be6ab,2020-05-31,Goods & Other Vehicles,goods_and_other_vehicles,Petrol-CNG,1,1,reported_numeric
25c9a68a5ab066abae1f07f8534cfcbdb2fd55ba30af65c39bba379aef3be6ab,2020-05-31,Goods & Other Vehicles,goods_and_other_vehicles,Petrol-Electric,1,1,reported_numeric
25c9a68a5ab066abae1f07f8534cfcbdb2fd55ba30af65c39bba379aef3be6ab,2020-05-31,Motor-cycles,motorcycles,Electric,2,2,reported_numeric
25c9a68a5ab066abae1f07f8534cfcbdb2fd55ba30af65c39bba379aef3be6ab,2020-05-31,Motor-cycles,motorcycles,Petrol,140224,140224,reported_numeric
25c9a68a5ab066abae1f07f8534cfcbdb2fd55ba30af65c39bba379aef3be6ab,2020-05-31,Taxis,taxis,CNG,0,0,reported_numeric
25c9a68a5ab066abae1f07f8534cfcbdb2fd55ba30af65c39bba379aef3be6ab,2020-05-31,Taxis,taxis,Diesel,7950,7950,reported_numeric
25c9a68a5ab066abae1f07f8534cfcbdb2fd55ba30af65c39bba379aef3be6ab,2020-05-31,Taxis,taxis,Electric,133,133,reported_numeric
25c9a68a5ab066abae1f07f8534cfcbdb2fd55ba30af65c39bba379aef3be6ab,2020-05-31,Taxis,taxis,Petrol,24,24,reported_numeric
25c9a68a5ab066abae1f07f8534cfcbdb2fd55ba30af65c39bba379aef3be6ab,2020-05-31,Taxis,taxis,Petrol-CNG,0,0,reported_numeric
25c9a68a5ab066abae1f07f8534cfcbdb2fd55ba30af65c39bba379aef3be6ab,2020-05-31,Taxis,taxis,Petrol-Electric,8271,8271,reported_numeric
25c9a68a5ab066abae1f07f8534cfcbdb2fd55ba30af65c39bba379aef3be6ab,2020-06-30,Buses,buses,CNG,0,0,reported_numeric
25c9a68a5ab066abae1f07f8534cfcbdb2fd55ba30af65c39bba379aef3be6ab,2020-06-30,Buses,buses,Diesel,19096,19096,reported_numeric
25c9a68a5ab066abae1f07f8534cfcbdb2fd55ba30af65c39bba379aef3be6ab,2020-06-30,Buses,buses,Diesel-Electric,50,50,reported_numeric
25c9a68a5ab066abae1f07f8534cfcbdb2fd55ba30af65c39bba379aef3be6ab,2020-06-30,Buses,buses,Electric,34,34,reported_numeric
25c9a68a5ab066abae1f07f8534cfcbdb2fd55ba30af65c39bba379aef3be6ab,2020-06-30,Buses,buses,Petrol,14,14,reported_numeric
25c9a68a5ab066abae1f07f8534cfcbdb2fd55ba30af65c39bba379aef3be6ab,2020-06-30,Buses,buses,Petrol-CNG,0,0,reported_numeric
25c9a68a5ab066abae1f07f8534cfcbdb2fd55ba30af65c39bba379aef3be6ab,2020-06-30,Cars,cars,CNG,0,0,reported_numeric
25c9a68a5ab066abae1f07f8534cfcbdb2fd55ba30af65c39bba379aef3be6ab,2020-06-30,Cars,cars,Diesel,18050,18050,reported_numeric
25c9a68a5ab066abae1f07f8534cfcbdb2fd55ba30af65c39bba379aef3be6ab,2020-06-30,Cars,cars,Diesel-Electric,18,18,reported_numeric
25c9a68a5ab066abae1f07f8534cfcbdb2fd55ba30af65c39bba379aef3be6ab,2020-06-30,Cars,cars,Electric,1151,1151,reported_numeric
25c9a68a5ab066abae1f07f8534cfcbdb2fd55ba30af65c39bba379aef3be6ab,2020-06-30,Cars,cars,Petrol,567971,567971,reported_numeric
25c9a68a5ab066abae1f07f8534cfcbdb2fd55ba30af65c39bba379aef3be6ab,2020-06-30,Cars,cars,Petrol-CNG,231,231,reported_numeric
25c9a68a5ab066abae1f07f8534cfcbdb2fd55ba30af65c39bba379aef3be6ab,2020-06-30,Cars,cars,Petrol-Electric,37789,37789,reported_numeric
25c9a68a5ab066abae1f07f8534cfcbdb2fd55ba30af65c39bba379aef3be6ab,2020-06-30,Cars,cars,Petrol-Electric (Plug-In),501,501,reported_numeric
25c9a68a5ab066abae1f07f8534cfcbdb2fd55ba30af65c39bba379aef3be6ab,2020-06-30,Goods & Other Vehicles,goods_and_other_vehicles,CNG,2,2,reported_numeric
25c9a68a5ab066abae1f07f8534cfcbdb2fd55ba30af65c39bba379aef3be6ab,2020-06-30,Goods & Other Vehicles,goods_and_other_vehicles,Diesel,134299,134299,reported_numeric
25c9a68a5ab066abae1f07f8534cfcbdb2fd55ba30af65c39bba379aef3be6ab,2020-06-30,Goods & Other Vehicles,goods_and_other_vehicles,Diesel-Electric,7,7,reported_numeric
25c9a68a5ab066abae1f07f8534cfcbdb2fd55ba30af65c39bba379aef3be6ab,2020-06-30,Goods & Other Vehicles,goods_and_other_vehicles,Electric,90,90,reported_numeric
25c9a68a5ab066abae1f07f8534cfcbdb2fd55ba30af65c39bba379aef3be6ab,2020-06-30,Goods & Other Vehicles,goods_and_other_vehicles,Petrol,5197,5197,reported_numeric
25c9a68a5ab066abae1f07f8534cfcbdb2fd55ba30af65c39bba379aef3be6ab,2020-06-30,Goods & Other Vehicles,goods_and_other_vehicles,Petrol-CNG,1,1,reported_numeric
25c9a68a5ab066abae1f07f8534cfcbdb2fd55ba30af65c39bba379aef3be6ab,2020-06-30,Goods & Other Vehicles,goods_and_other_vehicles,Petrol-Electric,1,1,reported_numeric
25c9a68a5ab066abae1f07f8534cfcbdb2fd55ba30af65c39bba379aef3be6ab,2020-06-30,Motor-cycles,motorcycles,Electric,2,2,reported_numeric
25c9a68a5ab066abae1f07f8534cfcbdb2fd55ba30af65c39bba379aef3be6ab,2020-06-30,Motor-cycles,motorcycles,Petrol,139904,139904,reported_numeric
25c9a68a5ab066abae1f07f8534cfcbdb2fd55ba30af65c39bba379aef3be6ab,2020-06-30,Taxis,taxis,CNG,0,0,reported_numeric
25c9a68a5ab066abae1f07f8534cfcbdb2fd55ba30af65c39bba379aef3be6ab,2020-06-30,Taxis,taxis,Diesel,7839,7839,reported_numeric
25c9a68a5ab066abae1f07f8534cfcbdb2fd55ba30af65c39bba379aef3be6ab,2020-06-30,Taxis,taxis,Electric,133,133,reported_numeric
25c9a68a5ab066abae1f07f8534cfcbdb2fd55ba30af65c39bba379aef3be6ab,2020-06-30,Taxis,taxis,Petrol,23,23,reported_numeric
25c9a68a5ab066abae1f07f8534cfcbdb2fd55ba30af65c39bba379aef3be6ab,2020-06-30,Taxis,taxis,Petrol-CNG,0,0,reported_numeric
25c9a68a5ab066abae1f07f8534cfcbdb2fd55ba30af65c39bba379aef3be6ab,2020-06-30,Taxis,taxis,Petrol-Electric,8282,8282,reported_numeric
25c9a68a5ab066abae1f07f8534cfcbdb2fd55ba30af65c39bba379aef3be6ab,2020-07-31,Buses,buses,CNG,0,0,reported_numeric
25c9a68a5ab066abae1f07f8534cfcbdb2fd55ba30af65c39bba379aef3be6ab,2020-07-31,Buses,buses,Diesel,19032,19032,reported_numeric
25c9a68a5ab066abae1f07f8534cfcbdb2fd55ba30af65c39bba379aef3be6ab,2020-07-31,Buses,buses,Diesel-Electric,50,50,reported_numeric
25c9a68a5ab066abae1f07f8534cfcbdb2fd55ba30af65c39bba379aef3be6ab,2020-07-31,Buses,buses,Electric,35,35,reported_numeric
25c9a68a5ab066abae1f07f8534cfcbdb2fd55ba30af65c39bba379aef3be6ab,2020-07-31,Buses,buses,Petrol,14,14,reported_numeric
25c9a68a5ab066abae1f07f8534cfcbdb2fd55ba30af65c39bba379aef3be6ab,2020-07-31,Buses,buses,Petrol-CNG,0,0,reported_numeric
25c9a68a5ab066abae1f07f8534cfcbdb2fd55ba30af65c39bba379aef3be6ab,2020-07-31,Cars,cars,CNG,0,0,reported_numeric
25c9a68a5ab066abae1f07f8534cfcbdb2fd55ba30af65c39bba379aef3be6ab,2020-07-31,Cars,cars,Diesel,18024,18024,reported_numeric
25c9a68a5ab066abae1f07f8534cfcbdb2fd55ba30af65c39bba379aef3be6ab,2020-07-31,Cars,cars,Diesel-Electric,18,18,reported_numeric
25c9a68a5ab066abae1f07f8534cfcbdb2fd55ba30af65c39bba379aef3be6ab,2020-07-31,Cars,cars,Electric,1161,1161,reported_numeric
25c9a68a5ab066abae1f07f8534cfcbdb2fd55ba30af65c39bba379aef3be6ab,2020-07-31,Cars,cars,Petrol,568757,568757,reported_numeric
25c9a68a5ab066abae1f07f8534cfcbdb2fd55ba30af65c39bba379aef3be6ab,2020-07-31,Cars,cars,Petrol-CNG,223,223,reported_numeric
25c9a68a5ab066abae1f07f8534cfcbdb2fd55ba30af65c39bba379aef3be6ab,2020-07-31,Cars,cars,Petrol-Electric,38379,38379,reported_numeric
25c9a68a5ab066abae1f07f8534cfcbdb2fd55ba30af65c39bba379aef3be6ab,2020-07-31,Cars,cars,Petrol-Electric (Plug-In),511,511,reported_numeric
25c9a68a5ab066abae1f07f8534cfcbdb2fd55ba30af65c39bba379aef3be6ab,2020-07-31,Goods & Other Vehicles,goods_and_other_vehicles,CNG,2,2,reported_numeric
25c9a68a5ab066abae1f07f8534cfcbdb2fd55ba30af65c39bba379aef3be6ab,2020-07-31,Goods & Other Vehicles,goods_and_other_vehicles,Diesel,134203,134203,reported_numeric
25c9a68a5ab066abae1f07f8534cfcbdb2fd55ba30af65c39bba379aef3be6ab,2020-07-31,Goods & Other Vehicles,goods_and_other_vehicles,Diesel-Electric,7,7,reported_numeric
25c9a68a5ab066abae1f07f8534cfcbdb2fd55ba30af65c39bba379aef3be6ab,2020-07-31,Goods & Other Vehicles,goods_and_other_vehicles,Electric,90,90,reported_numeric
25c9a68a5ab066abae1f07f8534cfcbdb2fd55ba30af65c39bba379aef3be6ab,2020-07-31,Goods & Other Vehicles,goods_and_other_vehicles,Petrol,5324,5324,reported_numeric
25c9a68a5ab066abae1f07f8534cfcbdb2fd55ba30af65c39bba379aef3be6ab,2020-07-31,Goods & Other Vehicles,goods_and_other_vehicles,Petrol-CNG,1,1,reported_numeric
25c9a68a5ab066abae1f07f8534cfcbdb2fd55ba30af65c39bba379aef3be6ab,2020-07-31,Goods & Other Vehicles,goods_and_other_vehicles,Petrol-Electric,1,1,reported_numeric
25c9a68a5ab066abae1f07f8534cfcbdb2fd55ba30af65c39bba379aef3be6ab,2020-07-31,Motor-cycles,motorcycles,Electric,2,2,reported_numeric
25c9a68a5ab066abae1f07f8534cfcbdb2fd55ba30af65c39bba379aef3be6ab,2020-07-31,Motor-cycles,motorcycles,Petrol,140097,140097,reported_numeric
25c9a68a5ab066abae1f07f8534cfcbdb2fd55ba30af65c39bba379aef3be6ab,2020-07-31,Taxis,taxis,CNG,0,0,reported_numeric
25c9a68a5ab066abae1f07f8534cfcbdb2fd55ba30af65c39bba379aef3be6ab,2020-07-31,Taxis,taxis,Diesel,7640,7640,reported_numeric
25c9a68a5ab066abae1f07f8534cfcbdb2fd55ba30af65c39bba379aef3be6ab,2020-07-31,Taxis,taxis,Electric,133,133,reported_numeric
25c9a68a5ab066abae1f07f8534cfcbdb2fd55ba30af65c39bba379aef3be6ab,2020-07-31,Taxis,taxis,Petrol,23,23,reported_numeric
25c9a68a5ab066abae1f07f8534cfcbdb2fd55ba30af65c39bba379aef3be6ab,2020-07-31,Taxis,taxis,Petrol-CNG,0,0,reported_numeric
25c9a68a5ab066abae1f07f8534cfcbdb2fd55ba30af65c39bba379aef3be6ab,2020-07-31,Taxis,taxis,Petrol-Electric,8290,8290,reported_numeric
25c9a68a5ab066abae1f07f8534cfcbdb2fd55ba30af65c39bba379aef3be6ab,2020-08-31,Buses,buses,CNG,0,0,reported_numeric
25c9a68a5ab066abae1f07f8534cfcbdb2fd55ba30af65c39bba379aef3be6ab,2020-08-31,Buses,buses,Diesel,18971,18971,reported_numeric
25c9a68a5ab066abae1f07f8534cfcbdb2fd55ba30af65c39bba379aef3be6ab,2020-08-31,Buses,buses,Diesel-Electric,50,50,reported_numeric
25c9a68a5ab066abae1f07f8534cfcbdb2fd55ba30af65c39bba379aef3be6ab,2020-08-31,Buses,buses,Electric,35,35,reported_numeric
25c9a68a5ab066abae1f07f8534cfcbdb2fd55ba30af65c39bba379aef3be6ab,2020-08-31,Buses,buses,Petrol,14,14,reported_numeric
25c9a68a5ab066abae1f07f8534cfcbdb2fd55ba30af65c39bba379aef3be6ab,2020-08-31,Buses,buses,Petrol-CNG,0,0,reported_numeric
25c9a68a5ab066abae1f07f8534cfcbdb2fd55ba30af65c39bba379aef3be6ab,2020-08-31,Cars,cars,CNG,0,0,reported_numeric
25c9a68a5ab066abae1f07f8534cfcbdb2fd55ba30af65c39bba379aef3be6ab,2020-08-31,Cars,cars,Diesel,18036,18036,reported_numeric
25c9a68a5ab066abae1f07f8534cfcbdb2fd55ba30af65c39bba379aef3be6ab,2020-08-31,Cars,cars,Diesel-Electric,18,18,reported_numeric
25c9a68a5ab066abae1f07f8534cfcbdb2fd55ba30af65c39bba379aef3be6ab,2020-08-31,Cars,cars,Electric,1180,1180,reported_numeric
25c9a68a5ab066abae1f07f8534cfcbdb2fd55ba30af65c39bba379aef3be6ab,2020-08-31,Cars,cars,Petrol,569692,569692,reported_numeric
25c9a68a5ab066abae1f07f8534cfcbdb2fd55ba30af65c39bba379aef3be6ab,2020-08-31,Cars,cars,Petrol-CNG,220,220,reported_numeric
25c9a68a5ab066abae1f07f8534cfcbdb2fd55ba30af65c39bba379aef3be6ab,2020-08-31,Cars,cars,Petrol-Electric,39042,39042,reported_numeric
25c9a68a5ab066abae1f07f8534cfcbdb2fd55ba30af65c39bba379aef3be6ab,2020-08-31,Cars,cars,Petrol-Electric (Plug-In),517,517,reported_numeric
25c9a68a5ab066abae1f07f8534cfcbdb2fd55ba30af65c39bba379aef3be6ab,2020-08-31,Goods & Other Vehicles,goods_and_other_vehicles,CNG,2,2,reported_numeric
25c9a68a5ab066abae1f07f8534cfcbdb2fd55ba30af65c39bba379aef3be6ab,2020-08-31,Goods & Other Vehicles,goods_and_other_vehicles,Diesel,134204,134204,reported_numeric
25c9a68a5ab066abae1f07f8534cfcbdb2fd55ba30af65c39bba379aef3be6ab,2020-08-31,Goods & Other Vehicles,goods_and_other_vehicles,Diesel-Electric,7,7,reported_numeric
25c9a68a5ab066abae1f07f8534cfcbdb2fd55ba30af65c39bba379aef3be6ab,2020-08-31,Goods & Other Vehicles,goods_and_other_vehicles,Electric,90,90,reported_numeric
25c9a68a5ab066abae1f07f8534cfcbdb2fd55ba30af65c39bba379aef3be6ab,2020-08-31,Goods & Other Vehicles,goods_and_other_vehicles,Petrol,5379,5379,reported_numeric
25c9a68a5ab066abae1f07f8534cfcbdb2fd55ba30af65c39bba379aef3be6ab,2020-08-31,Goods & Other Vehicles,goods_and_other_vehicles,Petrol-CNG,1,1,reported_numeric
25c9a68a5ab066abae1f07f8534cfcbdb2fd55ba30af65c39bba379aef3be6ab,2020-08-31,Goods & Other Vehicles,goods_and_other_vehicles,Petrol-Electric,1,1,reported_numeric
25c9a68a5ab066abae1f07f8534cfcbdb2fd55ba30af65c39bba379aef3be6ab,2020-08-31,Motor-cycles,motorcycles,Electric,1,1,reported_numeric
25c9a68a5ab066abae1f07f8534cfcbdb2fd55ba30af65c39bba379aef3be6ab,2020-08-31,Motor-cycles,motorcycles,Petrol,140158,140158,reported_numeric
25c9a68a5ab066abae1f07f8534cfcbdb2fd55ba30af65c39bba379aef3be6ab,2020-08-31,Taxis,taxis,CNG,0,0,reported_numeric
25c9a68a5ab066abae1f07f8534cfcbdb2fd55ba30af65c39bba379aef3be6ab,2020-08-31,Taxis,taxis,Diesel,7613,7613,reported_numeric
25c9a68a5ab066abae1f07f8534cfcbdb2fd55ba30af65c39bba379aef3be6ab,2020-08-31,Taxis,taxis,Electric,133,133,reported_numeric
25c9a68a5ab066abae1f07f8534cfcbdb2fd55ba30af65c39bba379aef3be6ab,2020-08-31,Taxis,taxis,Petrol,22,22,reported_numeric
25c9a68a5ab066abae1f07f8534cfcbdb2fd55ba30af65c39bba379aef3be6ab,2020-08-31,Taxis,taxis,Petrol-CNG,0,0,reported_numeric
25c9a68a5ab066abae1f07f8534cfcbdb2fd55ba30af65c39bba379aef3be6ab,2020-08-31,Taxis,taxis,Petrol-Electric,8496,8496,reported_numeric
25c9a68a5ab066abae1f07f8534cfcbdb2fd55ba30af65c39bba379aef3be6ab,2020-09-30,Buses,buses,CNG,0,0,reported_numeric
25c9a68a5ab066abae1f07f8534cfcbdb2fd55ba30af65c39bba379aef3be6ab,2020-09-30,Buses,buses,Diesel,18909,18909,reported_numeric
25c9a68a5ab066abae1f07f8534cfcbdb2fd55ba30af65c39bba379aef3be6ab,2020-09-30,Buses,buses,Diesel-Electric,50,50,reported_numeric
25c9a68a5ab066abae1f07f8534cfcbdb2fd55ba30af65c39bba379aef3be6ab,2020-09-30,Buses,buses,Electric,35,35,reported_numeric
25c9a68a5ab066abae1f07f8534cfcbdb2fd55ba30af65c39bba379aef3be6ab,2020-09-30,Buses,buses,Petrol,14,14,reported_numeric
25c9a68a5ab066abae1f07f8534cfcbdb2fd55ba30af65c39bba379aef3be6ab,2020-09-30,Buses,buses,Petrol-CNG,0,0,reported_numeric
25c9a68a5ab066abae1f07f8534cfcbdb2fd55ba30af65c39bba379aef3be6ab,2020-09-30,Cars,cars,CNG,0,0,reported_numeric
25c9a68a5ab066abae1f07f8534cfcbdb2fd55ba30af65c39bba379aef3be6ab,2020-09-30,Cars,cars,Diesel,18053,18053,reported_numeric
25c9a68a5ab066abae1f07f8534cfcbdb2fd55ba30af65c39bba379aef3be6ab,2020-09-30,Cars,cars,Diesel-Electric,18,18,reported_numeric
25c9a68a5ab066abae1f07f8534cfcbdb2fd55ba30af65c39bba379aef3be6ab,2020-09-30,Cars,cars,Electric,1190,1190,reported_numeric
25c9a68a5ab066abae1f07f8534cfcbdb2fd55ba30af65c39bba379aef3be6ab,2020-09-30,Cars,cars,Petrol,570275,570275,reported_numeric
25c9a68a5ab066abae1f07f8534cfcbdb2fd55ba30af65c39bba379aef3be6ab,2020-09-30,Cars,cars,Petrol-CNG,214,214,reported_numeric
25c9a68a5ab066abae1f07f8534cfcbdb2fd55ba30af65c39bba379aef3be6ab,2020-09-30,Cars,cars,Petrol-Electric,39743,39743,reported_numeric
25c9a68a5ab066abae1f07f8534cfcbdb2fd55ba30af65c39bba379aef3be6ab,2020-09-30,Cars,cars,Petrol-Electric (Plug-In),525,525,reported_numeric
25c9a68a5ab066abae1f07f8534cfcbdb2fd55ba30af65c39bba379aef3be6ab,2020-09-30,Goods & Other Vehicles,goods_and_other_vehicles,CNG,2,2,reported_numeric
25c9a68a5ab066abae1f07f8534cfcbdb2fd55ba30af65c39bba379aef3be6ab,2020-09-30,Goods & Other Vehicles,goods_and_other_vehicles,Diesel,134414,134414,reported_numeric
25c9a68a5ab066abae1f07f8534cfcbdb2fd55ba30af65c39bba379aef3be6ab,2020-09-30,Goods & Other Vehicles,goods_and_other_vehicles,Diesel-Electric,7,7,reported_numeric
25c9a68a5ab066abae1f07f8534cfcbdb2fd55ba30af65c39bba379aef3be6ab,2020-09-30,Goods & Other Vehicles,goods_and_other_vehicles,Electric,93,93,reported_numeric
25c9a68a5ab066abae1f07f8534cfcbdb2fd55ba30af65c39bba379aef3be6ab,2020-09-30,Goods & Other Vehicles,goods_and_other_vehicles,Petrol,5519,5519,reported_numeric
25c9a68a5ab066abae1f07f8534cfcbdb2fd55ba30af65c39bba379aef3be6ab,2020-09-30,Goods & Other Vehicles,goods_and_other_vehicles,Petrol-CNG,1,1,reported_numeric
25c9a68a5ab066abae1f07f8534cfcbdb2fd55ba30af65c39bba379aef3be6ab,2020-09-30,Goods & Other Vehicles,goods_and_other_vehicles,Petrol-Electric,1,1,reported_numeric
25c9a68a5ab066abae1f07f8534cfcbdb2fd55ba30af65c39bba379aef3be6ab,2020-09-30,Motor-cycles,motorcycles,Electric,1,1,reported_numeric
25c9a68a5ab066abae1f07f8534cfcbdb2fd55ba30af65c39bba379aef3be6ab,2020-09-30,Motor-cycles,motorcycles,Petrol,140313,140313,reported_numeric
25c9a68a5ab066abae1f07f8534cfcbdb2fd55ba30af65c39bba379aef3be6ab,2020-09-30,Taxis,taxis,CNG,0,0,reported_numeric
25c9a68a5ab066abae1f07f8534cfcbdb2fd55ba30af65c39bba379aef3be6ab,2020-09-30,Taxis,taxis,Diesel,7302,7302,reported_numeric
25c9a68a5ab066abae1f07f8534cfcbdb2fd55ba30af65c39bba379aef3be6ab,2020-09-30,Taxis,taxis,Electric,133,133,reported_numeric
25c9a68a5ab066abae1f07f8534cfcbdb2fd55ba30af65c39bba379aef3be6ab,2020-09-30,Taxis,taxis,Petrol,21,21,reported_numeric
25c9a68a5ab066abae1f07f8534cfcbdb2fd55ba30af65c39bba379aef3be6ab,2020-09-30,Taxis,taxis,Petrol-CNG,0,0,reported_numeric
25c9a68a5ab066abae1f07f8534cfcbdb2fd55ba30af65c39bba379aef3be6ab,2020-09-30,Taxis,taxis,Petrol-Electric,8654,8654,reported_numeric
25c9a68a5ab066abae1f07f8534cfcbdb2fd55ba30af65c39bba379aef3be6ab,2020-10-31,Buses,buses,CNG,0,0,reported_numeric
25c9a68a5ab066abae1f07f8534cfcbdb2fd55ba30af65c39bba379aef3be6ab,2020-10-31,Buses,buses,Diesel,18878,18878,reported_numeric
25c9a68a5ab066abae1f07f8534cfcbdb2fd55ba30af65c39bba379aef3be6ab,2020-10-31,Buses,buses,Diesel-Electric,50,50,reported_numeric
25c9a68a5ab066abae1f07f8534cfcbdb2fd55ba30af65c39bba379aef3be6ab,2020-10-31,Buses,buses,Electric,45,45,reported_numeric
25c9a68a5ab066abae1f07f8534cfcbdb2fd55ba30af65c39bba379aef3be6ab,2020-10-31,Buses,buses,Petrol,14,14,reported_numeric
25c9a68a5ab066abae1f07f8534cfcbdb2fd55ba30af65c39bba379aef3be6ab,2020-10-31,Buses,buses,Petrol-CNG,0,0,reported_numeric
25c9a68a5ab066abae1f07f8534cfcbdb2fd55ba30af65c39bba379aef3be6ab,2020-10-31,Cars,cars,CNG,0,0,reported_numeric
25c9a68a5ab066abae1f07f8534cfcbdb2fd55ba30af65c39bba379aef3be6ab,2020-10-31,Cars,cars,Diesel,18062,18062,reported_numeric
25c9a68a5ab066abae1f07f8534cfcbdb2fd55ba30af65c39bba379aef3be6ab,2020-10-31,Cars,cars,Diesel-Electric,18,18,reported_numeric
25c9a68a5ab066abae1f07f8534cfcbdb2fd55ba30af65c39bba379aef3be6ab,2020-10-31,Cars,cars,Electric,1203,1203,reported_numeric
25c9a68a5ab066abae1f07f8534cfcbdb2fd55ba30af65c39bba379aef3be6ab,2020-10-31,Cars,cars,Petrol,571020,571020,reported_numeric
25c9a68a5ab066abae1f07f8534cfcbdb2fd55ba30af65c39bba379aef3be6ab,2020-10-31,Cars,cars,Petrol-CNG,210,210,reported_numeric
25c9a68a5ab066abae1f07f8534cfcbdb2fd55ba30af65c39bba379aef3be6ab,2020-10-31,Cars,cars,Petrol-Electric,40530,40530,reported_numeric
25c9a68a5ab066abae1f07f8534cfcbdb2fd55ba30af65c39bba379aef3be6ab,2020-10-31,Cars,cars,Petrol-Electric (Plug-In),537,537,reported_numeric
25c9a68a5ab066abae1f07f8534cfcbdb2fd55ba30af65c39bba379aef3be6ab,2020-10-31,Goods & Other Vehicles,goods_and_other_vehicles,CNG,2,2,reported_numeric
25c9a68a5ab066abae1f07f8534cfcbdb2fd55ba30af65c39bba379aef3be6ab,2020-10-31,Goods & Other Vehicles,goods_and_other_vehicles,Diesel,134499,134499,reported_numeric
25c9a68a5ab066abae1f07f8534cfcbdb2fd55ba30af65c39bba379aef3be6ab,2020-10-31,Goods & Other Vehicles,goods_and_other_vehicles,Diesel-Electric,7,7,reported_numeric
25c9a68a5ab066abae1f07f8534cfcbdb2fd55ba30af65c39bba379aef3be6ab,2020-10-31,Goods & Other Vehicles,goods_and_other_vehicles,Electric,93,93,reported_numeric
25c9a68a5ab066abae1f07f8534cfcbdb2fd55ba30af65c39bba379aef3be6ab,2020-10-31,Goods & Other Vehicles,goods_and_other_vehicles,Petrol,5655,5655,reported_numeric
25c9a68a5ab066abae1f07f8534cfcbdb2fd55ba30af65c39bba379aef3be6ab,2020-10-31,Goods & Other Vehicles,goods_and_other_vehicles,Petrol-CNG,0,0,reported_numeric
25c9a68a5ab066abae1f07f8534cfcbdb2fd55ba30af65c39bba379aef3be6ab,2020-10-31,Goods & Other Vehicles,goods_and_other_vehicles,Petrol-Electric,1,1,reported_numeric
25c9a68a5ab066abae1f07f8534cfcbdb2fd55ba30af65c39bba379aef3be6ab,2020-10-31,Motor-cycles,motorcycles,Electric,1,1,reported_numeric
25c9a68a5ab066abae1f07f8534cfcbdb2fd55ba30af65c39bba379aef3be6ab,2020-10-31,Motor-cycles,motorcycles,Petrol,140436,140436,reported_numeric
25c9a68a5ab066abae1f07f8534cfcbdb2fd55ba30af65c39bba379aef3be6ab,2020-10-31,Taxis,taxis,CNG,0,0,reported_numeric
25c9a68a5ab066abae1f07f8534cfcbdb2fd55ba30af65c39bba379aef3be6ab,2020-10-31,Taxis,taxis,Diesel,7042,7042,reported_numeric
25c9a68a5ab066abae1f07f8534cfcbdb2fd55ba30af65c39bba379aef3be6ab,2020-10-31,Taxis,taxis,Electric,121,121,reported_numeric
25c9a68a5ab066abae1f07f8534cfcbdb2fd55ba30af65c39bba379aef3be6ab,2020-10-31,Taxis,taxis,Petrol,21,21,reported_numeric
25c9a68a5ab066abae1f07f8534cfcbdb2fd55ba30af65c39bba379aef3be6ab,2020-10-31,Taxis,taxis,Petrol-CNG,0,0,reported_numeric
25c9a68a5ab066abae1f07f8534cfcbdb2fd55ba30af65c39bba379aef3be6ab,2020-10-31,Taxis,taxis,Petrol-Electric,8828,8828,reported_numeric
25c9a68a5ab066abae1f07f8534cfcbdb2fd55ba30af65c39bba379aef3be6ab,2020-11-30,Buses,buses,CNG,0,0,reported_numeric
25c9a68a5ab066abae1f07f8534cfcbdb2fd55ba30af65c39bba379aef3be6ab,2020-11-30,Buses,buses,Diesel,18840,18840,reported_numeric
25c9a68a5ab066abae1f07f8534cfcbdb2fd55ba30af65c39bba379aef3be6ab,2020-11-30,Buses,buses,Diesel-Electric,50,50,reported_numeric
25c9a68a5ab066abae1f07f8534cfcbdb2fd55ba30af65c39bba379aef3be6ab,2020-11-30,Buses,buses,Electric,50,50,reported_numeric
25c9a68a5ab066abae1f07f8534cfcbdb2fd55ba30af65c39bba379aef3be6ab,2020-11-30,Buses,buses,Petrol,14,14,reported_numeric
25c9a68a5ab066abae1f07f8534cfcbdb2fd55ba30af65c39bba379aef3be6ab,2020-11-30,Buses,buses,Petrol-CNG,0,0,reported_numeric
25c9a68a5ab066abae1f07f8534cfcbdb2fd55ba30af65c39bba379aef3be6ab,2020-11-30,Cars,cars,CNG,0,0,reported_numeric
25c9a68a5ab066abae1f07f8534cfcbdb2fd55ba30af65c39bba379aef3be6ab,2020-11-30,Cars,cars,Diesel,18073,18073,reported_numeric
25c9a68a5ab066abae1f07f8534cfcbdb2fd55ba30af65c39bba379aef3be6ab,2020-11-30,Cars,cars,Diesel-Electric,18,18,reported_numeric
25c9a68a5ab066abae1f07f8534cfcbdb2fd55ba30af65c39bba379aef3be6ab,2020-11-30,Cars,cars,Electric,1215,1215,reported_numeric
25c9a68a5ab066abae1f07f8534cfcbdb2fd55ba30af65c39bba379aef3be6ab,2020-11-30,Cars,cars,Petrol,571847,571847,reported_numeric
25c9a68a5ab066abae1f07f8534cfcbdb2fd55ba30af65c39bba379aef3be6ab,2020-11-30,Cars,cars,Petrol-CNG,205,205,reported_numeric
25c9a68a5ab066abae1f07f8534cfcbdb2fd55ba30af65c39bba379aef3be6ab,2020-11-30,Cars,cars,Petrol-Electric,41245,41245,reported_numeric
25c9a68a5ab066abae1f07f8534cfcbdb2fd55ba30af65c39bba379aef3be6ab,2020-11-30,Cars,cars,Petrol-Electric (Plug-In),545,545,reported_numeric
25c9a68a5ab066abae1f07f8534cfcbdb2fd55ba30af65c39bba379aef3be6ab,2020-11-30,Goods & Other Vehicles,goods_and_other_vehicles,CNG,2,2,reported_numeric
25c9a68a5ab066abae1f07f8534cfcbdb2fd55ba30af65c39bba379aef3be6ab,2020-11-30,Goods & Other Vehicles,goods_and_other_vehicles,Diesel,134635,134635,reported_numeric
25c9a68a5ab066abae1f07f8534cfcbdb2fd55ba30af65c39bba379aef3be6ab,2020-11-30,Goods & Other Vehicles,goods_and_other_vehicles,Diesel-Electric,7,7,reported_numeric
25c9a68a5ab066abae1f07f8534cfcbdb2fd55ba30af65c39bba379aef3be6ab,2020-11-30,Goods & Other Vehicles,goods_and_other_vehicles,Electric,96,96,reported_numeric
25c9a68a5ab066abae1f07f8534cfcbdb2fd55ba30af65c39bba379aef3be6ab,2020-11-30,Goods & Other Vehicles,goods_and_other_vehicles,Petrol,5726,5726,reported_numeric
25c9a68a5ab066abae1f07f8534cfcbdb2fd55ba30af65c39bba379aef3be6ab,2020-11-30,Goods & Other Vehicles,goods_and_other_vehicles,Petrol-CNG,0,0,reported_numeric
25c9a68a5ab066abae1f07f8534cfcbdb2fd55ba30af65c39bba379aef3be6ab,2020-11-30,Goods & Other Vehicles,goods_and_other_vehicles,Petrol-Electric,1,1,reported_numeric
25c9a68a5ab066abae1f07f8534cfcbdb2fd55ba30af65c39bba379aef3be6ab,2020-11-30,Motor-cycles,motorcycles,Electric,1,1,reported_numeric
25c9a68a5ab066abae1f07f8534cfcbdb2fd55ba30af65c39bba379aef3be6ab,2020-11-30,Motor-cycles,motorcycles,Petrol,140711,140711,reported_numeric
25c9a68a5ab066abae1f07f8534cfcbdb2fd55ba30af65c39bba379aef3be6ab,2020-11-30,Taxis,taxis,CNG,0,0,reported_numeric
25c9a68a5ab066abae1f07f8534cfcbdb2fd55ba30af65c39bba379aef3be6ab,2020-11-30,Taxis,taxis,Diesel,6644,6644,reported_numeric
25c9a68a5ab066abae1f07f8534cfcbdb2fd55ba30af65c39bba379aef3be6ab,2020-11-30,Taxis,taxis,Electric,92,92,reported_numeric
25c9a68a5ab066abae1f07f8534cfcbdb2fd55ba30af65c39bba379aef3be6ab,2020-11-30,Taxis,taxis,Petrol,21,21,reported_numeric
25c9a68a5ab066abae1f07f8534cfcbdb2fd55ba30af65c39bba379aef3be6ab,2020-11-30,Taxis,taxis,Petrol-CNG,0,0,reported_numeric
25c9a68a5ab066abae1f07f8534cfcbdb2fd55ba30af65c39bba379aef3be6ab,2020-11-30,Taxis,taxis,Petrol-Electric,9015,9015,reported_numeric
25c9a68a5ab066abae1f07f8534cfcbdb2fd55ba30af65c39bba379aef3be6ab,2020-12-31,Buses,buses,CNG,0,0,reported_numeric
25c9a68a5ab066abae1f07f8534cfcbdb2fd55ba30af65c39bba379aef3be6ab,2020-12-31,Buses,buses,Diesel,18798,18798,reported_numeric
25c9a68a5ab066abae1f07f8534cfcbdb2fd55ba30af65c39bba379aef3be6ab,2020-12-31,Buses,buses,Diesel-Electric,50,50,reported_numeric
25c9a68a5ab066abae1f07f8534cfcbdb2fd55ba30af65c39bba379aef3be6ab,2020-12-31,Buses,buses,Electric,50,50,reported_numeric
25c9a68a5ab066abae1f07f8534cfcbdb2fd55ba30af65c39bba379aef3be6ab,2020-12-31,Buses,buses,Petrol,14,14,reported_numeric
25c9a68a5ab066abae1f07f8534cfcbdb2fd55ba30af65c39bba379aef3be6ab,2020-12-31,Buses,buses,Petrol-CNG,0,0,reported_numeric
25c9a68a5ab066abae1f07f8534cfcbdb2fd55ba30af65c39bba379aef3be6ab,2020-12-31,Cars,cars,CNG,0,0,reported_numeric
25c9a68a5ab066abae1f07f8534cfcbdb2fd55ba30af65c39bba379aef3be6ab,2020-12-31,Cars,cars,Diesel,18076,18076,reported_numeric
25c9a68a5ab066abae1f07f8534cfcbdb2fd55ba30af65c39bba379aef3be6ab,2020-12-31,Cars,cars,Diesel-Electric,18,18,reported_numeric
25c9a68a5ab066abae1f07f8534cfcbdb2fd55ba30af65c39bba379aef3be6ab,2020-12-31,Cars,cars,Electric,1217,1217,reported_numeric
25c9a68a5ab066abae1f07f8534cfcbdb2fd55ba30af65c39bba379aef3be6ab,2020-12-31,Cars,cars,Petrol,572132,572132,reported_numeric
25c9a68a5ab066abae1f07f8534cfcbdb2fd55ba30af65c39bba379aef3be6ab,2020-12-31,Cars,cars,Petrol-CNG,202,202,reported_numeric
25c9a68a5ab066abae1f07f8534cfcbdb2fd55ba30af65c39bba379aef3be6ab,2020-12-31,Cars,cars,Petrol-Electric,41845,41845,reported_numeric
25c9a68a5ab066abae1f07f8534cfcbdb2fd55ba30af65c39bba379aef3be6ab,2020-12-31,Cars,cars,Petrol-Electric (Plug-In),552,552,reported_numeric
25c9a68a5ab066abae1f07f8534cfcbdb2fd55ba30af65c39bba379aef3be6ab,2020-12-31,Goods & Other Vehicles,goods_and_other_vehicles,CNG,2,2,reported_numeric
25c9a68a5ab066abae1f07f8534cfcbdb2fd55ba30af65c39bba379aef3be6ab,2020-12-31,Goods & Other Vehicles,goods_and_other_vehicles,Diesel,134860,134860,reported_numeric
25c9a68a5ab066abae1f07f8534cfcbdb2fd55ba30af65c39bba379aef3be6ab,2020-12-31,Goods & Other Vehicles,goods_and_other_vehicles,Diesel-Electric,7,7,reported_numeric
25c9a68a5ab066abae1f07f8534cfcbdb2fd55ba30af65c39bba379aef3be6ab,2020-12-31,Goods & Other Vehicles,goods_and_other_vehicles,Electric,97,97,reported_numeric
25c9a68a5ab066abae1f07f8534cfcbdb2fd55ba30af65c39bba379aef3be6ab,2020-12-31,Goods & Other Vehicles,goods_and_other_vehicles,Petrol,5816,5816,reported_numeric
25c9a68a5ab066abae1f07f8534cfcbdb2fd55ba30af65c39bba379aef3be6ab,2020-12-31,Goods & Other Vehicles,goods_and_other_vehicles,Petrol-CNG,0,0,reported_numeric
25c9a68a5ab066abae1f07f8534cfcbdb2fd55ba30af65c39bba379aef3be6ab,2020-12-31,Goods & Other Vehicles,goods_and_other_vehicles,Petrol-Electric,1,1,reported_numeric
25c9a68a5ab066abae1f07f8534cfcbdb2fd55ba30af65c39bba379aef3be6ab,2020-12-31,Motor-cycles,motorcycles,Electric,1,1,reported_numeric
25c9a68a5ab066abae1f07f8534cfcbdb2fd55ba30af65c39bba379aef3be6ab,2020-12-31,Motor-cycles,motorcycles,Petrol,140781,140781,reported_numeric
25c9a68a5ab066abae1f07f8534cfcbdb2fd55ba30af65c39bba379aef3be6ab,2020-12-31,Taxis,taxis,CNG,0,0,reported_numeric
25c9a68a5ab066abae1f07f8534cfcbdb2fd55ba30af65c39bba379aef3be6ab,2020-12-31,Taxis,taxis,Diesel,6508,6508,reported_numeric
25c9a68a5ab066abae1f07f8534cfcbdb2fd55ba30af65c39bba379aef3be6ab,2020-12-31,Taxis,taxis,Electric,32,32,reported_numeric
25c9a68a5ab066abae1f07f8534cfcbdb2fd55ba30af65c39bba379aef3be6ab,2020-12-31,Taxis,taxis,Petrol,21,21,reported_numeric
25c9a68a5ab066abae1f07f8534cfcbdb2fd55ba30af65c39bba379aef3be6ab,2020-12-31,Taxis,taxis,Petrol-CNG,0,0,reported_numeric
25c9a68a5ab066abae1f07f8534cfcbdb2fd55ba30af65c39bba379aef3be6ab,2020-12-31,Taxis,taxis,Petrol-Electric,9117,9117,reported_numeric
25c9a68a5ab066abae1f07f8534cfcbdb2fd55ba30af65c39bba379aef3be6ab,2021-01-31,Buses,buses,CNG,0,0,reported_numeric
25c9a68a5ab066abae1f07f8534cfcbdb2fd55ba30af65c39bba379aef3be6ab,2021-01-31,Buses,buses,Diesel,18776,18776,reported_numeric
25c9a68a5ab066abae1f07f8534cfcbdb2fd55ba30af65c39bba379aef3be6ab,2021-01-31,Buses,buses,Diesel-Electric,50,50,reported_numeric
25c9a68a5ab066abae1f07f8534cfcbdb2fd55ba30af65c39bba379aef3be6ab,2021-01-31,Buses,buses,Electric,51,51,reported_numeric
25c9a68a5ab066abae1f07f8534cfcbdb2fd55ba30af65c39bba379aef3be6ab,2021-01-31,Buses,buses,Petrol,12,12,reported_numeric
25c9a68a5ab066abae1f07f8534cfcbdb2fd55ba30af65c39bba379aef3be6ab,2021-01-31,Buses,buses,Petrol-CNG,0,0,reported_numeric
25c9a68a5ab066abae1f07f8534cfcbdb2fd55ba30af65c39bba379aef3be6ab,2021-01-31,Cars,cars,CNG,0,0,reported_numeric
25c9a68a5ab066abae1f07f8534cfcbdb2fd55ba30af65c39bba379aef3be6ab,2021-01-31,Cars,cars,Diesel,18081,18081,reported_numeric
25c9a68a5ab066abae1f07f8534cfcbdb2fd55ba30af65c39bba379aef3be6ab,2021-01-31,Cars,cars,Diesel-Electric,18,18,reported_numeric
25c9a68a5ab066abae1f07f8534cfcbdb2fd55ba30af65c39bba379aef3be6ab,2021-01-31,Cars,cars,Electric,1274,1274,reported_numeric
25c9a68a5ab066abae1f07f8534cfcbdb2fd55ba30af65c39bba379aef3be6ab,2021-01-31,Cars,cars,Petrol,573046,573046,reported_numeric
25c9a68a5ab066abae1f07f8534cfcbdb2fd55ba30af65c39bba379aef3be6ab,2021-01-31,Cars,cars,Petrol-CNG,199,199,reported_numeric
25c9a68a5ab066abae1f07f8534cfcbdb2fd55ba30af65c39bba379aef3be6ab,2021-01-31,Cars,cars,Petrol-Electric,43304,43304,reported_numeric
25c9a68a5ab066abae1f07f8534cfcbdb2fd55ba30af65c39bba379aef3be6ab,2021-01-31,Cars,cars,Petrol-Electric (Plug-In),561,561,reported_numeric
25c9a68a5ab066abae1f07f8534cfcbdb2fd55ba30af65c39bba379aef3be6ab,2021-01-31,Goods & Other Vehicles,goods_and_other_vehicles,CNG,2,2,reported_numeric
25c9a68a5ab066abae1f07f8534cfcbdb2fd55ba30af65c39bba379aef3be6ab,2021-01-31,Goods & Other Vehicles,goods_and_other_vehicles,Diesel,135324,135324,reported_numeric
25c9a68a5ab066abae1f07f8534cfcbdb2fd55ba30af65c39bba379aef3be6ab,2021-01-31,Goods & Other Vehicles,goods_and_other_vehicles,Diesel-Electric,7,7,reported_numeric
25c9a68a5ab066abae1f07f8534cfcbdb2fd55ba30af65c39bba379aef3be6ab,2021-01-31,Goods & Other Vehicles,goods_and_other_vehicles,Electric,103,103,reported_numeric
25c9a68a5ab066abae1f07f8534cfcbdb2fd55ba30af65c39bba379aef3be6ab,2021-01-31,Goods & Other Vehicles,goods_and_other_vehicles,Petrol,5898,5898,reported_numeric
25c9a68a5ab066abae1f07f8534cfcbdb2fd55ba30af65c39bba379aef3be6ab,2021-01-31,Goods & Other Vehicles,goods_and_other_vehicles,Petrol-CNG,0,0,reported_numeric
25c9a68a5ab066abae1f07f8534cfcbdb2fd55ba30af65c39bba379aef3be6ab,2021-01-31,Goods & Other Vehicles,goods_and_other_vehicles,Petrol-Electric,1,1,reported_numeric
25c9a68a5ab066abae1f07f8534cfcbdb2fd55ba30af65c39bba379aef3be6ab,2021-01-31,Motor-cycles,motorcycles,Electric,2,2,reported_numeric
25c9a68a5ab066abae1f07f8534cfcbdb2fd55ba30af65c39bba379aef3be6ab,2021-01-31,Motor-cycles,motorcycles,Petrol,140743,140743,reported_numeric
25c9a68a5ab066abae1f07f8534cfcbdb2fd55ba30af65c39bba379aef3be6ab,2021-01-31,Taxis,taxis,CNG,0,0,reported_numeric
25c9a68a5ab066abae1f07f8534cfcbdb2fd55ba30af65c39bba379aef3be6ab,2021-01-31,Taxis,taxis,Diesel,6440,6440,reported_numeric
25c9a68a5ab066abae1f07f8534cfcbdb2fd55ba30af65c39bba379aef3be6ab,2021-01-31,Taxis,taxis,Electric,4,4,reported_numeric
25c9a68a5ab066abae1f07f8534cfcbdb2fd55ba30af65c39bba379aef3be6ab,2021-01-31,Taxis,taxis,Petrol,21,21,reported_numeric
25c9a68a5ab066abae1f07f8534cfcbdb2fd55ba30af65c39bba379aef3be6ab,2021-01-31,Taxis,taxis,Petrol-CNG,0,0,reported_numeric
25c9a68a5ab066abae1f07f8534cfcbdb2fd55ba30af65c39bba379aef3be6ab,2021-01-31,Taxis,taxis,Petrol-Electric,9423,9423,reported_numeric
25c9a68a5ab066abae1f07f8534cfcbdb2fd55ba30af65c39bba379aef3be6ab,2021-02-28,Buses,buses,CNG,0,0,reported_numeric
25c9a68a5ab066abae1f07f8534cfcbdb2fd55ba30af65c39bba379aef3be6ab,2021-02-28,Buses,buses,Diesel,18749,18749,reported_numeric
25c9a68a5ab066abae1f07f8534cfcbdb2fd55ba30af65c39bba379aef3be6ab,2021-02-28,Buses,buses,Diesel-Electric,50,50,reported_numeric
25c9a68a5ab066abae1f07f8534cfcbdb2fd55ba30af65c39bba379aef3be6ab,2021-02-28,Buses,buses,Electric,51,51,reported_numeric
25c9a68a5ab066abae1f07f8534cfcbdb2fd55ba30af65c39bba379aef3be6ab,2021-02-28,Buses,buses,Petrol,12,12,reported_numeric
25c9a68a5ab066abae1f07f8534cfcbdb2fd55ba30af65c39bba379aef3be6ab,2021-02-28,Buses,buses,Petrol-CNG,0,0,reported_numeric
25c9a68a5ab066abae1f07f8534cfcbdb2fd55ba30af65c39bba379aef3be6ab,2021-02-28,Cars,cars,CNG,0,0,reported_numeric
25c9a68a5ab066abae1f07f8534cfcbdb2fd55ba30af65c39bba379aef3be6ab,2021-02-28,Cars,cars,Diesel,18109,18109,reported_numeric
25c9a68a5ab066abae1f07f8534cfcbdb2fd55ba30af65c39bba379aef3be6ab,2021-02-28,Cars,cars,Diesel-Electric,18,18,reported_numeric
25c9a68a5ab066abae1f07f8534cfcbdb2fd55ba30af65c39bba379aef3be6ab,2021-02-28,Cars,cars,Electric,1307,1307,reported_numeric
25c9a68a5ab066abae1f07f8534cfcbdb2fd55ba30af65c39bba379aef3be6ab,2021-02-28,Cars,cars,Petrol,573272,573272,reported_numeric
25c9a68a5ab066abae1f07f8534cfcbdb2fd55ba30af65c39bba379aef3be6ab,2021-02-28,Cars,cars,Petrol-CNG,198,198,reported_numeric
25c9a68a5ab066abae1f07f8534cfcbdb2fd55ba30af65c39bba379aef3be6ab,2021-02-28,Cars,cars,Petrol-Electric,44180,44180,reported_numeric
25c9a68a5ab066abae1f07f8534cfcbdb2fd55ba30af65c39bba379aef3be6ab,2021-02-28,Cars,cars,Petrol-Electric (Plug-In),570,570,reported_numeric
25c9a68a5ab066abae1f07f8534cfcbdb2fd55ba30af65c39bba379aef3be6ab,2021-02-28,Goods & Other Vehicles,goods_and_other_vehicles,CNG,2,2,reported_numeric
25c9a68a5ab066abae1f07f8534cfcbdb2fd55ba30af65c39bba379aef3be6ab,2021-02-28,Goods & Other Vehicles,goods_and_other_vehicles,Diesel,135561,135561,reported_numeric
25c9a68a5ab066abae1f07f8534cfcbdb2fd55ba30af65c39bba379aef3be6ab,2021-02-28,Goods & Other Vehicles,goods_and_other_vehicles,Diesel-Electric,7,7,reported_numeric
25c9a68a5ab066abae1f07f8534cfcbdb2fd55ba30af65c39bba379aef3be6ab,2021-02-28,Goods & Other Vehicles,goods_and_other_vehicles,Electric,103,103,reported_numeric
25c9a68a5ab066abae1f07f8534cfcbdb2fd55ba30af65c39bba379aef3be6ab,2021-02-28,Goods & Other Vehicles,goods_and_other_vehicles,Petrol,5918,5918,reported_numeric
25c9a68a5ab066abae1f07f8534cfcbdb2fd55ba30af65c39bba379aef3be6ab,2021-02-28,Goods & Other Vehicles,goods_and_other_vehicles,Petrol-CNG,0,0,reported_numeric
25c9a68a5ab066abae1f07f8534cfcbdb2fd55ba30af65c39bba379aef3be6ab,2021-02-28,Goods & Other Vehicles,goods_and_other_vehicles,Petrol-Electric,1,1,reported_numeric
25c9a68a5ab066abae1f07f8534cfcbdb2fd55ba30af65c39bba379aef3be6ab,2021-02-28,Motor-cycles,motorcycles,Electric,2,2,reported_numeric
25c9a68a5ab066abae1f07f8534cfcbdb2fd55ba30af65c39bba379aef3be6ab,2021-02-28,Motor-cycles,motorcycles,Petrol,140698,140698,reported_numeric
25c9a68a5ab066abae1f07f8534cfcbdb2fd55ba30af65c39bba379aef3be6ab,2021-02-28,Taxis,taxis,CNG,0,0,reported_numeric
25c9a68a5ab066abae1f07f8534cfcbdb2fd55ba30af65c39bba379aef3be6ab,2021-02-28,Taxis,taxis,Diesel,6312,6312,reported_numeric
25c9a68a5ab066abae1f07f8534cfcbdb2fd55ba30af65c39bba379aef3be6ab,2021-02-28,Taxis,taxis,Electric,4,4,reported_numeric
25c9a68a5ab066abae1f07f8534cfcbdb2fd55ba30af65c39bba379aef3be6ab,2021-02-28,Taxis,taxis,Petrol,21,21,reported_numeric
25c9a68a5ab066abae1f07f8534cfcbdb2fd55ba30af65c39bba379aef3be6ab,2021-02-28,Taxis,taxis,Petrol-CNG,0,0,reported_numeric
25c9a68a5ab066abae1f07f8534cfcbdb2fd55ba30af65c39bba379aef3be6ab,2021-02-28,Taxis,taxis,Petrol-Electric,9528,9528,reported_numeric
25c9a68a5ab066abae1f07f8534cfcbdb2fd55ba30af65c39bba379aef3be6ab,2021-03-31,Buses,buses,CNG,0,0,reported_numeric
25c9a68a5ab066abae1f07f8534cfcbdb2fd55ba30af65c39bba379aef3be6ab,2021-03-31,Buses,buses,Diesel,18779,18779,reported_numeric
25c9a68a5ab066abae1f07f8534cfcbdb2fd55ba30af65c39bba379aef3be6ab,2021-03-31,Buses,buses,Diesel-Electric,50,50,reported_numeric
25c9a68a5ab066abae1f07f8534cfcbdb2fd55ba30af65c39bba379aef3be6ab,2021-03-31,Buses,buses,Electric,51,51,reported_numeric
25c9a68a5ab066abae1f07f8534cfcbdb2fd55ba30af65c39bba379aef3be6ab,2021-03-31,Buses,buses,Petrol,11,11,reported_numeric
25c9a68a5ab066abae1f07f8534cfcbdb2fd55ba30af65c39bba379aef3be6ab,2021-03-31,Buses,buses,Petrol-CNG,0,0,reported_numeric
25c9a68a5ab066abae1f07f8534cfcbdb2fd55ba30af65c39bba379aef3be6ab,2021-03-31,Cars,cars,CNG,0,0,reported_numeric
25c9a68a5ab066abae1f07f8534cfcbdb2fd55ba30af65c39bba379aef3be6ab,2021-03-31,Cars,cars,Diesel,18110,18110,reported_numeric
25c9a68a5ab066abae1f07f8534cfcbdb2fd55ba30af65c39bba379aef3be6ab,2021-03-31,Cars,cars,Diesel-Electric,18,18,reported_numeric
25c9a68a5ab066abae1f07f8534cfcbdb2fd55ba30af65c39bba379aef3be6ab,2021-03-31,Cars,cars,Electric,1351,1351,reported_numeric
25c9a68a5ab066abae1f07f8534cfcbdb2fd55ba30af65c39bba379aef3be6ab,2021-03-31,Cars,cars,Petrol,572882,572882,reported_numeric
25c9a68a5ab066abae1f07f8534cfcbdb2fd55ba30af65c39bba379aef3be6ab,2021-03-31,Cars,cars,Petrol-CNG,197,197,reported_numeric
25c9a68a5ab066abae1f07f8534cfcbdb2fd55ba30af65c39bba379aef3be6ab,2021-03-31,Cars,cars,Petrol-Electric,45360,45360,reported_numeric
25c9a68a5ab066abae1f07f8534cfcbdb2fd55ba30af65c39bba379aef3be6ab,2021-03-31,Cars,cars,Petrol-Electric (Plug-In),591,591,reported_numeric
25c9a68a5ab066abae1f07f8534cfcbdb2fd55ba30af65c39bba379aef3be6ab,2021-03-31,Goods & Other Vehicles,goods_and_other_vehicles,CNG,2,2,reported_numeric
25c9a68a5ab066abae1f07f8534cfcbdb2fd55ba30af65c39bba379aef3be6ab,2021-03-31,Goods & Other Vehicles,goods_and_other_vehicles,Diesel,136534,136534,reported_numeric
25c9a68a5ab066abae1f07f8534cfcbdb2fd55ba30af65c39bba379aef3be6ab,2021-03-31,Goods & Other Vehicles,goods_and_other_vehicles,Diesel-Electric,7,7,reported_numeric
25c9a68a5ab066abae1f07f8534cfcbdb2fd55ba30af65c39bba379aef3be6ab,2021-03-31,Goods & Other Vehicles,goods_and_other_vehicles,Electric,104,104,reported_numeric
25c9a68a5ab066abae1f07f8534cfcbdb2fd55ba30af65c39bba379aef3be6ab,2021-03-31,Goods & Other Vehicles,goods_and_other_vehicles,Petrol,5932,5932,reported_numeric
25c9a68a5ab066abae1f07f8534cfcbdb2fd55ba30af65c39bba379aef3be6ab,2021-03-31,Goods & Other Vehicles,goods_and_other_vehicles,Petrol-CNG,0,0,reported_numeric
25c9a68a5ab066abae1f07f8534cfcbdb2fd55ba30af65c39bba379aef3be6ab,2021-03-31,Goods & Other Vehicles,goods_and_other_vehicles,Petrol-Electric,1,1,reported_numeric
25c9a68a5ab066abae1f07f8534cfcbdb2fd55ba30af65c39bba379aef3be6ab,2021-03-31,Motor-cycles,motorcycles,Electric,2,2,reported_numeric
25c9a68a5ab066abae1f07f8534cfcbdb2fd55ba30af65c39bba379aef3be6ab,2021-03-31,Motor-cycles,motorcycles,Petrol,140693,140693,reported_numeric
25c9a68a5ab066abae1f07f8534cfcbdb2fd55ba30af65c39bba379aef3be6ab,2021-03-31,Taxis,taxis,CNG,0,0,reported_numeric
25c9a68a5ab066abae1f07f8534cfcbdb2fd55ba30af65c39bba379aef3be6ab,2021-03-31,Taxis,taxis,Diesel,6139,6139,reported_numeric
25c9a68a5ab066abae1f07f8534cfcbdb2fd55ba30af65c39bba379aef3be6ab,2021-03-31,Taxis,taxis,Electric,4,4,reported_numeric
25c9a68a5ab066abae1f07f8534cfcbdb2fd55ba30af65c39bba379aef3be6ab,2021-03-31,Taxis,taxis,Petrol,21,21,reported_numeric
25c9a68a5ab066abae1f07f8534cfcbdb2fd55ba30af65c39bba379aef3be6ab,2021-03-31,Taxis,taxis,Petrol-CNG,0,0,reported_numeric
25c9a68a5ab066abae1f07f8534cfcbdb2fd55ba30af65c39bba379aef3be6ab,2021-03-31,Taxis,taxis,Petrol-Electric,9574,9574,reported_numeric
25c9a68a5ab066abae1f07f8534cfcbdb2fd55ba30af65c39bba379aef3be6ab,2021-04-30,Buses,buses,CNG,0,0,reported_numeric
25c9a68a5ab066abae1f07f8534cfcbdb2fd55ba30af65c39bba379aef3be6ab,2021-04-30,Buses,buses,Diesel,18734,18734,reported_numeric
25c9a68a5ab066abae1f07f8534cfcbdb2fd55ba30af65c39bba379aef3be6ab,2021-04-30,Buses,buses,Diesel-Electric,50,50,reported_numeric
25c9a68a5ab066abae1f07f8534cfcbdb2fd55ba30af65c39bba379aef3be6ab,2021-04-30,Buses,buses,Electric,51,51,reported_numeric
25c9a68a5ab066abae1f07f8534cfcbdb2fd55ba30af65c39bba379aef3be6ab,2021-04-30,Buses,buses,Petrol,10,10,reported_numeric
25c9a68a5ab066abae1f07f8534cfcbdb2fd55ba30af65c39bba379aef3be6ab,2021-04-30,Buses,buses,Petrol-CNG,0,0,reported_numeric
25c9a68a5ab066abae1f07f8534cfcbdb2fd55ba30af65c39bba379aef3be6ab,2021-04-30,Cars,cars,CNG,0,0,reported_numeric
25c9a68a5ab066abae1f07f8534cfcbdb2fd55ba30af65c39bba379aef3be6ab,2021-04-30,Cars,cars,Diesel,18133,18133,reported_numeric
25c9a68a5ab066abae1f07f8534cfcbdb2fd55ba30af65c39bba379aef3be6ab,2021-04-30,Cars,cars,Diesel-Electric,18,18,reported_numeric
25c9a68a5ab066abae1f07f8534cfcbdb2fd55ba30af65c39bba379aef3be6ab,2021-04-30,Cars,cars,Electric,1415,1415,reported_numeric
25c9a68a5ab066abae1f07f8534cfcbdb2fd55ba30af65c39bba379aef3be6ab,2021-04-30,Cars,cars,Petrol,572399,572399,reported_numeric
25c9a68a5ab066abae1f07f8534cfcbdb2fd55ba30af65c39bba379aef3be6ab,2021-04-30,Cars,cars,Petrol-CNG,194,194,reported_numeric
25c9a68a5ab066abae1f07f8534cfcbdb2fd55ba30af65c39bba379aef3be6ab,2021-04-30,Cars,cars,Petrol-Electric,46522,46522,reported_numeric
25c9a68a5ab066abae1f07f8534cfcbdb2fd55ba30af65c39bba379aef3be6ab,2021-04-30,Cars,cars,Petrol-Electric (Plug-In),606,606,reported_numeric
25c9a68a5ab066abae1f07f8534cfcbdb2fd55ba30af65c39bba379aef3be6ab,2021-04-30,Goods & Other Vehicles,goods_and_other_vehicles,CNG,1,1,reported_numeric
25c9a68a5ab066abae1f07f8534cfcbdb2fd55ba30af65c39bba379aef3be6ab,2021-04-30,Goods & Other Vehicles,goods_and_other_vehicles,Diesel,136148,136148,reported_numeric
25c9a68a5ab066abae1f07f8534cfcbdb2fd55ba30af65c39bba379aef3be6ab,2021-04-30,Goods & Other Vehicles,goods_and_other_vehicles,Diesel-Electric,7,7,reported_numeric
25c9a68a5ab066abae1f07f8534cfcbdb2fd55ba30af65c39bba379aef3be6ab,2021-04-30,Goods & Other Vehicles,goods_and_other_vehicles,Electric,130,130,reported_numeric
25c9a68a5ab066abae1f07f8534cfcbdb2fd55ba30af65c39bba379aef3be6ab,2021-04-30,Goods & Other Vehicles,goods_and_other_vehicles,Petrol,6522,6522,reported_numeric
25c9a68a5ab066abae1f07f8534cfcbdb2fd55ba30af65c39bba379aef3be6ab,2021-04-30,Goods & Other Vehicles,goods_and_other_vehicles,Petrol-CNG,0,0,reported_numeric
25c9a68a5ab066abae1f07f8534cfcbdb2fd55ba30af65c39bba379aef3be6ab,2021-04-30,Goods & Other Vehicles,goods_and_other_vehicles,Petrol-Electric,1,1,reported_numeric
25c9a68a5ab066abae1f07f8534cfcbdb2fd55ba30af65c39bba379aef3be6ab,2021-04-30,Motor-cycles,motorcycles,Electric,2,2,reported_numeric
25c9a68a5ab066abae1f07f8534cfcbdb2fd55ba30af65c39bba379aef3be6ab,2021-04-30,Motor-cycles,motorcycles,Petrol,140889,140889,reported_numeric
25c9a68a5ab066abae1f07f8534cfcbdb2fd55ba30af65c39bba379aef3be6ab,2021-04-30,Taxis,taxis,CNG,0,0,reported_numeric
25c9a68a5ab066abae1f07f8534cfcbdb2fd55ba30af65c39bba379aef3be6ab,2021-04-30,Taxis,taxis,Diesel,6099,6099,reported_numeric
25c9a68a5ab066abae1f07f8534cfcbdb2fd55ba30af65c39bba379aef3be6ab,2021-04-30,Taxis,taxis,Electric,4,4,reported_numeric
25c9a68a5ab066abae1f07f8534cfcbdb2fd55ba30af65c39bba379aef3be6ab,2021-04-30,Taxis,taxis,Petrol,21,21,reported_numeric
25c9a68a5ab066abae1f07f8534cfcbdb2fd55ba30af65c39bba379aef3be6ab,2021-04-30,Taxis,taxis,Petrol-CNG,0,0,reported_numeric
25c9a68a5ab066abae1f07f8534cfcbdb2fd55ba30af65c39bba379aef3be6ab,2021-04-30,Taxis,taxis,Petrol-Electric,9675,9675,reported_numeric
25c9a68a5ab066abae1f07f8534cfcbdb2fd55ba30af65c39bba379aef3be6ab,2021-05-31,Buses,buses,CNG,0,0,reported_numeric
25c9a68a5ab066abae1f07f8534cfcbdb2fd55ba30af65c39bba379aef3be6ab,2021-05-31,Buses,buses,Diesel,18677,18677,reported_numeric
25c9a68a5ab066abae1f07f8534cfcbdb2fd55ba30af65c39bba379aef3be6ab,2021-05-31,Buses,buses,Diesel-Electric,50,50,reported_numeric
25c9a68a5ab066abae1f07f8534cfcbdb2fd55ba30af65c39bba379aef3be6ab,2021-05-31,Buses,buses,Electric,51,51,reported_numeric
25c9a68a5ab066abae1f07f8534cfcbdb2fd55ba30af65c39bba379aef3be6ab,2021-05-31,Buses,buses,Petrol,10,10,reported_numeric
25c9a68a5ab066abae1f07f8534cfcbdb2fd55ba30af65c39bba379aef3be6ab,2021-05-31,Buses,buses,Petrol-CNG,0,0,reported_numeric
25c9a68a5ab066abae1f07f8534cfcbdb2fd55ba30af65c39bba379aef3be6ab,2021-05-31,Cars,cars,CNG,0,0,reported_numeric
25c9a68a5ab066abae1f07f8534cfcbdb2fd55ba30af65c39bba379aef3be6ab,2021-05-31,Cars,cars,Diesel,18139,18139,reported_numeric
25c9a68a5ab066abae1f07f8534cfcbdb2fd55ba30af65c39bba379aef3be6ab,2021-05-31,Cars,cars,Diesel-Electric,18,18,reported_numeric
25c9a68a5ab066abae1f07f8534cfcbdb2fd55ba30af65c39bba379aef3be6ab,2021-05-31,Cars,cars,Electric,1485,1485,reported_numeric
25c9a68a5ab066abae1f07f8534cfcbdb2fd55ba30af65c39bba379aef3be6ab,2021-05-31,Cars,cars,Petrol,571365,571365,reported_numeric
25c9a68a5ab066abae1f07f8534cfcbdb2fd55ba30af65c39bba379aef3be6ab,2021-05-31,Cars,cars,Petrol-CNG,190,190,reported_numeric
25c9a68a5ab066abae1f07f8534cfcbdb2fd55ba30af65c39bba379aef3be6ab,2021-05-31,Cars,cars,Petrol-Electric,47560,47560,reported_numeric
25c9a68a5ab066abae1f07f8534cfcbdb2fd55ba30af65c39bba379aef3be6ab,2021-05-31,Cars,cars,Petrol-Electric (Plug-In),616,616,reported_numeric
25c9a68a5ab066abae1f07f8534cfcbdb2fd55ba30af65c39bba379aef3be6ab,2021-05-31,Goods & Other Vehicles,goods_and_other_vehicles,CNG,1,1,reported_numeric
25c9a68a5ab066abae1f07f8534cfcbdb2fd55ba30af65c39bba379aef3be6ab,2021-05-31,Goods & Other Vehicles,goods_and_other_vehicles,Diesel,135854,135854,reported_numeric
25c9a68a5ab066abae1f07f8534cfcbdb2fd55ba30af65c39bba379aef3be6ab,2021-05-31,Goods & Other Vehicles,goods_and_other_vehicles,Diesel-Electric,7,7,reported_numeric
25c9a68a5ab066abae1f07f8534cfcbdb2fd55ba30af65c39bba379aef3be6ab,2021-05-31,Goods & Other Vehicles,goods_and_other_vehicles,Electric,154,154,reported_numeric
25c9a68a5ab066abae1f07f8534cfcbdb2fd55ba30af65c39bba379aef3be6ab,2021-05-31,Goods & Other Vehicles,goods_and_other_vehicles,Petrol,6854,6854,reported_numeric
25c9a68a5ab066abae1f07f8534cfcbdb2fd55ba30af65c39bba379aef3be6ab,2021-05-31,Goods & Other Vehicles,goods_and_other_vehicles,Petrol-CNG,0,0,reported_numeric
25c9a68a5ab066abae1f07f8534cfcbdb2fd55ba30af65c39bba379aef3be6ab,2021-05-31,Goods & Other Vehicles,goods_and_other_vehicles,Petrol-Electric,1,1,reported_numeric
25c9a68a5ab066abae1f07f8534cfcbdb2fd55ba30af65c39bba379aef3be6ab,2021-05-31,Motor-cycles,motorcycles,Electric,2,2,reported_numeric
25c9a68a5ab066abae1f07f8534cfcbdb2fd55ba30af65c39bba379aef3be6ab,2021-05-31,Motor-cycles,motorcycles,Petrol,140924,140924,reported_numeric
25c9a68a5ab066abae1f07f8534cfcbdb2fd55ba30af65c39bba379aef3be6ab,2021-05-31,Taxis,taxis,CNG,0,0,reported_numeric
25c9a68a5ab066abae1f07f8534cfcbdb2fd55ba30af65c39bba379aef3be6ab,2021-05-31,Taxis,taxis,Diesel,5948,5948,reported_numeric
25c9a68a5ab066abae1f07f8534cfcbdb2fd55ba30af65c39bba379aef3be6ab,2021-05-31,Taxis,taxis,Electric,4,4,reported_numeric
25c9a68a5ab066abae1f07f8534cfcbdb2fd55ba30af65c39bba379aef3be6ab,2021-05-31,Taxis,taxis,Petrol,21,21,reported_numeric
25c9a68a5ab066abae1f07f8534cfcbdb2fd55ba30af65c39bba379aef3be6ab,2021-05-31,Taxis,taxis,Petrol-CNG,0,0,reported_numeric
25c9a68a5ab066abae1f07f8534cfcbdb2fd55ba30af65c39bba379aef3be6ab,2021-05-31,Taxis,taxis,Petrol-Electric,9688,9688,reported_numeric
25c9a68a5ab066abae1f07f8534cfcbdb2fd55ba30af65c39bba379aef3be6ab,2021-06-30,Buses,buses,CNG,0,0,reported_numeric
25c9a68a5ab066abae1f07f8534cfcbdb2fd55ba30af65c39bba379aef3be6ab,2021-06-30,Buses,buses,Diesel,18596,18596,reported_numeric
25c9a68a5ab066abae1f07f8534cfcbdb2fd55ba30af65c39bba379aef3be6ab,2021-06-30,Buses,buses,Diesel-Electric,50,50,reported_numeric
25c9a68a5ab066abae1f07f8534cfcbdb2fd55ba30af65c39bba379aef3be6ab,2021-06-30,Buses,buses,Electric,51,51,reported_numeric
25c9a68a5ab066abae1f07f8534cfcbdb2fd55ba30af65c39bba379aef3be6ab,2021-06-30,Buses,buses,Petrol,11,11,reported_numeric
25c9a68a5ab066abae1f07f8534cfcbdb2fd55ba30af65c39bba379aef3be6ab,2021-06-30,Buses,buses,Petrol-CNG,0,0,reported_numeric
25c9a68a5ab066abae1f07f8534cfcbdb2fd55ba30af65c39bba379aef3be6ab,2021-06-30,Cars,cars,CNG,0,0,reported_numeric
25c9a68a5ab066abae1f07f8534cfcbdb2fd55ba30af65c39bba379aef3be6ab,2021-06-30,Cars,cars,Diesel,18156,18156,reported_numeric
25c9a68a5ab066abae1f07f8534cfcbdb2fd55ba30af65c39bba379aef3be6ab,2021-06-30,Cars,cars,Diesel-Electric,19,19,reported_numeric
25c9a68a5ab066abae1f07f8534cfcbdb2fd55ba30af65c39bba379aef3be6ab,2021-06-30,Cars,cars,Electric,1549,1549,reported_numeric
25c9a68a5ab066abae1f07f8534cfcbdb2fd55ba30af65c39bba379aef3be6ab,2021-06-30,Cars,cars,Petrol,570952,570952,reported_numeric
25c9a68a5ab066abae1f07f8534cfcbdb2fd55ba30af65c39bba379aef3be6ab,2021-06-30,Cars,cars,Petrol-CNG,188,188,reported_numeric
25c9a68a5ab066abae1f07f8534cfcbdb2fd55ba30af65c39bba379aef3be6ab,2021-06-30,Cars,cars,Petrol-Electric,48758,48758,reported_numeric
25c9a68a5ab066abae1f07f8534cfcbdb2fd55ba30af65c39bba379aef3be6ab,2021-06-30,Cars,cars,Petrol-Electric (Plug-In),625,625,reported_numeric
25c9a68a5ab066abae1f07f8534cfcbdb2fd55ba30af65c39bba379aef3be6ab,2021-06-30,Goods & Other Vehicles,goods_and_other_vehicles,CNG,1,1,reported_numeric
25c9a68a5ab066abae1f07f8534cfcbdb2fd55ba30af65c39bba379aef3be6ab,2021-06-30,Goods & Other Vehicles,goods_and_other_vehicles,Diesel,135527,135527,reported_numeric
25c9a68a5ab066abae1f07f8534cfcbdb2fd55ba30af65c39bba379aef3be6ab,2021-06-30,Goods & Other Vehicles,goods_and_other_vehicles,Diesel-Electric,7,7,reported_numeric
25c9a68a5ab066abae1f07f8534cfcbdb2fd55ba30af65c39bba379aef3be6ab,2021-06-30,Goods & Other Vehicles,goods_and_other_vehicles,Electric,198,198,reported_numeric
25c9a68a5ab066abae1f07f8534cfcbdb2fd55ba30af65c39bba379aef3be6ab,2021-06-30,Goods & Other Vehicles,goods_and_other_vehicles,Petrol,7278,7278,reported_numeric
25c9a68a5ab066abae1f07f8534cfcbdb2fd55ba30af65c39bba379aef3be6ab,2021-06-30,Goods & Other Vehicles,goods_and_other_vehicles,Petrol-CNG,0,0,reported_numeric
25c9a68a5ab066abae1f07f8534cfcbdb2fd55ba30af65c39bba379aef3be6ab,2021-06-30,Goods & Other Vehicles,goods_and_other_vehicles,Petrol-Electric,1,1,reported_numeric
25c9a68a5ab066abae1f07f8534cfcbdb2fd55ba30af65c39bba379aef3be6ab,2021-06-30,Motor-cycles,motorcycles,Electric,3,3,reported_numeric
25c9a68a5ab066abae1f07f8534cfcbdb2fd55ba30af65c39bba379aef3be6ab,2021-06-30,Motor-cycles,motorcycles,Petrol,140919,140919,reported_numeric
25c9a68a5ab066abae1f07f8534cfcbdb2fd55ba30af65c39bba379aef3be6ab,2021-06-30,Taxis,taxis,CNG,0,0,reported_numeric
25c9a68a5ab066abae1f07f8534cfcbdb2fd55ba30af65c39bba379aef3be6ab,2021-06-30,Taxis,taxis,Diesel,5824,5824,reported_numeric
25c9a68a5ab066abae1f07f8534cfcbdb2fd55ba30af65c39bba379aef3be6ab,2021-06-30,Taxis,taxis,Electric,4,4,reported_numeric
25c9a68a5ab066abae1f07f8534cfcbdb2fd55ba30af65c39bba379aef3be6ab,2021-06-30,Taxis,taxis,Petrol,20,20,reported_numeric
25c9a68a5ab066abae1f07f8534cfcbdb2fd55ba30af65c39bba379aef3be6ab,2021-06-30,Taxis,taxis,Petrol-CNG,0,0,reported_numeric
25c9a68a5ab066abae1f07f8534cfcbdb2fd55ba30af65c39bba379aef3be6ab,2021-06-30,Taxis,taxis,Petrol-Electric,9688,9688,reported_numeric
25c9a68a5ab066abae1f07f8534cfcbdb2fd55ba30af65c39bba379aef3be6ab,2021-07-31,Buses,buses,CNG,0,0,reported_numeric
25c9a68a5ab066abae1f07f8534cfcbdb2fd55ba30af65c39bba379aef3be6ab,2021-07-31,Buses,buses,Diesel,18525,18525,reported_numeric
25c9a68a5ab066abae1f07f8534cfcbdb2fd55ba30af65c39bba379aef3be6ab,2021-07-31,Buses,buses,Diesel-Electric,50,50,reported_numeric
25c9a68a5ab066abae1f07f8534cfcbdb2fd55ba30af65c39bba379aef3be6ab,2021-07-31,Buses,buses,Electric,64,64,reported_numeric
25c9a68a5ab066abae1f07f8534cfcbdb2fd55ba30af65c39bba379aef3be6ab,2021-07-31,Buses,buses,Petrol,17,17,reported_numeric
25c9a68a5ab066abae1f07f8534cfcbdb2fd55ba30af65c39bba379aef3be6ab,2021-07-31,Buses,buses,Petrol-CNG,0,0,reported_numeric
25c9a68a5ab066abae1f07f8534cfcbdb2fd55ba30af65c39bba379aef3be6ab,2021-07-31,Cars,cars,CNG,0,0,reported_numeric
25c9a68a5ab066abae1f07f8534cfcbdb2fd55ba30af65c39bba379aef3be6ab,2021-07-31,Cars,cars,Diesel,18168,18168,reported_numeric
25c9a68a5ab066abae1f07f8534cfcbdb2fd55ba30af65c39bba379aef3be6ab,2021-07-31,Cars,cars,Diesel-Electric,19,19,reported_numeric
25c9a68a5ab066abae1f07f8534cfcbdb2fd55ba30af65c39bba379aef3be6ab,2021-07-31,Cars,cars,Electric,1643,1643,reported_numeric
25c9a68a5ab066abae1f07f8534cfcbdb2fd55ba30af65c39bba379aef3be6ab,2021-07-31,Cars,cars,Petrol,570542,570542,reported_numeric
25c9a68a5ab066abae1f07f8534cfcbdb2fd55ba30af65c39bba379aef3be6ab,2021-07-31,Cars,cars,Petrol-CNG,182,182,reported_numeric
25c9a68a5ab066abae1f07f8534cfcbdb2fd55ba30af65c39bba379aef3be6ab,2021-07-31,Cars,cars,Petrol-Electric,49886,49886,reported_numeric
25c9a68a5ab066abae1f07f8534cfcbdb2fd55ba30af65c39bba379aef3be6ab,2021-07-31,Cars,cars,Petrol-Electric (Plug-In),634,634,reported_numeric
25c9a68a5ab066abae1f07f8534cfcbdb2fd55ba30af65c39bba379aef3be6ab,2021-07-31,Goods & Other Vehicles,goods_and_other_vehicles,CNG,1,1,reported_numeric
25c9a68a5ab066abae1f07f8534cfcbdb2fd55ba30af65c39bba379aef3be6ab,2021-07-31,Goods & Other Vehicles,goods_and_other_vehicles,Diesel,135365,135365,reported_numeric
25c9a68a5ab066abae1f07f8534cfcbdb2fd55ba30af65c39bba379aef3be6ab,2021-07-31,Goods & Other Vehicles,goods_and_other_vehicles,Diesel-Electric,7,7,reported_numeric
25c9a68a5ab066abae1f07f8534cfcbdb2fd55ba30af65c39bba379aef3be6ab,2021-07-31,Goods & Other Vehicles,goods_and_other_vehicles,Electric,234,234,reported_numeric
25c9a68a5ab066abae1f07f8534cfcbdb2fd55ba30af65c39bba379aef3be6ab,2021-07-31,Goods & Other Vehicles,goods_and_other_vehicles,Petrol,7624,7624,reported_numeric
25c9a68a5ab066abae1f07f8534cfcbdb2fd55ba30af65c39bba379aef3be6ab,2021-07-31,Goods & Other Vehicles,goods_and_other_vehicles,Petrol-CNG,0,0,reported_numeric
25c9a68a5ab066abae1f07f8534cfcbdb2fd55ba30af65c39bba379aef3be6ab,2021-07-31,Goods & Other Vehicles,goods_and_other_vehicles,Petrol-Electric,1,1,reported_numeric
25c9a68a5ab066abae1f07f8534cfcbdb2fd55ba30af65c39bba379aef3be6ab,2021-07-31,Motor-cycles,motorcycles,Electric,5,5,reported_numeric
25c9a68a5ab066abae1f07f8534cfcbdb2fd55ba30af65c39bba379aef3be6ab,2021-07-31,Motor-cycles,motorcycles,Petrol,141246,141246,reported_numeric
25c9a68a5ab066abae1f07f8534cfcbdb2fd55ba30af65c39bba379aef3be6ab,2021-07-31,Taxis,taxis,CNG,0,0,reported_numeric
25c9a68a5ab066abae1f07f8534cfcbdb2fd55ba30af65c39bba379aef3be6ab,2021-07-31,Taxis,taxis,Diesel,5757,5757,reported_numeric
25c9a68a5ab066abae1f07f8534cfcbdb2fd55ba30af65c39bba379aef3be6ab,2021-07-31,Taxis,taxis,Electric,4,4,reported_numeric
25c9a68a5ab066abae1f07f8534cfcbdb2fd55ba30af65c39bba379aef3be6ab,2021-07-31,Taxis,taxis,Petrol,19,19,reported_numeric
25c9a68a5ab066abae1f07f8534cfcbdb2fd55ba30af65c39bba379aef3be6ab,2021-07-31,Taxis,taxis,Petrol-CNG,0,0,reported_numeric
25c9a68a5ab066abae1f07f8534cfcbdb2fd55ba30af65c39bba379aef3be6ab,2021-07-31,Taxis,taxis,Petrol-Electric,9717,9717,reported_numeric
25c9a68a5ab066abae1f07f8534cfcbdb2fd55ba30af65c39bba379aef3be6ab,2021-08-31,Buses,buses,CNG,0,0,reported_numeric
25c9a68a5ab066abae1f07f8534cfcbdb2fd55ba30af65c39bba379aef3be6ab,2021-08-31,Buses,buses,Diesel,18489,18489,reported_numeric
25c9a68a5ab066abae1f07f8534cfcbdb2fd55ba30af65c39bba379aef3be6ab,2021-08-31,Buses,buses,Diesel-Electric,50,50,reported_numeric
25c9a68a5ab066abae1f07f8534cfcbdb2fd55ba30af65c39bba379aef3be6ab,2021-08-31,Buses,buses,Electric,73,73,reported_numeric
25c9a68a5ab066abae1f07f8534cfcbdb2fd55ba30af65c39bba379aef3be6ab,2021-08-31,Buses,buses,Petrol,20,20,reported_numeric
25c9a68a5ab066abae1f07f8534cfcbdb2fd55ba30af65c39bba379aef3be6ab,2021-08-31,Buses,buses,Petrol-CNG,0,0,reported_numeric
25c9a68a5ab066abae1f07f8534cfcbdb2fd55ba30af65c39bba379aef3be6ab,2021-08-31,Cars,cars,CNG,0,0,reported_numeric
25c9a68a5ab066abae1f07f8534cfcbdb2fd55ba30af65c39bba379aef3be6ab,2021-08-31,Cars,cars,Diesel,18164,18164,reported_numeric
25c9a68a5ab066abae1f07f8534cfcbdb2fd55ba30af65c39bba379aef3be6ab,2021-08-31,Cars,cars,Diesel-Electric,19,19,reported_numeric
25c9a68a5ab066abae1f07f8534cfcbdb2fd55ba30af65c39bba379aef3be6ab,2021-08-31,Cars,cars,Electric,1855,1855,reported_numeric
25c9a68a5ab066abae1f07f8534cfcbdb2fd55ba30af65c39bba379aef3be6ab,2021-08-31,Cars,cars,Petrol,570168,570168,reported_numeric
25c9a68a5ab066abae1f07f8534cfcbdb2fd55ba30af65c39bba379aef3be6ab,2021-08-31,Cars,cars,Petrol-CNG,178,178,reported_numeric
25c9a68a5ab066abae1f07f8534cfcbdb2fd55ba30af65c39bba379aef3be6ab,2021-08-31,Cars,cars,Petrol-Electric,50952,50952,reported_numeric
25c9a68a5ab066abae1f07f8534cfcbdb2fd55ba30af65c39bba379aef3be6ab,2021-08-31,Cars,cars,Petrol-Electric (Plug-In),641,641,reported_numeric
25c9a68a5ab066abae1f07f8534cfcbdb2fd55ba30af65c39bba379aef3be6ab,2021-08-31,Goods & Other Vehicles,goods_and_other_vehicles,CNG,1,1,reported_numeric
25c9a68a5ab066abae1f07f8534cfcbdb2fd55ba30af65c39bba379aef3be6ab,2021-08-31,Goods & Other Vehicles,goods_and_other_vehicles,Diesel,135127,135127,reported_numeric
25c9a68a5ab066abae1f07f8534cfcbdb2fd55ba30af65c39bba379aef3be6ab,2021-08-31,Goods & Other Vehicles,goods_and_other_vehicles,Diesel-Electric,7,7,reported_numeric
25c9a68a5ab066abae1f07f8534cfcbdb2fd55ba30af65c39bba379aef3be6ab,2021-08-31,Goods & Other Vehicles,goods_and_other_vehicles,Electric,260,260,reported_numeric
25c9a68a5ab066abae1f07f8534cfcbdb2fd55ba30af65c39bba379aef3be6ab,2021-08-31,Goods & Other Vehicles,goods_and_other_vehicles,Petrol,7976,7976,reported_numeric
25c9a68a5ab066abae1f07f8534cfcbdb2fd55ba30af65c39bba379aef3be6ab,2021-08-31,Goods & Other Vehicles,goods_and_other_vehicles,Petrol-CNG,0,0,reported_numeric
25c9a68a5ab066abae1f07f8534cfcbdb2fd55ba30af65c39bba379aef3be6ab,2021-08-31,Goods & Other Vehicles,goods_and_other_vehicles,Petrol-Electric,1,1,reported_numeric
25c9a68a5ab066abae1f07f8534cfcbdb2fd55ba30af65c39bba379aef3be6ab,2021-08-31,Motor-cycles,motorcycles,Electric,5,5,reported_numeric
25c9a68a5ab066abae1f07f8534cfcbdb2fd55ba30af65c39bba379aef3be6ab,2021-08-31,Motor-cycles,motorcycles,Petrol,141314,141314,reported_numeric
25c9a68a5ab066abae1f07f8534cfcbdb2fd55ba30af65c39bba379aef3be6ab,2021-08-31,Taxis,taxis,CNG,0,0,reported_numeric
25c9a68a5ab066abae1f07f8534cfcbdb2fd55ba30af65c39bba379aef3be6ab,2021-08-31,Taxis,taxis,Diesel,5640,5640,reported_numeric
25c9a68a5ab066abae1f07f8534cfcbdb2fd55ba30af65c39bba379aef3be6ab,2021-08-31,Taxis,taxis,Electric,19,19,reported_numeric
25c9a68a5ab066abae1f07f8534cfcbdb2fd55ba30af65c39bba379aef3be6ab,2021-08-31,Taxis,taxis,Petrol,19,19,reported_numeric
25c9a68a5ab066abae1f07f8534cfcbdb2fd55ba30af65c39bba379aef3be6ab,2021-08-31,Taxis,taxis,Petrol-CNG,0,0,reported_numeric
25c9a68a5ab066abae1f07f8534cfcbdb2fd55ba30af65c39bba379aef3be6ab,2021-08-31,Taxis,taxis,Petrol-Electric,9794,9794,reported_numeric
25c9a68a5ab066abae1f07f8534cfcbdb2fd55ba30af65c39bba379aef3be6ab,2021-09-30,Buses,buses,CNG,0,0,reported_numeric
25c9a68a5ab066abae1f07f8534cfcbdb2fd55ba30af65c39bba379aef3be6ab,2021-09-30,Buses,buses,Diesel,18455,18455,reported_numeric
25c9a68a5ab066abae1f07f8534cfcbdb2fd55ba30af65c39bba379aef3be6ab,2021-09-30,Buses,buses,Diesel-Electric,50,50,reported_numeric
25c9a68a5ab066abae1f07f8534cfcbdb2fd55ba30af65c39bba379aef3be6ab,2021-09-30,Buses,buses,Electric,74,74,reported_numeric
25c9a68a5ab066abae1f07f8534cfcbdb2fd55ba30af65c39bba379aef3be6ab,2021-09-30,Buses,buses,Petrol,27,27,reported_numeric
25c9a68a5ab066abae1f07f8534cfcbdb2fd55ba30af65c39bba379aef3be6ab,2021-09-30,Buses,buses,Petrol-CNG,0,0,reported_numeric
25c9a68a5ab066abae1f07f8534cfcbdb2fd55ba30af65c39bba379aef3be6ab,2021-09-30,Cars,cars,CNG,0,0,reported_numeric
25c9a68a5ab066abae1f07f8534cfcbdb2fd55ba30af65c39bba379aef3be6ab,2021-09-30,Cars,cars,Diesel,18138,18138,reported_numeric
25c9a68a5ab066abae1f07f8534cfcbdb2fd55ba30af65c39bba379aef3be6ab,2021-09-30,Cars,cars,Diesel-Electric,20,20,reported_numeric
25c9a68a5ab066abae1f07f8534cfcbdb2fd55ba30af65c39bba379aef3be6ab,2021-09-30,Cars,cars,Electric,2243,2243,reported_numeric
25c9a68a5ab066abae1f07f8534cfcbdb2fd55ba30af65c39bba379aef3be6ab,2021-09-30,Cars,cars,Petrol,570186,570186,reported_numeric
25c9a68a5ab066abae1f07f8534cfcbdb2fd55ba30af65c39bba379aef3be6ab,2021-09-30,Cars,cars,Petrol-CNG,175,175,reported_numeric
25c9a68a5ab066abae1f07f8534cfcbdb2fd55ba30af65c39bba379aef3be6ab,2021-09-30,Cars,cars,Petrol-Electric,52162,52162,reported_numeric
25c9a68a5ab066abae1f07f8534cfcbdb2fd55ba30af65c39bba379aef3be6ab,2021-09-30,Cars,cars,Petrol-Electric (Plug-In),654,654,reported_numeric
25c9a68a5ab066abae1f07f8534cfcbdb2fd55ba30af65c39bba379aef3be6ab,2021-09-30,Goods & Other Vehicles,goods_and_other_vehicles,CNG,1,1,reported_numeric
25c9a68a5ab066abae1f07f8534cfcbdb2fd55ba30af65c39bba379aef3be6ab,2021-09-30,Goods & Other Vehicles,goods_and_other_vehicles,Diesel,134918,134918,reported_numeric
25c9a68a5ab066abae1f07f8534cfcbdb2fd55ba30af65c39bba379aef3be6ab,2021-09-30,Goods & Other Vehicles,goods_and_other_vehicles,Diesel-Electric,7,7,reported_numeric
25c9a68a5ab066abae1f07f8534cfcbdb2fd55ba30af65c39bba379aef3be6ab,2021-09-30,Goods & Other Vehicles,goods_and_other_vehicles,Electric,295,295,reported_numeric
25c9a68a5ab066abae1f07f8534cfcbdb2fd55ba30af65c39bba379aef3be6ab,2021-09-30,Goods & Other Vehicles,goods_and_other_vehicles,Petrol,8323,8323,reported_numeric
25c9a68a5ab066abae1f07f8534cfcbdb2fd55ba30af65c39bba379aef3be6ab,2021-09-30,Goods & Other Vehicles,goods_and_other_vehicles,Petrol-CNG,0,0,reported_numeric
25c9a68a5ab066abae1f07f8534cfcbdb2fd55ba30af65c39bba379aef3be6ab,2021-09-30,Goods & Other Vehicles,goods_and_other_vehicles,Petrol-Electric,1,1,reported_numeric
25c9a68a5ab066abae1f07f8534cfcbdb2fd55ba30af65c39bba379aef3be6ab,2021-09-30,Motor-cycles,motorcycles,Electric,5,5,reported_numeric
25c9a68a5ab066abae1f07f8534cfcbdb2fd55ba30af65c39bba379aef3be6ab,2021-09-30,Motor-cycles,motorcycles,Petrol,141414,141414,reported_numeric
25c9a68a5ab066abae1f07f8534cfcbdb2fd55ba30af65c39bba379aef3be6ab,2021-09-30,Taxis,taxis,CNG,0,0,reported_numeric
25c9a68a5ab066abae1f07f8534cfcbdb2fd55ba30af65c39bba379aef3be6ab,2021-09-30,Taxis,taxis,Diesel,5511,5511,reported_numeric
25c9a68a5ab066abae1f07f8534cfcbdb2fd55ba30af65c39bba379aef3be6ab,2021-09-30,Taxis,taxis,Electric,79,79,reported_numeric
25c9a68a5ab066abae1f07f8534cfcbdb2fd55ba30af65c39bba379aef3be6ab,2021-09-30,Taxis,taxis,Petrol,18,18,reported_numeric
25c9a68a5ab066abae1f07f8534cfcbdb2fd55ba30af65c39bba379aef3be6ab,2021-09-30,Taxis,taxis,Petrol-CNG,0,0,reported_numeric
25c9a68a5ab066abae1f07f8534cfcbdb2fd55ba30af65c39bba379aef3be6ab,2021-09-30,Taxis,taxis,Petrol-Electric,9826,9826,reported_numeric
25c9a68a5ab066abae1f07f8534cfcbdb2fd55ba30af65c39bba379aef3be6ab,2021-10-31,Buses,buses,CNG,0,0,reported_numeric
25c9a68a5ab066abae1f07f8534cfcbdb2fd55ba30af65c39bba379aef3be6ab,2021-10-31,Buses,buses,Diesel,18432,18432,reported_numeric
25c9a68a5ab066abae1f07f8534cfcbdb2fd55ba30af65c39bba379aef3be6ab,2021-10-31,Buses,buses,Diesel-Electric,50,50,reported_numeric
25c9a68a5ab066abae1f07f8534cfcbdb2fd55ba30af65c39bba379aef3be6ab,2021-10-31,Buses,buses,Electric,75,75,reported_numeric
25c9a68a5ab066abae1f07f8534cfcbdb2fd55ba30af65c39bba379aef3be6ab,2021-10-31,Buses,buses,Petrol,28,28,reported_numeric
25c9a68a5ab066abae1f07f8534cfcbdb2fd55ba30af65c39bba379aef3be6ab,2021-10-31,Buses,buses,Petrol-CNG,0,0,reported_numeric
25c9a68a5ab066abae1f07f8534cfcbdb2fd55ba30af65c39bba379aef3be6ab,2021-10-31,Cars,cars,CNG,0,0,reported_numeric
25c9a68a5ab066abae1f07f8534cfcbdb2fd55ba30af65c39bba379aef3be6ab,2021-10-31,Cars,cars,Diesel,18117,18117,reported_numeric
25c9a68a5ab066abae1f07f8534cfcbdb2fd55ba30af65c39bba379aef3be6ab,2021-10-31,Cars,cars,Diesel-Electric,20,20,reported_numeric
25c9a68a5ab066abae1f07f8534cfcbdb2fd55ba30af65c39bba379aef3be6ab,2021-10-31,Cars,cars,Electric,2309,2309,reported_numeric
25c9a68a5ab066abae1f07f8534cfcbdb2fd55ba30af65c39bba379aef3be6ab,2021-10-31,Cars,cars,Petrol,569513,569513,reported_numeric
25c9a68a5ab066abae1f07f8534cfcbdb2fd55ba30af65c39bba379aef3be6ab,2021-10-31,Cars,cars,Petrol-CNG,171,171,reported_numeric
25c9a68a5ab066abae1f07f8534cfcbdb2fd55ba30af65c39bba379aef3be6ab,2021-10-31,Cars,cars,Petrol-Electric,53149,53149,reported_numeric
25c9a68a5ab066abae1f07f8534cfcbdb2fd55ba30af65c39bba379aef3be6ab,2021-10-31,Cars,cars,Petrol-Electric (Plug-In),668,668,reported_numeric
25c9a68a5ab066abae1f07f8534cfcbdb2fd55ba30af65c39bba379aef3be6ab,2021-10-31,Goods & Other Vehicles,goods_and_other_vehicles,CNG,1,1,reported_numeric
25c9a68a5ab066abae1f07f8534cfcbdb2fd55ba30af65c39bba379aef3be6ab,2021-10-31,Goods & Other Vehicles,goods_and_other_vehicles,Diesel,134723,134723,reported_numeric
25c9a68a5ab066abae1f07f8534cfcbdb2fd55ba30af65c39bba379aef3be6ab,2021-10-31,Goods & Other Vehicles,goods_and_other_vehicles,Diesel-Electric,11,11,reported_numeric
25c9a68a5ab066abae1f07f8534cfcbdb2fd55ba30af65c39bba379aef3be6ab,2021-10-31,Goods & Other Vehicles,goods_and_other_vehicles,Electric,320,320,reported_numeric
25c9a68a5ab066abae1f07f8534cfcbdb2fd55ba30af65c39bba379aef3be6ab,2021-10-31,Goods & Other Vehicles,goods_and_other_vehicles,Petrol,8647,8647,reported_numeric
25c9a68a5ab066abae1f07f8534cfcbdb2fd55ba30af65c39bba379aef3be6ab,2021-10-31,Goods & Other Vehicles,goods_and_other_vehicles,Petrol-CNG,0,0,reported_numeric
25c9a68a5ab066abae1f07f8534cfcbdb2fd55ba30af65c39bba379aef3be6ab,2021-10-31,Goods & Other Vehicles,goods_and_other_vehicles,Petrol-Electric,1,1,reported_numeric
25c9a68a5ab066abae1f07f8534cfcbdb2fd55ba30af65c39bba379aef3be6ab,2021-10-31,Motor-cycles,motorcycles,Electric,5,5,reported_numeric
25c9a68a5ab066abae1f07f8534cfcbdb2fd55ba30af65c39bba379aef3be6ab,2021-10-31,Motor-cycles,motorcycles,Petrol,141446,141446,reported_numeric
25c9a68a5ab066abae1f07f8534cfcbdb2fd55ba30af65c39bba379aef3be6ab,2021-10-31,Taxis,taxis,CNG,0,0,reported_numeric
25c9a68a5ab066abae1f07f8534cfcbdb2fd55ba30af65c39bba379aef3be6ab,2021-10-31,Taxis,taxis,Diesel,5399,5399,reported_numeric
25c9a68a5ab066abae1f07f8534cfcbdb2fd55ba30af65c39bba379aef3be6ab,2021-10-31,Taxis,taxis,Electric,119,119,reported_numeric
25c9a68a5ab066abae1f07f8534cfcbdb2fd55ba30af65c39bba379aef3be6ab,2021-10-31,Taxis,taxis,Petrol,18,18,reported_numeric
25c9a68a5ab066abae1f07f8534cfcbdb2fd55ba30af65c39bba379aef3be6ab,2021-10-31,Taxis,taxis,Petrol-CNG,0,0,reported_numeric
25c9a68a5ab066abae1f07f8534cfcbdb2fd55ba30af65c39bba379aef3be6ab,2021-10-31,Taxis,taxis,Petrol-Electric,9844,9844,reported_numeric
25c9a68a5ab066abae1f07f8534cfcbdb2fd55ba30af65c39bba379aef3be6ab,2021-11-30,Buses,buses,CNG,0,0,reported_numeric
25c9a68a5ab066abae1f07f8534cfcbdb2fd55ba30af65c39bba379aef3be6ab,2021-11-30,Buses,buses,Diesel,18395,18395,reported_numeric
25c9a68a5ab066abae1f07f8534cfcbdb2fd55ba30af65c39bba379aef3be6ab,2021-11-30,Buses,buses,Diesel-Electric,50,50,reported_numeric
25c9a68a5ab066abae1f07f8534cfcbdb2fd55ba30af65c39bba379aef3be6ab,2021-11-30,Buses,buses,Electric,75,75,reported_numeric
25c9a68a5ab066abae1f07f8534cfcbdb2fd55ba30af65c39bba379aef3be6ab,2021-11-30,Buses,buses,Petrol,34,34,reported_numeric
25c9a68a5ab066abae1f07f8534cfcbdb2fd55ba30af65c39bba379aef3be6ab,2021-11-30,Buses,buses,Petrol-CNG,0,0,reported_numeric
25c9a68a5ab066abae1f07f8534cfcbdb2fd55ba30af65c39bba379aef3be6ab,2021-11-30,Cars,cars,CNG,0,0,reported_numeric
25c9a68a5ab066abae1f07f8534cfcbdb2fd55ba30af65c39bba379aef3be6ab,2021-11-30,Cars,cars,Diesel,18123,18123,reported_numeric
25c9a68a5ab066abae1f07f8534cfcbdb2fd55ba30af65c39bba379aef3be6ab,2021-11-30,Cars,cars,Diesel-Electric,20,20,reported_numeric
25c9a68a5ab066abae1f07f8534cfcbdb2fd55ba30af65c39bba379aef3be6ab,2021-11-30,Cars,cars,Electric,2635,2635,reported_numeric
25c9a68a5ab066abae1f07f8534cfcbdb2fd55ba30af65c39bba379aef3be6ab,2021-11-30,Cars,cars,Petrol,568883,568883,reported_numeric
25c9a68a5ab066abae1f07f8534cfcbdb2fd55ba30af65c39bba379aef3be6ab,2021-11-30,Cars,cars,Petrol-CNG,166,166,reported_numeric
25c9a68a5ab066abae1f07f8534cfcbdb2fd55ba30af65c39bba379aef3be6ab,2021-11-30,Cars,cars,Petrol-Electric,54017,54017,reported_numeric
25c9a68a5ab066abae1f07f8534cfcbdb2fd55ba30af65c39bba379aef3be6ab,2021-11-30,Cars,cars,Petrol-Electric (Plug-In),682,682,reported_numeric
25c9a68a5ab066abae1f07f8534cfcbdb2fd55ba30af65c39bba379aef3be6ab,2021-11-30,Goods & Other Vehicles,goods_and_other_vehicles,CNG,1,1,reported_numeric
25c9a68a5ab066abae1f07f8534cfcbdb2fd55ba30af65c39bba379aef3be6ab,2021-11-30,Goods & Other Vehicles,goods_and_other_vehicles,Diesel,134635,134635,reported_numeric
25c9a68a5ab066abae1f07f8534cfcbdb2fd55ba30af65c39bba379aef3be6ab,2021-11-30,Goods & Other Vehicles,goods_and_other_vehicles,Diesel-Electric,11,11,reported_numeric
25c9a68a5ab066abae1f07f8534cfcbdb2fd55ba30af65c39bba379aef3be6ab,2021-11-30,Goods & Other Vehicles,goods_and_other_vehicles,Electric,349,349,reported_numeric
25c9a68a5ab066abae1f07f8534cfcbdb2fd55ba30af65c39bba379aef3be6ab,2021-11-30,Goods & Other Vehicles,goods_and_other_vehicles,Petrol,8840,8840,reported_numeric
25c9a68a5ab066abae1f07f8534cfcbdb2fd55ba30af65c39bba379aef3be6ab,2021-11-30,Goods & Other Vehicles,goods_and_other_vehicles,Petrol-CNG,0,0,reported_numeric
25c9a68a5ab066abae1f07f8534cfcbdb2fd55ba30af65c39bba379aef3be6ab,2021-11-30,Goods & Other Vehicles,goods_and_other_vehicles,Petrol-Electric,1,1,reported_numeric
25c9a68a5ab066abae1f07f8534cfcbdb2fd55ba30af65c39bba379aef3be6ab,2021-11-30,Motor-cycles,motorcycles,Electric,5,5,reported_numeric
25c9a68a5ab066abae1f07f8534cfcbdb2fd55ba30af65c39bba379aef3be6ab,2021-11-30,Motor-cycles,motorcycles,Petrol,141523,141523,reported_numeric
25c9a68a5ab066abae1f07f8534cfcbdb2fd55ba30af65c39bba379aef3be6ab,2021-11-30,Taxis,taxis,CNG,0,0,reported_numeric
25c9a68a5ab066abae1f07f8534cfcbdb2fd55ba30af65c39bba379aef3be6ab,2021-11-30,Taxis,taxis,Diesel,5137,5137,reported_numeric
25c9a68a5ab066abae1f07f8534cfcbdb2fd55ba30af65c39bba379aef3be6ab,2021-11-30,Taxis,taxis,Electric,189,189,reported_numeric
25c9a68a5ab066abae1f07f8534cfcbdb2fd55ba30af65c39bba379aef3be6ab,2021-11-30,Taxis,taxis,Petrol,16,16,reported_numeric
25c9a68a5ab066abae1f07f8534cfcbdb2fd55ba30af65c39bba379aef3be6ab,2021-11-30,Taxis,taxis,Petrol-CNG,0,0,reported_numeric
25c9a68a5ab066abae1f07f8534cfcbdb2fd55ba30af65c39bba379aef3be6ab,2021-11-30,Taxis,taxis,Petrol-Electric,9706,9706,reported_numeric
25c9a68a5ab066abae1f07f8534cfcbdb2fd55ba30af65c39bba379aef3be6ab,2021-12-31,Buses,buses,CNG,0,0,reported_numeric
25c9a68a5ab066abae1f07f8534cfcbdb2fd55ba30af65c39bba379aef3be6ab,2021-12-31,Buses,buses,Diesel,18353,18353,reported_numeric
25c9a68a5ab066abae1f07f8534cfcbdb2fd55ba30af65c39bba379aef3be6ab,2021-12-31,Buses,buses,Diesel-Electric,50,50,reported_numeric
25c9a68a5ab066abae1f07f8534cfcbdb2fd55ba30af65c39bba379aef3be6ab,2021-12-31,Buses,buses,Electric,75,75,reported_numeric
25c9a68a5ab066abae1f07f8534cfcbdb2fd55ba30af65c39bba379aef3be6ab,2021-12-31,Buses,buses,Petrol,42,42,reported_numeric
25c9a68a5ab066abae1f07f8534cfcbdb2fd55ba30af65c39bba379aef3be6ab,2021-12-31,Buses,buses,Petrol-CNG,0,0,reported_numeric
25c9a68a5ab066abae1f07f8534cfcbdb2fd55ba30af65c39bba379aef3be6ab,2021-12-31,Cars,cars,CNG,0,0,reported_numeric
25c9a68a5ab066abae1f07f8534cfcbdb2fd55ba30af65c39bba379aef3be6ab,2021-12-31,Cars,cars,Diesel,18136,18136,reported_numeric
25c9a68a5ab066abae1f07f8534cfcbdb2fd55ba30af65c39bba379aef3be6ab,2021-12-31,Cars,cars,Diesel-Electric,20,20,reported_numeric
25c9a68a5ab066abae1f07f8534cfcbdb2fd55ba30af65c39bba379aef3be6ab,2021-12-31,Cars,cars,Electric,2942,2942,reported_numeric
25c9a68a5ab066abae1f07f8534cfcbdb2fd55ba30af65c39bba379aef3be6ab,2021-12-31,Cars,cars,Petrol,568376,568376,reported_numeric
25c9a68a5ab066abae1f07f8534cfcbdb2fd55ba30af65c39bba379aef3be6ab,2021-12-31,Cars,cars,Petrol-CNG,164,164,reported_numeric
25c9a68a5ab066abae1f07f8534cfcbdb2fd55ba30af65c39bba379aef3be6ab,2021-12-31,Cars,cars,Petrol-Electric,54820,54820,reported_numeric
25c9a68a5ab066abae1f07f8534cfcbdb2fd55ba30af65c39bba379aef3be6ab,2021-12-31,Cars,cars,Petrol-Electric (Plug-In),692,692,reported_numeric
25c9a68a5ab066abae1f07f8534cfcbdb2fd55ba30af65c39bba379aef3be6ab,2021-12-31,Goods & Other Vehicles,goods_and_other_vehicles,CNG,1,1,reported_numeric
25c9a68a5ab066abae1f07f8534cfcbdb2fd55ba30af65c39bba379aef3be6ab,2021-12-31,Goods & Other Vehicles,goods_and_other_vehicles,Diesel,134527,134527,reported_numeric
25c9a68a5ab066abae1f07f8534cfcbdb2fd55ba30af65c39bba379aef3be6ab,2021-12-31,Goods & Other Vehicles,goods_and_other_vehicles,Diesel-Electric,11,11,reported_numeric
25c9a68a5ab066abae1f07f8534cfcbdb2fd55ba30af65c39bba379aef3be6ab,2021-12-31,Goods & Other Vehicles,goods_and_other_vehicles,Electric,387,387,reported_numeric
25c9a68a5ab066abae1f07f8534cfcbdb2fd55ba30af65c39bba379aef3be6ab,2021-12-31,Goods & Other Vehicles,goods_and_other_vehicles,Petrol,9096,9096,reported_numeric
25c9a68a5ab066abae1f07f8534cfcbdb2fd55ba30af65c39bba379aef3be6ab,2021-12-31,Goods & Other Vehicles,goods_and_other_vehicles,Petrol-CNG,0,0,reported_numeric
25c9a68a5ab066abae1f07f8534cfcbdb2fd55ba30af65c39bba379aef3be6ab,2021-12-31,Goods & Other Vehicles,goods_and_other_vehicles,Petrol-Electric,2,2,reported_numeric
25c9a68a5ab066abae1f07f8534cfcbdb2fd55ba30af65c39bba379aef3be6ab,2021-12-31,Motor-cycles,motorcycles,Electric,5,5,reported_numeric
25c9a68a5ab066abae1f07f8534cfcbdb2fd55ba30af65c39bba379aef3be6ab,2021-12-31,Motor-cycles,motorcycles,Petrol,141589,141589,reported_numeric
25c9a68a5ab066abae1f07f8534cfcbdb2fd55ba30af65c39bba379aef3be6ab,2021-12-31,Taxis,taxis,CNG,0,0,reported_numeric
25c9a68a5ab066abae1f07f8534cfcbdb2fd55ba30af65c39bba379aef3be6ab,2021-12-31,Taxis,taxis,Diesel,4951,4951,reported_numeric
25c9a68a5ab066abae1f07f8534cfcbdb2fd55ba30af65c39bba379aef3be6ab,2021-12-31,Taxis,taxis,Electric,304,304,reported_numeric
25c9a68a5ab066abae1f07f8534cfcbdb2fd55ba30af65c39bba379aef3be6ab,2021-12-31,Taxis,taxis,Petrol,15,15,reported_numeric
25c9a68a5ab066abae1f07f8534cfcbdb2fd55ba30af65c39bba379aef3be6ab,2021-12-31,Taxis,taxis,Petrol-CNG,0,0,reported_numeric
25c9a68a5ab066abae1f07f8534cfcbdb2fd55ba30af65c39bba379aef3be6ab,2021-12-31,Taxis,taxis,Petrol-Electric,9617,9617,reported_numeric
25c9a68a5ab066abae1f07f8534cfcbdb2fd55ba30af65c39bba379aef3be6ab,2022-01-31,Buses,buses,CNG,0,0,reported_numeric
25c9a68a5ab066abae1f07f8534cfcbdb2fd55ba30af65c39bba379aef3be6ab,2022-01-31,Buses,buses,Diesel,18262,18262,reported_numeric
25c9a68a5ab066abae1f07f8534cfcbdb2fd55ba30af65c39bba379aef3be6ab,2022-01-31,Buses,buses,Diesel-Electric,50,50,reported_numeric
25c9a68a5ab066abae1f07f8534cfcbdb2fd55ba30af65c39bba379aef3be6ab,2022-01-31,Buses,buses,Electric,75,75,reported_numeric
25c9a68a5ab066abae1f07f8534cfcbdb2fd55ba30af65c39bba379aef3be6ab,2022-01-31,Buses,buses,Petrol,44,44,reported_numeric
25c9a68a5ab066abae1f07f8534cfcbdb2fd55ba30af65c39bba379aef3be6ab,2022-01-31,Buses,buses,Petrol-CNG,0,0,reported_numeric
25c9a68a5ab066abae1f07f8534cfcbdb2fd55ba30af65c39bba379aef3be6ab,2022-01-31,Cars,cars,CNG,0,0,reported_numeric
25c9a68a5ab066abae1f07f8534cfcbdb2fd55ba30af65c39bba379aef3be6ab,2022-01-31,Cars,cars,Diesel,18170,18170,reported_numeric
25c9a68a5ab066abae1f07f8534cfcbdb2fd55ba30af65c39bba379aef3be6ab,2022-01-31,Cars,cars,Diesel-Electric,19,19,reported_numeric
25c9a68a5ab066abae1f07f8534cfcbdb2fd55ba30af65c39bba379aef3be6ab,2022-01-31,Cars,cars,Electric,3149,3149,reported_numeric
25c9a68a5ab066abae1f07f8534cfcbdb2fd55ba30af65c39bba379aef3be6ab,2022-01-31,Cars,cars,Petrol,567606,567606,reported_numeric
25c9a68a5ab066abae1f07f8534cfcbdb2fd55ba30af65c39bba379aef3be6ab,2022-01-31,Cars,cars,Petrol-CNG,162,162,reported_numeric
25c9a68a5ab066abae1f07f8534cfcbdb2fd55ba30af65c39bba379aef3be6ab,2022-01-31,Cars,cars,Petrol-Electric,55671,55671,reported_numeric
25c9a68a5ab066abae1f07f8534cfcbdb2fd55ba30af65c39bba379aef3be6ab,2022-01-31,Cars,cars,Petrol-Electric (Plug-In),750,750,reported_numeric
25c9a68a5ab066abae1f07f8534cfcbdb2fd55ba30af65c39bba379aef3be6ab,2022-01-31,Goods & Other Vehicles,goods_and_other_vehicles,CNG,1,1,reported_numeric
25c9a68a5ab066abae1f07f8534cfcbdb2fd55ba30af65c39bba379aef3be6ab,2022-01-31,Goods & Other Vehicles,goods_and_other_vehicles,Diesel,134383,134383,reported_numeric
25c9a68a5ab066abae1f07f8534cfcbdb2fd55ba30af65c39bba379aef3be6ab,2022-01-31,Goods & Other Vehicles,goods_and_other_vehicles,Diesel-Electric,11,11,reported_numeric
25c9a68a5ab066abae1f07f8534cfcbdb2fd55ba30af65c39bba379aef3be6ab,2022-01-31,Goods & Other Vehicles,goods_and_other_vehicles,Electric,435,435,reported_numeric
25c9a68a5ab066abae1f07f8534cfcbdb2fd55ba30af65c39bba379aef3be6ab,2022-01-31,Goods & Other Vehicles,goods_and_other_vehicles,Petrol,9243,9243,reported_numeric
25c9a68a5ab066abae1f07f8534cfcbdb2fd55ba30af65c39bba379aef3be6ab,2022-01-31,Goods & Other Vehicles,goods_and_other_vehicles,Petrol-CNG,0,0,reported_numeric
25c9a68a5ab066abae1f07f8534cfcbdb2fd55ba30af65c39bba379aef3be6ab,2022-01-31,Goods & Other Vehicles,goods_and_other_vehicles,Petrol-Electric,2,2,reported_numeric
25c9a68a5ab066abae1f07f8534cfcbdb2fd55ba30af65c39bba379aef3be6ab,2022-01-31,Motor-cycles,motorcycles,Electric,5,5,reported_numeric
25c9a68a5ab066abae1f07f8534cfcbdb2fd55ba30af65c39bba379aef3be6ab,2022-01-31,Motor-cycles,motorcycles,Petrol,141547,141547,reported_numeric
25c9a68a5ab066abae1f07f8534cfcbdb2fd55ba30af65c39bba379aef3be6ab,2022-01-31,Taxis,taxis,CNG,0,0,reported_numeric
25c9a68a5ab066abae1f07f8534cfcbdb2fd55ba30af65c39bba379aef3be6ab,2022-01-31,Taxis,taxis,Diesel,4935,4935,reported_numeric
25c9a68a5ab066abae1f07f8534cfcbdb2fd55ba30af65c39bba379aef3be6ab,2022-01-31,Taxis,taxis,Electric,304,304,reported_numeric
25c9a68a5ab066abae1f07f8534cfcbdb2fd55ba30af65c39bba379aef3be6ab,2022-01-31,Taxis,taxis,Petrol,15,15,reported_numeric
25c9a68a5ab066abae1f07f8534cfcbdb2fd55ba30af65c39bba379aef3be6ab,2022-01-31,Taxis,taxis,Petrol-CNG,0,0,reported_numeric
25c9a68a5ab066abae1f07f8534cfcbdb2fd55ba30af65c39bba379aef3be6ab,2022-01-31,Taxis,taxis,Petrol-Electric,9593,9593,reported_numeric
25c9a68a5ab066abae1f07f8534cfcbdb2fd55ba30af65c39bba379aef3be6ab,2022-02-28,Buses,buses,CNG,0,0,reported_numeric
25c9a68a5ab066abae1f07f8534cfcbdb2fd55ba30af65c39bba379aef3be6ab,2022-02-28,Buses,buses,Diesel,18154,18154,reported_numeric
25c9a68a5ab066abae1f07f8534cfcbdb2fd55ba30af65c39bba379aef3be6ab,2022-02-28,Buses,buses,Diesel-Electric,50,50,reported_numeric
25c9a68a5ab066abae1f07f8534cfcbdb2fd55ba30af65c39bba379aef3be6ab,2022-02-28,Buses,buses,Electric,76,76,reported_numeric
25c9a68a5ab066abae1f07f8534cfcbdb2fd55ba30af65c39bba379aef3be6ab,2022-02-28,Buses,buses,Petrol,49,49,reported_numeric
25c9a68a5ab066abae1f07f8534cfcbdb2fd55ba30af65c39bba379aef3be6ab,2022-02-28,Buses,buses,Petrol-CNG,0,0,reported_numeric
25c9a68a5ab066abae1f07f8534cfcbdb2fd55ba30af65c39bba379aef3be6ab,2022-02-28,Cars,cars,CNG,0,0,reported_numeric
25c9a68a5ab066abae1f07f8534cfcbdb2fd55ba30af65c39bba379aef3be6ab,2022-02-28,Cars,cars,Diesel,18167,18167,reported_numeric
25c9a68a5ab066abae1f07f8534cfcbdb2fd55ba30af65c39bba379aef3be6ab,2022-02-28,Cars,cars,Diesel-Electric,19,19,reported_numeric
25c9a68a5ab066abae1f07f8534cfcbdb2fd55ba30af65c39bba379aef3be6ab,2022-02-28,Cars,cars,Electric,3297,3297,reported_numeric
25c9a68a5ab066abae1f07f8534cfcbdb2fd55ba30af65c39bba379aef3be6ab,2022-02-28,Cars,cars,Petrol,566936,566936,reported_numeric
25c9a68a5ab066abae1f07f8534cfcbdb2fd55ba30af65c39bba379aef3be6ab,2022-02-28,Cars,cars,Petrol-CNG,162,162,reported_numeric
25c9a68a5ab066abae1f07f8534cfcbdb2fd55ba30af65c39bba379aef3be6ab,2022-02-28,Cars,cars,Petrol-Electric,56408,56408,reported_numeric
25c9a68a5ab066abae1f07f8534cfcbdb2fd55ba30af65c39bba379aef3be6ab,2022-02-28,Cars,cars,Petrol-Electric (Plug-In),803,803,reported_numeric
25c9a68a5ab066abae1f07f8534cfcbdb2fd55ba30af65c39bba379aef3be6ab,2022-02-28,Goods & Other Vehicles,goods_and_other_vehicles,CNG,1,1,reported_numeric
25c9a68a5ab066abae1f07f8534cfcbdb2fd55ba30af65c39bba379aef3be6ab,2022-02-28,Goods & Other Vehicles,goods_and_other_vehicles,Diesel,134165,134165,reported_numeric
25c9a68a5ab066abae1f07f8534cfcbdb2fd55ba30af65c39bba379aef3be6ab,2022-02-28,Goods & Other Vehicles,goods_and_other_vehicles,Diesel-Electric,13,13,reported_numeric
25c9a68a5ab066abae1f07f8534cfcbdb2fd55ba30af65c39bba379aef3be6ab,2022-02-28,Goods & Other Vehicles,goods_and_other_vehicles,Electric,484,484,reported_numeric
25c9a68a5ab066abae1f07f8534cfcbdb2fd55ba30af65c39bba379aef3be6ab,2022-02-28,Goods & Other Vehicles,goods_and_other_vehicles,Petrol,9401,9401,reported_numeric
25c9a68a5ab066abae1f07f8534cfcbdb2fd55ba30af65c39bba379aef3be6ab,2022-02-28,Goods & Other Vehicles,goods_and_other_vehicles,Petrol-CNG,0,0,reported_numeric
25c9a68a5ab066abae1f07f8534cfcbdb2fd55ba30af65c39bba379aef3be6ab,2022-02-28,Goods & Other Vehicles,goods_and_other_vehicles,Petrol-Electric,2,2,reported_numeric
25c9a68a5ab066abae1f07f8534cfcbdb2fd55ba30af65c39bba379aef3be6ab,2022-02-28,Motor-cycles,motorcycles,Electric,5,5,reported_numeric
25c9a68a5ab066abae1f07f8534cfcbdb2fd55ba30af65c39bba379aef3be6ab,2022-02-28,Motor-cycles,motorcycles,Petrol,141371,141371,reported_numeric
25c9a68a5ab066abae1f07f8534cfcbdb2fd55ba30af65c39bba379aef3be6ab,2022-02-28,Taxis,taxis,CNG,0,0,reported_numeric
25c9a68a5ab066abae1f07f8534cfcbdb2fd55ba30af65c39bba379aef3be6ab,2022-02-28,Taxis,taxis,Diesel,4805,4805,reported_numeric
25c9a68a5ab066abae1f07f8534cfcbdb2fd55ba30af65c39bba379aef3be6ab,2022-02-28,Taxis,taxis,Electric,304,304,reported_numeric
25c9a68a5ab066abae1f07f8534cfcbdb2fd55ba30af65c39bba379aef3be6ab,2022-02-28,Taxis,taxis,Petrol,15,15,reported_numeric
25c9a68a5ab066abae1f07f8534cfcbdb2fd55ba30af65c39bba379aef3be6ab,2022-02-28,Taxis,taxis,Petrol-CNG,0,0,reported_numeric
25c9a68a5ab066abae1f07f8534cfcbdb2fd55ba30af65c39bba379aef3be6ab,2022-02-28,Taxis,taxis,Petrol-Electric,9593,9593,reported_numeric
25c9a68a5ab066abae1f07f8534cfcbdb2fd55ba30af65c39bba379aef3be6ab,2022-03-31,Buses,buses,CNG,0,0,reported_numeric
25c9a68a5ab066abae1f07f8534cfcbdb2fd55ba30af65c39bba379aef3be6ab,2022-03-31,Buses,buses,Diesel,18040,18040,reported_numeric
25c9a68a5ab066abae1f07f8534cfcbdb2fd55ba30af65c39bba379aef3be6ab,2022-03-31,Buses,buses,Diesel-Electric,50,50,reported_numeric
25c9a68a5ab066abae1f07f8534cfcbdb2fd55ba30af65c39bba379aef3be6ab,2022-03-31,Buses,buses,Electric,76,76,reported_numeric
25c9a68a5ab066abae1f07f8534cfcbdb2fd55ba30af65c39bba379aef3be6ab,2022-03-31,Buses,buses,Petrol,53,53,reported_numeric
25c9a68a5ab066abae1f07f8534cfcbdb2fd55ba30af65c39bba379aef3be6ab,2022-03-31,Buses,buses,Petrol-CNG,0,0,reported_numeric
25c9a68a5ab066abae1f07f8534cfcbdb2fd55ba30af65c39bba379aef3be6ab,2022-03-31,Cars,cars,CNG,0,0,reported_numeric
25c9a68a5ab066abae1f07f8534cfcbdb2fd55ba30af65c39bba379aef3be6ab,2022-03-31,Cars,cars,Diesel,18178,18178,reported_numeric
25c9a68a5ab066abae1f07f8534cfcbdb2fd55ba30af65c39bba379aef3be6ab,2022-03-31,Cars,cars,Diesel-Electric,19,19,reported_numeric
25c9a68a5ab066abae1f07f8534cfcbdb2fd55ba30af65c39bba379aef3be6ab,2022-03-31,Cars,cars,Electric,3576,3576,reported_numeric
25c9a68a5ab066abae1f07f8534cfcbdb2fd55ba30af65c39bba379aef3be6ab,2022-03-31,Cars,cars,Petrol,565329,565329,reported_numeric
25c9a68a5ab066abae1f07f8534cfcbdb2fd55ba30af65c39bba379aef3be6ab,2022-03-31,Cars,cars,Petrol-CNG,160,160,reported_numeric
25c9a68a5ab066abae1f07f8534cfcbdb2fd55ba30af65c39bba379aef3be6ab,2022-03-31,Cars,cars,Petrol-Electric,57257,57257,reported_numeric
25c9a68a5ab066abae1f07f8534cfcbdb2fd55ba30af65c39bba379aef3be6ab,2022-03-31,Cars,cars,Petrol-Electric (Plug-In),870,870,reported_numeric
25c9a68a5ab066abae1f07f8534cfcbdb2fd55ba30af65c39bba379aef3be6ab,2022-03-31,Goods & Other Vehicles,goods_and_other_vehicles,CNG,1,1,reported_numeric
25c9a68a5ab066abae1f07f8534cfcbdb2fd55ba30af65c39bba379aef3be6ab,2022-03-31,Goods & Other Vehicles,goods_and_other_vehicles,Diesel,133845,133845,reported_numeric
25c9a68a5ab066abae1f07f8534cfcbdb2fd55ba30af65c39bba379aef3be6ab,2022-03-31,Goods & Other Vehicles,goods_and_other_vehicles,Diesel-Electric,13,13,reported_numeric
25c9a68a5ab066abae1f07f8534cfcbdb2fd55ba30af65c39bba379aef3be6ab,2022-03-31,Goods & Other Vehicles,goods_and_other_vehicles,Electric,601,601,reported_numeric
25c9a68a5ab066abae1f07f8534cfcbdb2fd55ba30af65c39bba379aef3be6ab,2022-03-31,Goods & Other Vehicles,goods_and_other_vehicles,Petrol,9667,9667,reported_numeric
25c9a68a5ab066abae1f07f8534cfcbdb2fd55ba30af65c39bba379aef3be6ab,2022-03-31,Goods & Other Vehicles,goods_and_other_vehicles,Petrol-CNG,0,0,reported_numeric
25c9a68a5ab066abae1f07f8534cfcbdb2fd55ba30af65c39bba379aef3be6ab,2022-03-31,Goods & Other Vehicles,goods_and_other_vehicles,Petrol-Electric,2,2,reported_numeric
25c9a68a5ab066abae1f07f8534cfcbdb2fd55ba30af65c39bba379aef3be6ab,2022-03-31,Motor-cycles,motorcycles,Electric,17,17,reported_numeric
25c9a68a5ab066abae1f07f8534cfcbdb2fd55ba30af65c39bba379aef3be6ab,2022-03-31,Motor-cycles,motorcycles,Petrol,141091,141091,reported_numeric
25c9a68a5ab066abae1f07f8534cfcbdb2fd55ba30af65c39bba379aef3be6ab,2022-03-31,Taxis,taxis,CNG,0,0,reported_numeric
25c9a68a5ab066abae1f07f8534cfcbdb2fd55ba30af65c39bba379aef3be6ab,2022-03-31,Taxis,taxis,Diesel,4631,4631,reported_numeric
25c9a68a5ab066abae1f07f8534cfcbdb2fd55ba30af65c39bba379aef3be6ab,2022-03-31,Taxis,taxis,Electric,304,304,reported_numeric
25c9a68a5ab066abae1f07f8534cfcbdb2fd55ba30af65c39bba379aef3be6ab,2022-03-31,Taxis,taxis,Petrol,15,15,reported_numeric
25c9a68a5ab066abae1f07f8534cfcbdb2fd55ba30af65c39bba379aef3be6ab,2022-03-31,Taxis,taxis,Petrol-CNG,0,0,reported_numeric
25c9a68a5ab066abae1f07f8534cfcbdb2fd55ba30af65c39bba379aef3be6ab,2022-03-31,Taxis,taxis,Petrol-Electric,9653,9653,reported_numeric
25c9a68a5ab066abae1f07f8534cfcbdb2fd55ba30af65c39bba379aef3be6ab,2022-04-30,Buses,buses,CNG,0,0,reported_numeric
25c9a68a5ab066abae1f07f8534cfcbdb2fd55ba30af65c39bba379aef3be6ab,2022-04-30,Buses,buses,Diesel,17989,17989,reported_numeric
25c9a68a5ab066abae1f07f8534cfcbdb2fd55ba30af65c39bba379aef3be6ab,2022-04-30,Buses,buses,Diesel-Electric,50,50,reported_numeric
25c9a68a5ab066abae1f07f8534cfcbdb2fd55ba30af65c39bba379aef3be6ab,2022-04-30,Buses,buses,Electric,76,76,reported_numeric
25c9a68a5ab066abae1f07f8534cfcbdb2fd55ba30af65c39bba379aef3be6ab,2022-04-30,Buses,buses,Petrol,60,60,reported_numeric
25c9a68a5ab066abae1f07f8534cfcbdb2fd55ba30af65c39bba379aef3be6ab,2022-04-30,Buses,buses,Petrol-CNG,0,0,reported_numeric
25c9a68a5ab066abae1f07f8534cfcbdb2fd55ba30af65c39bba379aef3be6ab,2022-04-30,Cars,cars,CNG,0,0,reported_numeric
25c9a68a5ab066abae1f07f8534cfcbdb2fd55ba30af65c39bba379aef3be6ab,2022-04-30,Cars,cars,Diesel,18188,18188,reported_numeric
25c9a68a5ab066abae1f07f8534cfcbdb2fd55ba30af65c39bba379aef3be6ab,2022-04-30,Cars,cars,Diesel-Electric,20,20,reported_numeric
25c9a68a5ab066abae1f07f8534cfcbdb2fd55ba30af65c39bba379aef3be6ab,2022-04-30,Cars,cars,Electric,3764,3764,reported_numeric
25c9a68a5ab066abae1f07f8534cfcbdb2fd55ba30af65c39bba379aef3be6ab,2022-04-30,Cars,cars,Petrol,564432,564432,reported_numeric
25c9a68a5ab066abae1f07f8534cfcbdb2fd55ba30af65c39bba379aef3be6ab,2022-04-30,Cars,cars,Petrol-CNG,160,160,reported_numeric
25c9a68a5ab066abae1f07f8534cfcbdb2fd55ba30af65c39bba379aef3be6ab,2022-04-30,Cars,cars,Petrol-Electric,58272,58272,reported_numeric
25c9a68a5ab066abae1f07f8534cfcbdb2fd55ba30af65c39bba379aef3be6ab,2022-04-30,Cars,cars,Petrol-Electric (Plug-In),933,933,reported_numeric
25c9a68a5ab066abae1f07f8534cfcbdb2fd55ba30af65c39bba379aef3be6ab,2022-04-30,Goods & Other Vehicles,goods_and_other_vehicles,CNG,1,1,reported_numeric
25c9a68a5ab066abae1f07f8534cfcbdb2fd55ba30af65c39bba379aef3be6ab,2022-04-30,Goods & Other Vehicles,goods_and_other_vehicles,Diesel,133592,133592,reported_numeric
25c9a68a5ab066abae1f07f8534cfcbdb2fd55ba30af65c39bba379aef3be6ab,2022-04-30,Goods & Other Vehicles,goods_and_other_vehicles,Diesel-Electric,14,14,reported_numeric
25c9a68a5ab066abae1f07f8534cfcbdb2fd55ba30af65c39bba379aef3be6ab,2022-04-30,Goods & Other Vehicles,goods_and_other_vehicles,Electric,688,688,reported_numeric
25c9a68a5ab066abae1f07f8534cfcbdb2fd55ba30af65c39bba379aef3be6ab,2022-04-30,Goods & Other Vehicles,goods_and_other_vehicles,Petrol,9898,9898,reported_numeric
25c9a68a5ab066abae1f07f8534cfcbdb2fd55ba30af65c39bba379aef3be6ab,2022-04-30,Goods & Other Vehicles,goods_and_other_vehicles,Petrol-CNG,0,0,reported_numeric
25c9a68a5ab066abae1f07f8534cfcbdb2fd55ba30af65c39bba379aef3be6ab,2022-04-30,Goods & Other Vehicles,goods_and_other_vehicles,Petrol-Electric,2,2,reported_numeric
25c9a68a5ab066abae1f07f8534cfcbdb2fd55ba30af65c39bba379aef3be6ab,2022-04-30,Motor-cycles,motorcycles,Electric,17,17,reported_numeric
25c9a68a5ab066abae1f07f8534cfcbdb2fd55ba30af65c39bba379aef3be6ab,2022-04-30,Motor-cycles,motorcycles,Petrol,141166,141166,reported_numeric
25c9a68a5ab066abae1f07f8534cfcbdb2fd55ba30af65c39bba379aef3be6ab,2022-04-30,Taxis,taxis,CNG,0,0,reported_numeric
25c9a68a5ab066abae1f07f8534cfcbdb2fd55ba30af65c39bba379aef3be6ab,2022-04-30,Taxis,taxis,Diesel,4525,4525,reported_numeric
25c9a68a5ab066abae1f07f8534cfcbdb2fd55ba30af65c39bba379aef3be6ab,2022-04-30,Taxis,taxis,Electric,304,304,reported_numeric
25c9a68a5ab066abae1f07f8534cfcbdb2fd55ba30af65c39bba379aef3be6ab,2022-04-30,Taxis,taxis,Petrol,15,15,reported_numeric
25c9a68a5ab066abae1f07f8534cfcbdb2fd55ba30af65c39bba379aef3be6ab,2022-04-30,Taxis,taxis,Petrol-CNG,0,0,reported_numeric
25c9a68a5ab066abae1f07f8534cfcbdb2fd55ba30af65c39bba379aef3be6ab,2022-04-30,Taxis,taxis,Petrol-Electric,9760,9760,reported_numeric
25c9a68a5ab066abae1f07f8534cfcbdb2fd55ba30af65c39bba379aef3be6ab,2022-05-31,Buses,buses,CNG,0,0,reported_numeric
25c9a68a5ab066abae1f07f8534cfcbdb2fd55ba30af65c39bba379aef3be6ab,2022-05-31,Buses,buses,Diesel,17927,17927,reported_numeric
25c9a68a5ab066abae1f07f8534cfcbdb2fd55ba30af65c39bba379aef3be6ab,2022-05-31,Buses,buses,Diesel-Electric,50,50,reported_numeric
25c9a68a5ab066abae1f07f8534cfcbdb2fd55ba30af65c39bba379aef3be6ab,2022-05-31,Buses,buses,Electric,77,77,reported_numeric
25c9a68a5ab066abae1f07f8534cfcbdb2fd55ba30af65c39bba379aef3be6ab,2022-05-31,Buses,buses,Petrol,62,62,reported_numeric
25c9a68a5ab066abae1f07f8534cfcbdb2fd55ba30af65c39bba379aef3be6ab,2022-05-31,Buses,buses,Petrol-CNG,0,0,reported_numeric
25c9a68a5ab066abae1f07f8534cfcbdb2fd55ba30af65c39bba379aef3be6ab,2022-05-31,Cars,cars,CNG,0,0,reported_numeric
25c9a68a5ab066abae1f07f8534cfcbdb2fd55ba30af65c39bba379aef3be6ab,2022-05-31,Cars,cars,Diesel,18197,18197,reported_numeric
25c9a68a5ab066abae1f07f8534cfcbdb2fd55ba30af65c39bba379aef3be6ab,2022-05-31,Cars,cars,Diesel-Electric,20,20,reported_numeric
25c9a68a5ab066abae1f07f8534cfcbdb2fd55ba30af65c39bba379aef3be6ab,2022-05-31,Cars,cars,Electric,4054,4054,reported_numeric
25c9a68a5ab066abae1f07f8534cfcbdb2fd55ba30af65c39bba379aef3be6ab,2022-05-31,Cars,cars,Petrol,564041,564041,reported_numeric
25c9a68a5ab066abae1f07f8534cfcbdb2fd55ba30af65c39bba379aef3be6ab,2022-05-31,Cars,cars,Petrol-CNG,157,157,reported_numeric
25c9a68a5ab066abae1f07f8534cfcbdb2fd55ba30af65c39bba379aef3be6ab,2022-05-31,Cars,cars,Petrol-Electric,59367,59367,reported_numeric
25c9a68a5ab066abae1f07f8534cfcbdb2fd55ba30af65c39bba379aef3be6ab,2022-05-31,Cars,cars,Petrol-Electric (Plug-In),973,973,reported_numeric
25c9a68a5ab066abae1f07f8534cfcbdb2fd55ba30af65c39bba379aef3be6ab,2022-05-31,Goods & Other Vehicles,goods_and_other_vehicles,CNG,1,1,reported_numeric
25c9a68a5ab066abae1f07f8534cfcbdb2fd55ba30af65c39bba379aef3be6ab,2022-05-31,Goods & Other Vehicles,goods_and_other_vehicles,Diesel,133412,133412,reported_numeric
25c9a68a5ab066abae1f07f8534cfcbdb2fd55ba30af65c39bba379aef3be6ab,2022-05-31,Goods & Other Vehicles,goods_and_other_vehicles,Diesel-Electric,14,14,reported_numeric
25c9a68a5ab066abae1f07f8534cfcbdb2fd55ba30af65c39bba379aef3be6ab,2022-05-31,Goods & Other Vehicles,goods_and_other_vehicles,Electric,787,787,reported_numeric
25c9a68a5ab066abae1f07f8534cfcbdb2fd55ba30af65c39bba379aef3be6ab,2022-05-31,Goods & Other Vehicles,goods_and_other_vehicles,Petrol,10033,10033,reported_numeric
25c9a68a5ab066abae1f07f8534cfcbdb2fd55ba30af65c39bba379aef3be6ab,2022-05-31,Goods & Other Vehicles,goods_and_other_vehicles,Petrol-CNG,0,0,reported_numeric
25c9a68a5ab066abae1f07f8534cfcbdb2fd55ba30af65c39bba379aef3be6ab,2022-05-31,Goods & Other Vehicles,goods_and_other_vehicles,Petrol-Electric,2,2,reported_numeric
25c9a68a5ab066abae1f07f8534cfcbdb2fd55ba30af65c39bba379aef3be6ab,2022-05-31,Motor-cycles,motorcycles,Electric,17,17,reported_numeric
25c9a68a5ab066abae1f07f8534cfcbdb2fd55ba30af65c39bba379aef3be6ab,2022-05-31,Motor-cycles,motorcycles,Petrol,141426,141426,reported_numeric
25c9a68a5ab066abae1f07f8534cfcbdb2fd55ba30af65c39bba379aef3be6ab,2022-05-31,Taxis,taxis,CNG,0,0,reported_numeric
25c9a68a5ab066abae1f07f8534cfcbdb2fd55ba30af65c39bba379aef3be6ab,2022-05-31,Taxis,taxis,Diesel,4409,4409,reported_numeric
25c9a68a5ab066abae1f07f8534cfcbdb2fd55ba30af65c39bba379aef3be6ab,2022-05-31,Taxis,taxis,Electric,329,329,reported_numeric
25c9a68a5ab066abae1f07f8534cfcbdb2fd55ba30af65c39bba379aef3be6ab,2022-05-31,Taxis,taxis,Petrol,14,14,reported_numeric
25c9a68a5ab066abae1f07f8534cfcbdb2fd55ba30af65c39bba379aef3be6ab,2022-05-31,Taxis,taxis,Petrol-CNG,0,0,reported_numeric
25c9a68a5ab066abae1f07f8534cfcbdb2fd55ba30af65c39bba379aef3be6ab,2022-05-31,Taxis,taxis,Petrol-Electric,9743,9743,reported_numeric
25c9a68a5ab066abae1f07f8534cfcbdb2fd55ba30af65c39bba379aef3be6ab,2022-06-30,Buses,buses,CNG,0,0,reported_numeric
25c9a68a5ab066abae1f07f8534cfcbdb2fd55ba30af65c39bba379aef3be6ab,2022-06-30,Buses,buses,Diesel,17812,17812,reported_numeric
25c9a68a5ab066abae1f07f8534cfcbdb2fd55ba30af65c39bba379aef3be6ab,2022-06-30,Buses,buses,Diesel-Electric,50,50,reported_numeric
25c9a68a5ab066abae1f07f8534cfcbdb2fd55ba30af65c39bba379aef3be6ab,2022-06-30,Buses,buses,Electric,79,79,reported_numeric
25c9a68a5ab066abae1f07f8534cfcbdb2fd55ba30af65c39bba379aef3be6ab,2022-06-30,Buses,buses,Petrol,68,68,reported_numeric
25c9a68a5ab066abae1f07f8534cfcbdb2fd55ba30af65c39bba379aef3be6ab,2022-06-30,Buses,buses,Petrol-CNG,0,0,reported_numeric
25c9a68a5ab066abae1f07f8534cfcbdb2fd55ba30af65c39bba379aef3be6ab,2022-06-30,Cars,cars,CNG,0,0,reported_numeric
25c9a68a5ab066abae1f07f8534cfcbdb2fd55ba30af65c39bba379aef3be6ab,2022-06-30,Cars,cars,Diesel,18274,18274,reported_numeric
25c9a68a5ab066abae1f07f8534cfcbdb2fd55ba30af65c39bba379aef3be6ab,2022-06-30,Cars,cars,Diesel-Electric,20,20,reported_numeric
25c9a68a5ab066abae1f07f8534cfcbdb2fd55ba30af65c39bba379aef3be6ab,2022-06-30,Cars,cars,Electric,4421,4421,reported_numeric
25c9a68a5ab066abae1f07f8534cfcbdb2fd55ba30af65c39bba379aef3be6ab,2022-06-30,Cars,cars,Petrol,563527,563527,reported_numeric
25c9a68a5ab066abae1f07f8534cfcbdb2fd55ba30af65c39bba379aef3be6ab,2022-06-30,Cars,cars,Petrol-CNG,155,155,reported_numeric
25c9a68a5ab066abae1f07f8534cfcbdb2fd55ba30af65c39bba379aef3be6ab,2022-06-30,Cars,cars,Petrol-Electric,60685,60685,reported_numeric
25c9a68a5ab066abae1f07f8534cfcbdb2fd55ba30af65c39bba379aef3be6ab,2022-06-30,Cars,cars,Petrol-Electric (Plug-In),1000,1000,reported_numeric
25c9a68a5ab066abae1f07f8534cfcbdb2fd55ba30af65c39bba379aef3be6ab,2022-06-30,Goods & Other Vehicles,goods_and_other_vehicles,CNG,1,1,reported_numeric
25c9a68a5ab066abae1f07f8534cfcbdb2fd55ba30af65c39bba379aef3be6ab,2022-06-30,Goods & Other Vehicles,goods_and_other_vehicles,Diesel,133190,133190,reported_numeric
25c9a68a5ab066abae1f07f8534cfcbdb2fd55ba30af65c39bba379aef3be6ab,2022-06-30,Goods & Other Vehicles,goods_and_other_vehicles,Diesel-Electric,13,13,reported_numeric
25c9a68a5ab066abae1f07f8534cfcbdb2fd55ba30af65c39bba379aef3be6ab,2022-06-30,Goods & Other Vehicles,goods_and_other_vehicles,Electric,917,917,reported_numeric
25c9a68a5ab066abae1f07f8534cfcbdb2fd55ba30af65c39bba379aef3be6ab,2022-06-30,Goods & Other Vehicles,goods_and_other_vehicles,Petrol,10234,10234,reported_numeric
25c9a68a5ab066abae1f07f8534cfcbdb2fd55ba30af65c39bba379aef3be6ab,2022-06-30,Goods & Other Vehicles,goods_and_other_vehicles,Petrol-CNG,0,0,reported_numeric
25c9a68a5ab066abae1f07f8534cfcbdb2fd55ba30af65c39bba379aef3be6ab,2022-06-30,Goods & Other Vehicles,goods_and_other_vehicles,Petrol-Electric,2,2,reported_numeric
25c9a68a5ab066abae1f07f8534cfcbdb2fd55ba30af65c39bba379aef3be6ab,2022-06-30,Motor-cycles,motorcycles,Electric,43,43,reported_numeric
25c9a68a5ab066abae1f07f8534cfcbdb2fd55ba30af65c39bba379aef3be6ab,2022-06-30,Motor-cycles,motorcycles,Petrol,141659,141659,reported_numeric
25c9a68a5ab066abae1f07f8534cfcbdb2fd55ba30af65c39bba379aef3be6ab,2022-06-30,Taxis,taxis,CNG,0,0,reported_numeric
25c9a68a5ab066abae1f07f8534cfcbdb2fd55ba30af65c39bba379aef3be6ab,2022-06-30,Taxis,taxis,Diesel,4319,4319,reported_numeric
25c9a68a5ab066abae1f07f8534cfcbdb2fd55ba30af65c39bba379aef3be6ab,2022-06-30,Taxis,taxis,Electric,339,339,reported_numeric
25c9a68a5ab066abae1f07f8534cfcbdb2fd55ba30af65c39bba379aef3be6ab,2022-06-30,Taxis,taxis,Petrol,13,13,reported_numeric
25c9a68a5ab066abae1f07f8534cfcbdb2fd55ba30af65c39bba379aef3be6ab,2022-06-30,Taxis,taxis,Petrol-CNG,0,0,reported_numeric
25c9a68a5ab066abae1f07f8534cfcbdb2fd55ba30af65c39bba379aef3be6ab,2022-06-30,Taxis,taxis,Petrol-Electric,9688,9688,reported_numeric
25c9a68a5ab066abae1f07f8534cfcbdb2fd55ba30af65c39bba379aef3be6ab,2022-07-31,Buses,buses,CNG,0,0,reported_numeric
25c9a68a5ab066abae1f07f8534cfcbdb2fd55ba30af65c39bba379aef3be6ab,2022-07-31,Buses,buses,Diesel,17761,17761,reported_numeric
25c9a68a5ab066abae1f07f8534cfcbdb2fd55ba30af65c39bba379aef3be6ab,2022-07-31,Buses,buses,Diesel-Electric,50,50,reported_numeric
25c9a68a5ab066abae1f07f8534cfcbdb2fd55ba30af65c39bba379aef3be6ab,2022-07-31,Buses,buses,Electric,80,80,reported_numeric
25c9a68a5ab066abae1f07f8534cfcbdb2fd55ba30af65c39bba379aef3be6ab,2022-07-31,Buses,buses,Petrol,75,75,reported_numeric
25c9a68a5ab066abae1f07f8534cfcbdb2fd55ba30af65c39bba379aef3be6ab,2022-07-31,Buses,buses,Petrol-CNG,0,0,reported_numeric
25c9a68a5ab066abae1f07f8534cfcbdb2fd55ba30af65c39bba379aef3be6ab,2022-07-31,Cars,cars,CNG,0,0,reported_numeric
25c9a68a5ab066abae1f07f8534cfcbdb2fd55ba30af65c39bba379aef3be6ab,2022-07-31,Cars,cars,Diesel,18304,18304,reported_numeric
25c9a68a5ab066abae1f07f8534cfcbdb2fd55ba30af65c39bba379aef3be6ab,2022-07-31,Cars,cars,Diesel-Electric,20,20,reported_numeric
25c9a68a5ab066abae1f07f8534cfcbdb2fd55ba30af65c39bba379aef3be6ab,2022-07-31,Cars,cars,Electric,4716,4716,reported_numeric
25c9a68a5ab066abae1f07f8534cfcbdb2fd55ba30af65c39bba379aef3be6ab,2022-07-31,Cars,cars,Petrol,562852,562852,reported_numeric
25c9a68a5ab066abae1f07f8534cfcbdb2fd55ba30af65c39bba379aef3be6ab,2022-07-31,Cars,cars,Petrol-CNG,154,154,reported_numeric
25c9a68a5ab066abae1f07f8534cfcbdb2fd55ba30af65c39bba379aef3be6ab,2022-07-31,Cars,cars,Petrol-Electric,61669,61669,reported_numeric
25c9a68a5ab066abae1f07f8534cfcbdb2fd55ba30af65c39bba379aef3be6ab,2022-07-31,Cars,cars,Petrol-Electric (Plug-In),1014,1014,reported_numeric
25c9a68a5ab066abae1f07f8534cfcbdb2fd55ba30af65c39bba379aef3be6ab,2022-07-31,Goods & Other Vehicles,goods_and_other_vehicles,CNG,1,1,reported_numeric
25c9a68a5ab066abae1f07f8534cfcbdb2fd55ba30af65c39bba379aef3be6ab,2022-07-31,Goods & Other Vehicles,goods_and_other_vehicles,Diesel,132938,132938,reported_numeric
25c9a68a5ab066abae1f07f8534cfcbdb2fd55ba30af65c39bba379aef3be6ab,2022-07-31,Goods & Other Vehicles,goods_and_other_vehicles,Diesel-Electric,15,15,reported_numeric
25c9a68a5ab066abae1f07f8534cfcbdb2fd55ba30af65c39bba379aef3be6ab,2022-07-31,Goods & Other Vehicles,goods_and_other_vehicles,Electric,1035,1035,reported_numeric
25c9a68a5ab066abae1f07f8534cfcbdb2fd55ba30af65c39bba379aef3be6ab,2022-07-31,Goods & Other Vehicles,goods_and_other_vehicles,Petrol,10387,10387,reported_numeric
25c9a68a5ab066abae1f07f8534cfcbdb2fd55ba30af65c39bba379aef3be6ab,2022-07-31,Goods & Other Vehicles,goods_and_other_vehicles,Petrol-CNG,0,0,reported_numeric
25c9a68a5ab066abae1f07f8534cfcbdb2fd55ba30af65c39bba379aef3be6ab,2022-07-31,Goods & Other Vehicles,goods_and_other_vehicles,Petrol-Electric,2,2,reported_numeric
25c9a68a5ab066abae1f07f8534cfcbdb2fd55ba30af65c39bba379aef3be6ab,2022-07-31,Motor-cycles,motorcycles,Electric,68,68,reported_numeric
25c9a68a5ab066abae1f07f8534cfcbdb2fd55ba30af65c39bba379aef3be6ab,2022-07-31,Motor-cycles,motorcycles,Petrol,141859,141859,reported_numeric
25c9a68a5ab066abae1f07f8534cfcbdb2fd55ba30af65c39bba379aef3be6ab,2022-07-31,Taxis,taxis,CNG,0,0,reported_numeric
25c9a68a5ab066abae1f07f8534cfcbdb2fd55ba30af65c39bba379aef3be6ab,2022-07-31,Taxis,taxis,Diesel,4248,4248,reported_numeric
25c9a68a5ab066abae1f07f8534cfcbdb2fd55ba30af65c39bba379aef3be6ab,2022-07-31,Taxis,taxis,Electric,354,354,reported_numeric
25c9a68a5ab066abae1f07f8534cfcbdb2fd55ba30af65c39bba379aef3be6ab,2022-07-31,Taxis,taxis,Petrol,13,13,reported_numeric
25c9a68a5ab066abae1f07f8534cfcbdb2fd55ba30af65c39bba379aef3be6ab,2022-07-31,Taxis,taxis,Petrol-CNG,0,0,reported_numeric
25c9a68a5ab066abae1f07f8534cfcbdb2fd55ba30af65c39bba379aef3be6ab,2022-07-31,Taxis,taxis,Petrol-Electric,9701,9701,reported_numeric
25c9a68a5ab066abae1f07f8534cfcbdb2fd55ba30af65c39bba379aef3be6ab,2022-08-31,Buses,buses,CNG,0,0,reported_numeric
25c9a68a5ab066abae1f07f8534cfcbdb2fd55ba30af65c39bba379aef3be6ab,2022-08-31,Buses,buses,Diesel,17729,17729,reported_numeric
25c9a68a5ab066abae1f07f8534cfcbdb2fd55ba30af65c39bba379aef3be6ab,2022-08-31,Buses,buses,Diesel-Electric,50,50,reported_numeric
25c9a68a5ab066abae1f07f8534cfcbdb2fd55ba30af65c39bba379aef3be6ab,2022-08-31,Buses,buses,Electric,85,85,reported_numeric
25c9a68a5ab066abae1f07f8534cfcbdb2fd55ba30af65c39bba379aef3be6ab,2022-08-31,Buses,buses,Petrol,78,78,reported_numeric
25c9a68a5ab066abae1f07f8534cfcbdb2fd55ba30af65c39bba379aef3be6ab,2022-08-31,Buses,buses,Petrol-CNG,0,0,reported_numeric
25c9a68a5ab066abae1f07f8534cfcbdb2fd55ba30af65c39bba379aef3be6ab,2022-08-31,Cars,cars,CNG,0,0,reported_numeric
25c9a68a5ab066abae1f07f8534cfcbdb2fd55ba30af65c39bba379aef3be6ab,2022-08-31,Cars,cars,Diesel,18305,18305,reported_numeric
25c9a68a5ab066abae1f07f8534cfcbdb2fd55ba30af65c39bba379aef3be6ab,2022-08-31,Cars,cars,Diesel-Electric,20,20,reported_numeric
25c9a68a5ab066abae1f07f8534cfcbdb2fd55ba30af65c39bba379aef3be6ab,2022-08-31,Cars,cars,Electric,4990,4990,reported_numeric
25c9a68a5ab066abae1f07f8534cfcbdb2fd55ba30af65c39bba379aef3be6ab,2022-08-31,Cars,cars,Petrol,562269,562269,reported_numeric
25c9a68a5ab066abae1f07f8534cfcbdb2fd55ba30af65c39bba379aef3be6ab,2022-08-31,Cars,cars,Petrol-CNG,151,151,reported_numeric
25c9a68a5ab066abae1f07f8534cfcbdb2fd55ba30af65c39bba379aef3be6ab,2022-08-31,Cars,cars,Petrol-Electric,62394,62394,reported_numeric
25c9a68a5ab066abae1f07f8534cfcbdb2fd55ba30af65c39bba379aef3be6ab,2022-08-31,Cars,cars,Petrol-Electric (Plug-In),1036,1036,reported_numeric
25c9a68a5ab066abae1f07f8534cfcbdb2fd55ba30af65c39bba379aef3be6ab,2022-08-31,Goods & Other Vehicles,goods_and_other_vehicles,CNG,1,1,reported_numeric
25c9a68a5ab066abae1f07f8534cfcbdb2fd55ba30af65c39bba379aef3be6ab,2022-08-31,Goods & Other Vehicles,goods_and_other_vehicles,Diesel,132703,132703,reported_numeric
25c9a68a5ab066abae1f07f8534cfcbdb2fd55ba30af65c39bba379aef3be6ab,2022-08-31,Goods & Other Vehicles,goods_and_other_vehicles,Diesel-Electric,15,15,reported_numeric
25c9a68a5ab066abae1f07f8534cfcbdb2fd55ba30af65c39bba379aef3be6ab,2022-08-31,Goods & Other Vehicles,goods_and_other_vehicles,Electric,1178,1178,reported_numeric
25c9a68a5ab066abae1f07f8534cfcbdb2fd55ba30af65c39bba379aef3be6ab,2022-08-31,Goods & Other Vehicles,goods_and_other_vehicles,Petrol,10604,10604,reported_numeric
25c9a68a5ab066abae1f07f8534cfcbdb2fd55ba30af65c39bba379aef3be6ab,2022-08-31,Goods & Other Vehicles,goods_and_other_vehicles,Petrol-CNG,0,0,reported_numeric
25c9a68a5ab066abae1f07f8534cfcbdb2fd55ba30af65c39bba379aef3be6ab,2022-08-31,Goods & Other Vehicles,goods_and_other_vehicles,Petrol-Electric,2,2,reported_numeric
25c9a68a5ab066abae1f07f8534cfcbdb2fd55ba30af65c39bba379aef3be6ab,2022-08-31,Motor-cycles,motorcycles,Electric,108,108,reported_numeric
25c9a68a5ab066abae1f07f8534cfcbdb2fd55ba30af65c39bba379aef3be6ab,2022-08-31,Motor-cycles,motorcycles,Petrol,142088,142088,reported_numeric
25c9a68a5ab066abae1f07f8534cfcbdb2fd55ba30af65c39bba379aef3be6ab,2022-08-31,Taxis,taxis,CNG,0,0,reported_numeric
25c9a68a5ab066abae1f07f8534cfcbdb2fd55ba30af65c39bba379aef3be6ab,2022-08-31,Taxis,taxis,Diesel,4174,4174,reported_numeric
25c9a68a5ab066abae1f07f8534cfcbdb2fd55ba30af65c39bba379aef3be6ab,2022-08-31,Taxis,taxis,Electric,404,404,reported_numeric
25c9a68a5ab066abae1f07f8534cfcbdb2fd55ba30af65c39bba379aef3be6ab,2022-08-31,Taxis,taxis,Petrol,13,13,reported_numeric
25c9a68a5ab066abae1f07f8534cfcbdb2fd55ba30af65c39bba379aef3be6ab,2022-08-31,Taxis,taxis,Petrol-CNG,0,0,reported_numeric
25c9a68a5ab066abae1f07f8534cfcbdb2fd55ba30af65c39bba379aef3be6ab,2022-08-31,Taxis,taxis,Petrol-Electric,9722,9722,reported_numeric
25c9a68a5ab066abae1f07f8534cfcbdb2fd55ba30af65c39bba379aef3be6ab,2022-09-30,Buses,buses,CNG,0,0,reported_numeric
25c9a68a5ab066abae1f07f8534cfcbdb2fd55ba30af65c39bba379aef3be6ab,2022-09-30,Buses,buses,Diesel,17685,17685,reported_numeric
25c9a68a5ab066abae1f07f8534cfcbdb2fd55ba30af65c39bba379aef3be6ab,2022-09-30,Buses,buses,Diesel-Electric,50,50,reported_numeric
25c9a68a5ab066abae1f07f8534cfcbdb2fd55ba30af65c39bba379aef3be6ab,2022-09-30,Buses,buses,Electric,90,90,reported_numeric
25c9a68a5ab066abae1f07f8534cfcbdb2fd55ba30af65c39bba379aef3be6ab,2022-09-30,Buses,buses,Petrol,82,82,reported_numeric
25c9a68a5ab066abae1f07f8534cfcbdb2fd55ba30af65c39bba379aef3be6ab,2022-09-30,Buses,buses,Petrol-CNG,0,0,reported_numeric
25c9a68a5ab066abae1f07f8534cfcbdb2fd55ba30af65c39bba379aef3be6ab,2022-09-30,Cars,cars,CNG,0,0,reported_numeric
25c9a68a5ab066abae1f07f8534cfcbdb2fd55ba30af65c39bba379aef3be6ab,2022-09-30,Cars,cars,Diesel,18286,18286,reported_numeric
25c9a68a5ab066abae1f07f8534cfcbdb2fd55ba30af65c39bba379aef3be6ab,2022-09-30,Cars,cars,Diesel-Electric,20,20,reported_numeric
25c9a68a5ab066abae1f07f8534cfcbdb2fd55ba30af65c39bba379aef3be6ab,2022-09-30,Cars,cars,Electric,5421,5421,reported_numeric
25c9a68a5ab066abae1f07f8534cfcbdb2fd55ba30af65c39bba379aef3be6ab,2022-09-30,Cars,cars,Petrol,561506,561506,reported_numeric
25c9a68a5ab066abae1f07f8534cfcbdb2fd55ba30af65c39bba379aef3be6ab,2022-09-30,Cars,cars,Petrol-CNG,149,149,reported_numeric
25c9a68a5ab066abae1f07f8534cfcbdb2fd55ba30af65c39bba379aef3be6ab,2022-09-30,Cars,cars,Petrol-Electric,63131,63131,reported_numeric
25c9a68a5ab066abae1f07f8534cfcbdb2fd55ba30af65c39bba379aef3be6ab,2022-09-30,Cars,cars,Petrol-Electric (Plug-In),1045,1045,reported_numeric
25c9a68a5ab066abae1f07f8534cfcbdb2fd55ba30af65c39bba379aef3be6ab,2022-09-30,Goods & Other Vehicles,goods_and_other_vehicles,CNG,1,1,reported_numeric
25c9a68a5ab066abae1f07f8534cfcbdb2fd55ba30af65c39bba379aef3be6ab,2022-09-30,Goods & Other Vehicles,goods_and_other_vehicles,Diesel,132432,132432,reported_numeric
25c9a68a5ab066abae1f07f8534cfcbdb2fd55ba30af65c39bba379aef3be6ab,2022-09-30,Goods & Other Vehicles,goods_and_other_vehicles,Diesel-Electric,16,16,reported_numeric
25c9a68a5ab066abae1f07f8534cfcbdb2fd55ba30af65c39bba379aef3be6ab,2022-09-30,Goods & Other Vehicles,goods_and_other_vehicles,Electric,1340,1340,reported_numeric
25c9a68a5ab066abae1f07f8534cfcbdb2fd55ba30af65c39bba379aef3be6ab,2022-09-30,Goods & Other Vehicles,goods_and_other_vehicles,Petrol,10864,10864,reported_numeric
25c9a68a5ab066abae1f07f8534cfcbdb2fd55ba30af65c39bba379aef3be6ab,2022-09-30,Goods & Other Vehicles,goods_and_other_vehicles,Petrol-CNG,0,0,reported_numeric
25c9a68a5ab066abae1f07f8534cfcbdb2fd55ba30af65c39bba379aef3be6ab,2022-09-30,Goods & Other Vehicles,goods_and_other_vehicles,Petrol-Electric,2,2,reported_numeric
25c9a68a5ab066abae1f07f8534cfcbdb2fd55ba30af65c39bba379aef3be6ab,2022-09-30,Motor-cycles,motorcycles,Electric,109,109,reported_numeric
25c9a68a5ab066abae1f07f8534cfcbdb2fd55ba30af65c39bba379aef3be6ab,2022-09-30,Motor-cycles,motorcycles,Petrol,142190,142190,reported_numeric
25c9a68a5ab066abae1f07f8534cfcbdb2fd55ba30af65c39bba379aef3be6ab,2022-09-30,Taxis,taxis,CNG,0,0,reported_numeric
25c9a68a5ab066abae1f07f8534cfcbdb2fd55ba30af65c39bba379aef3be6ab,2022-09-30,Taxis,taxis,Diesel,4129,4129,reported_numeric
25c9a68a5ab066abae1f07f8534cfcbdb2fd55ba30af65c39bba379aef3be6ab,2022-09-30,Taxis,taxis,Electric,404,404,reported_numeric
25c9a68a5ab066abae1f07f8534cfcbdb2fd55ba30af65c39bba379aef3be6ab,2022-09-30,Taxis,taxis,Petrol,12,12,reported_numeric
25c9a68a5ab066abae1f07f8534cfcbdb2fd55ba30af65c39bba379aef3be6ab,2022-09-30,Taxis,taxis,Petrol-CNG,0,0,reported_numeric
25c9a68a5ab066abae1f07f8534cfcbdb2fd55ba30af65c39bba379aef3be6ab,2022-09-30,Taxis,taxis,Petrol-Electric,9679,9679,reported_numeric
25c9a68a5ab066abae1f07f8534cfcbdb2fd55ba30af65c39bba379aef3be6ab,2022-10-31,Buses,buses,CNG,0,0,reported_numeric
25c9a68a5ab066abae1f07f8534cfcbdb2fd55ba30af65c39bba379aef3be6ab,2022-10-31,Buses,buses,Diesel,17661,17661,reported_numeric
25c9a68a5ab066abae1f07f8534cfcbdb2fd55ba30af65c39bba379aef3be6ab,2022-10-31,Buses,buses,Diesel-Electric,50,50,reported_numeric
25c9a68a5ab066abae1f07f8534cfcbdb2fd55ba30af65c39bba379aef3be6ab,2022-10-31,Buses,buses,Electric,101,101,reported_numeric
25c9a68a5ab066abae1f07f8534cfcbdb2fd55ba30af65c39bba379aef3be6ab,2022-10-31,Buses,buses,Petrol,85,85,reported_numeric
25c9a68a5ab066abae1f07f8534cfcbdb2fd55ba30af65c39bba379aef3be6ab,2022-10-31,Buses,buses,Petrol-CNG,0,0,reported_numeric
25c9a68a5ab066abae1f07f8534cfcbdb2fd55ba30af65c39bba379aef3be6ab,2022-10-31,Cars,cars,CNG,0,0,reported_numeric
25c9a68a5ab066abae1f07f8534cfcbdb2fd55ba30af65c39bba379aef3be6ab,2022-10-31,Cars,cars,Diesel,18272,18272,reported_numeric
25c9a68a5ab066abae1f07f8534cfcbdb2fd55ba30af65c39bba379aef3be6ab,2022-10-31,Cars,cars,Diesel-Electric,20,20,reported_numeric
25c9a68a5ab066abae1f07f8534cfcbdb2fd55ba30af65c39bba379aef3be6ab,2022-10-31,Cars,cars,Diesel-Electric (Plug-In),1,1,reported_numeric
25c9a68a5ab066abae1f07f8534cfcbdb2fd55ba30af65c39bba379aef3be6ab,2022-10-31,Cars,cars,Electric,5779,5779,reported_numeric
25c9a68a5ab066abae1f07f8534cfcbdb2fd55ba30af65c39bba379aef3be6ab,2022-10-31,Cars,cars,Petrol,560683,560683,reported_numeric
25c9a68a5ab066abae1f07f8534cfcbdb2fd55ba30af65c39bba379aef3be6ab,2022-10-31,Cars,cars,Petrol-CNG,146,146,reported_numeric
25c9a68a5ab066abae1f07f8534cfcbdb2fd55ba30af65c39bba379aef3be6ab,2022-10-31,Cars,cars,Petrol-Electric,64101,64101,reported_numeric
25c9a68a5ab066abae1f07f8534cfcbdb2fd55ba30af65c39bba379aef3be6ab,2022-10-31,Cars,cars,Petrol-Electric (Plug-In),1066,1066,reported_numeric
25c9a68a5ab066abae1f07f8534cfcbdb2fd55ba30af65c39bba379aef3be6ab,2022-10-31,Goods & Other Vehicles,goods_and_other_vehicles,CNG,1,1,reported_numeric
25c9a68a5ab066abae1f07f8534cfcbdb2fd55ba30af65c39bba379aef3be6ab,2022-10-31,Goods & Other Vehicles,goods_and_other_vehicles,Diesel,132190,132190,reported_numeric
25c9a68a5ab066abae1f07f8534cfcbdb2fd55ba30af65c39bba379aef3be6ab,2022-10-31,Goods & Other Vehicles,goods_and_other_vehicles,Diesel-Electric,16,16,reported_numeric
25c9a68a5ab066abae1f07f8534cfcbdb2fd55ba30af65c39bba379aef3be6ab,2022-10-31,Goods & Other Vehicles,goods_and_other_vehicles,Electric,1429,1429,reported_numeric
25c9a68a5ab066abae1f07f8534cfcbdb2fd55ba30af65c39bba379aef3be6ab,2022-10-31,Goods & Other Vehicles,goods_and_other_vehicles,Petrol,11090,11090,reported_numeric
25c9a68a5ab066abae1f07f8534cfcbdb2fd55ba30af65c39bba379aef3be6ab,2022-10-31,Goods & Other Vehicles,goods_and_other_vehicles,Petrol-CNG,0,0,reported_numeric
25c9a68a5ab066abae1f07f8534cfcbdb2fd55ba30af65c39bba379aef3be6ab,2022-10-31,Goods & Other Vehicles,goods_and_other_vehicles,Petrol-Electric,2,2,reported_numeric
25c9a68a5ab066abae1f07f8534cfcbdb2fd55ba30af65c39bba379aef3be6ab,2022-10-31,Motor-cycles,motorcycles,Electric,110,110,reported_numeric
25c9a68a5ab066abae1f07f8534cfcbdb2fd55ba30af65c39bba379aef3be6ab,2022-10-31,Motor-cycles,motorcycles,Petrol,142295,142295,reported_numeric
25c9a68a5ab066abae1f07f8534cfcbdb2fd55ba30af65c39bba379aef3be6ab,2022-10-31,Taxis,taxis,CNG,0,0,reported_numeric
25c9a68a5ab066abae1f07f8534cfcbdb2fd55ba30af65c39bba379aef3be6ab,2022-10-31,Taxis,taxis,Diesel,4100,4100,reported_numeric
25c9a68a5ab066abae1f07f8534cfcbdb2fd55ba30af65c39bba379aef3be6ab,2022-10-31,Taxis,taxis,Electric,404,404,reported_numeric
25c9a68a5ab066abae1f07f8534cfcbdb2fd55ba30af65c39bba379aef3be6ab,2022-10-31,Taxis,taxis,Petrol,12,12,reported_numeric
25c9a68a5ab066abae1f07f8534cfcbdb2fd55ba30af65c39bba379aef3be6ab,2022-10-31,Taxis,taxis,Petrol-CNG,0,0,reported_numeric
25c9a68a5ab066abae1f07f8534cfcbdb2fd55ba30af65c39bba379aef3be6ab,2022-10-31,Taxis,taxis,Petrol-Electric,9660,9660,reported_numeric
25c9a68a5ab066abae1f07f8534cfcbdb2fd55ba30af65c39bba379aef3be6ab,2022-11-30,Buses,buses,CNG,0,0,reported_numeric
25c9a68a5ab066abae1f07f8534cfcbdb2fd55ba30af65c39bba379aef3be6ab,2022-11-30,Buses,buses,Diesel,17609,17609,reported_numeric
25c9a68a5ab066abae1f07f8534cfcbdb2fd55ba30af65c39bba379aef3be6ab,2022-11-30,Buses,buses,Diesel-Electric,50,50,reported_numeric
25c9a68a5ab066abae1f07f8534cfcbdb2fd55ba30af65c39bba379aef3be6ab,2022-11-30,Buses,buses,Electric,113,113,reported_numeric
25c9a68a5ab066abae1f07f8534cfcbdb2fd55ba30af65c39bba379aef3be6ab,2022-11-30,Buses,buses,Petrol,90,90,reported_numeric
25c9a68a5ab066abae1f07f8534cfcbdb2fd55ba30af65c39bba379aef3be6ab,2022-11-30,Buses,buses,Petrol-CNG,0,0,reported_numeric
25c9a68a5ab066abae1f07f8534cfcbdb2fd55ba30af65c39bba379aef3be6ab,2022-11-30,Cars,cars,CNG,0,0,reported_numeric
25c9a68a5ab066abae1f07f8534cfcbdb2fd55ba30af65c39bba379aef3be6ab,2022-11-30,Cars,cars,Diesel,18260,18260,reported_numeric
25c9a68a5ab066abae1f07f8534cfcbdb2fd55ba30af65c39bba379aef3be6ab,2022-11-30,Cars,cars,Diesel-Electric,20,20,reported_numeric
25c9a68a5ab066abae1f07f8534cfcbdb2fd55ba30af65c39bba379aef3be6ab,2022-11-30,Cars,cars,Diesel-Electric (Plug-In),1,1,reported_numeric
25c9a68a5ab066abae1f07f8534cfcbdb2fd55ba30af65c39bba379aef3be6ab,2022-11-30,Cars,cars,Electric,6124,6124,reported_numeric
25c9a68a5ab066abae1f07f8534cfcbdb2fd55ba30af65c39bba379aef3be6ab,2022-11-30,Cars,cars,Petrol,559293,559293,reported_numeric
25c9a68a5ab066abae1f07f8534cfcbdb2fd55ba30af65c39bba379aef3be6ab,2022-11-30,Cars,cars,Petrol-CNG,145,145,reported_numeric
25c9a68a5ab066abae1f07f8534cfcbdb2fd55ba30af65c39bba379aef3be6ab,2022-11-30,Cars,cars,Petrol-Electric,64989,64989,reported_numeric
25c9a68a5ab066abae1f07f8534cfcbdb2fd55ba30af65c39bba379aef3be6ab,2022-11-30,Cars,cars,Petrol-Electric (Plug-In),1087,1087,reported_numeric
25c9a68a5ab066abae1f07f8534cfcbdb2fd55ba30af65c39bba379aef3be6ab,2022-11-30,Goods & Other Vehicles,goods_and_other_vehicles,CNG,1,1,reported_numeric
25c9a68a5ab066abae1f07f8534cfcbdb2fd55ba30af65c39bba379aef3be6ab,2022-11-30,Goods & Other Vehicles,goods_and_other_vehicles,Diesel,131863,131863,reported_numeric
25c9a68a5ab066abae1f07f8534cfcbdb2fd55ba30af65c39bba379aef3be6ab,2022-11-30,Goods & Other Vehicles,goods_and_other_vehicles,Diesel-Electric,17,17,reported_numeric
25c9a68a5ab066abae1f07f8534cfcbdb2fd55ba30af65c39bba379aef3be6ab,2022-11-30,Goods & Other Vehicles,goods_and_other_vehicles,Electric,1670,1670,reported_numeric
25c9a68a5ab066abae1f07f8534cfcbdb2fd55ba30af65c39bba379aef3be6ab,2022-11-30,Goods & Other Vehicles,goods_and_other_vehicles,Petrol,11298,11298,reported_numeric
25c9a68a5ab066abae1f07f8534cfcbdb2fd55ba30af65c39bba379aef3be6ab,2022-11-30,Goods & Other Vehicles,goods_and_other_vehicles,Petrol-CNG,0,0,reported_numeric
25c9a68a5ab066abae1f07f8534cfcbdb2fd55ba30af65c39bba379aef3be6ab,2022-11-30,Goods & Other Vehicles,goods_and_other_vehicles,Petrol-Electric,2,2,reported_numeric
25c9a68a5ab066abae1f07f8534cfcbdb2fd55ba30af65c39bba379aef3be6ab,2022-11-30,Motor-cycles,motorcycles,Electric,112,112,reported_numeric
25c9a68a5ab066abae1f07f8534cfcbdb2fd55ba30af65c39bba379aef3be6ab,2022-11-30,Motor-cycles,motorcycles,Petrol,142308,142308,reported_numeric
25c9a68a5ab066abae1f07f8534cfcbdb2fd55ba30af65c39bba379aef3be6ab,2022-11-30,Taxis,taxis,CNG,0,0,reported_numeric
25c9a68a5ab066abae1f07f8534cfcbdb2fd55ba30af65c39bba379aef3be6ab,2022-11-30,Taxis,taxis,Diesel,4080,4080,reported_numeric
25c9a68a5ab066abae1f07f8534cfcbdb2fd55ba30af65c39bba379aef3be6ab,2022-11-30,Taxis,taxis,Electric,403,403,reported_numeric
25c9a68a5ab066abae1f07f8534cfcbdb2fd55ba30af65c39bba379aef3be6ab,2022-11-30,Taxis,taxis,Petrol,12,12,reported_numeric
25c9a68a5ab066abae1f07f8534cfcbdb2fd55ba30af65c39bba379aef3be6ab,2022-11-30,Taxis,taxis,Petrol-CNG,0,0,reported_numeric
25c9a68a5ab066abae1f07f8534cfcbdb2fd55ba30af65c39bba379aef3be6ab,2022-11-30,Taxis,taxis,Petrol-Electric,9651,9651,reported_numeric
25c9a68a5ab066abae1f07f8534cfcbdb2fd55ba30af65c39bba379aef3be6ab,2022-12-31,Buses,buses,CNG,0,0,reported_numeric
25c9a68a5ab066abae1f07f8534cfcbdb2fd55ba30af65c39bba379aef3be6ab,2022-12-31,Buses,buses,Diesel,17538,17538,reported_numeric
25c9a68a5ab066abae1f07f8534cfcbdb2fd55ba30af65c39bba379aef3be6ab,2022-12-31,Buses,buses,Diesel-Electric,50,50,reported_numeric
25c9a68a5ab066abae1f07f8534cfcbdb2fd55ba30af65c39bba379aef3be6ab,2022-12-31,Buses,buses,Electric,151,151,reported_numeric
25c9a68a5ab066abae1f07f8534cfcbdb2fd55ba30af65c39bba379aef3be6ab,2022-12-31,Buses,buses,Petrol,97,97,reported_numeric
25c9a68a5ab066abae1f07f8534cfcbdb2fd55ba30af65c39bba379aef3be6ab,2022-12-31,Buses,buses,Petrol-CNG,0,0,reported_numeric
25c9a68a5ab066abae1f07f8534cfcbdb2fd55ba30af65c39bba379aef3be6ab,2022-12-31,Cars,cars,CNG,0,0,reported_numeric
25c9a68a5ab066abae1f07f8534cfcbdb2fd55ba30af65c39bba379aef3be6ab,2022-12-31,Cars,cars,Diesel,18261,18261,reported_numeric
25c9a68a5ab066abae1f07f8534cfcbdb2fd55ba30af65c39bba379aef3be6ab,2022-12-31,Cars,cars,Diesel-Electric,19,19,reported_numeric
25c9a68a5ab066abae1f07f8534cfcbdb2fd55ba30af65c39bba379aef3be6ab,2022-12-31,Cars,cars,Diesel-Electric (Plug-In),1,1,reported_numeric
25c9a68a5ab066abae1f07f8534cfcbdb2fd55ba30af65c39bba379aef3be6ab,2022-12-31,Cars,cars,Electric,6531,6531,reported_numeric
25c9a68a5ab066abae1f07f8534cfcbdb2fd55ba30af65c39bba379aef3be6ab,2022-12-31,Cars,cars,Petrol,558729,558729,reported_numeric
25c9a68a5ab066abae1f07f8534cfcbdb2fd55ba30af65c39bba379aef3be6ab,2022-12-31,Cars,cars,Petrol-CNG,143,143,reported_numeric
25c9a68a5ab066abae1f07f8534cfcbdb2fd55ba30af65c39bba379aef3be6ab,2022-12-31,Cars,cars,Petrol-Electric,65882,65882,reported_numeric
25c9a68a5ab066abae1f07f8534cfcbdb2fd55ba30af65c39bba379aef3be6ab,2022-12-31,Cars,cars,Petrol-Electric (Plug-In),1101,1101,reported_numeric
25c9a68a5ab066abae1f07f8534cfcbdb2fd55ba30af65c39bba379aef3be6ab,2022-12-31,Goods & Other Vehicles,goods_and_other_vehicles,CNG,1,1,reported_numeric
25c9a68a5ab066abae1f07f8534cfcbdb2fd55ba30af65c39bba379aef3be6ab,2022-12-31,Goods & Other Vehicles,goods_and_other_vehicles,Diesel,131623,131623,reported_numeric
25c9a68a5ab066abae1f07f8534cfcbdb2fd55ba30af65c39bba379aef3be6ab,2022-12-31,Goods & Other Vehicles,goods_and_other_vehicles,Diesel-Electric,17,17,reported_numeric
25c9a68a5ab066abae1f07f8534cfcbdb2fd55ba30af65c39bba379aef3be6ab,2022-12-31,Goods & Other Vehicles,goods_and_other_vehicles,Electric,1894,1894,reported_numeric
25c9a68a5ab066abae1f07f8534cfcbdb2fd55ba30af65c39bba379aef3be6ab,2022-12-31,Goods & Other Vehicles,goods_and_other_vehicles,Petrol,11447,11447,reported_numeric
25c9a68a5ab066abae1f07f8534cfcbdb2fd55ba30af65c39bba379aef3be6ab,2022-12-31,Goods & Other Vehicles,goods_and_other_vehicles,Petrol-CNG,0,0,reported_numeric
25c9a68a5ab066abae1f07f8534cfcbdb2fd55ba30af65c39bba379aef3be6ab,2022-12-31,Goods & Other Vehicles,goods_and_other_vehicles,Petrol-Electric,2,2,reported_numeric
25c9a68a5ab066abae1f07f8534cfcbdb2fd55ba30af65c39bba379aef3be6ab,2022-12-31,Motor-cycles,motorcycles,Electric,115,115,reported_numeric
25c9a68a5ab066abae1f07f8534cfcbdb2fd55ba30af65c39bba379aef3be6ab,2022-12-31,Motor-cycles,motorcycles,Petrol,142338,142338,reported_numeric
25c9a68a5ab066abae1f07f8534cfcbdb2fd55ba30af65c39bba379aef3be6ab,2022-12-31,Taxis,taxis,CNG,0,0,reported_numeric
25c9a68a5ab066abae1f07f8534cfcbdb2fd55ba30af65c39bba379aef3be6ab,2022-12-31,Taxis,taxis,Diesel,4012,4012,reported_numeric
25c9a68a5ab066abae1f07f8534cfcbdb2fd55ba30af65c39bba379aef3be6ab,2022-12-31,Taxis,taxis,Electric,402,402,reported_numeric
25c9a68a5ab066abae1f07f8534cfcbdb2fd55ba30af65c39bba379aef3be6ab,2022-12-31,Taxis,taxis,Petrol,9,9,reported_numeric
25c9a68a5ab066abae1f07f8534cfcbdb2fd55ba30af65c39bba379aef3be6ab,2022-12-31,Taxis,taxis,Petrol-CNG,0,0,reported_numeric
25c9a68a5ab066abae1f07f8534cfcbdb2fd55ba30af65c39bba379aef3be6ab,2022-12-31,Taxis,taxis,Petrol-Electric,9661,9661,reported_numeric
25c9a68a5ab066abae1f07f8534cfcbdb2fd55ba30af65c39bba379aef3be6ab,2023-01-31,Buses,buses,CNG,0,0,reported_numeric
25c9a68a5ab066abae1f07f8534cfcbdb2fd55ba30af65c39bba379aef3be6ab,2023-01-31,Buses,buses,Diesel,17507,17507,reported_numeric
25c9a68a5ab066abae1f07f8534cfcbdb2fd55ba30af65c39bba379aef3be6ab,2023-01-31,Buses,buses,Diesel-Electric,50,50,reported_numeric
25c9a68a5ab066abae1f07f8534cfcbdb2fd55ba30af65c39bba379aef3be6ab,2023-01-31,Buses,buses,Electric,156,156,reported_numeric
25c9a68a5ab066abae1f07f8534cfcbdb2fd55ba30af65c39bba379aef3be6ab,2023-01-31,Buses,buses,Petrol,106,106,reported_numeric
25c9a68a5ab066abae1f07f8534cfcbdb2fd55ba30af65c39bba379aef3be6ab,2023-01-31,Buses,buses,Petrol-CNG,0,0,reported_numeric
25c9a68a5ab066abae1f07f8534cfcbdb2fd55ba30af65c39bba379aef3be6ab,2023-01-31,Cars,cars,CNG,0,0,reported_numeric
25c9a68a5ab066abae1f07f8534cfcbdb2fd55ba30af65c39bba379aef3be6ab,2023-01-31,Cars,cars,Diesel,18241,18241,reported_numeric
25c9a68a5ab066abae1f07f8534cfcbdb2fd55ba30af65c39bba379aef3be6ab,2023-01-31,Cars,cars,Diesel-Electric,19,19,reported_numeric
25c9a68a5ab066abae1f07f8534cfcbdb2fd55ba30af65c39bba379aef3be6ab,2023-01-31,Cars,cars,Diesel-Electric (Plug-In),1,1,reported_numeric
25c9a68a5ab066abae1f07f8534cfcbdb2fd55ba30af65c39bba379aef3be6ab,2023-01-31,Cars,cars,Electric,6809,6809,reported_numeric
25c9a68a5ab066abae1f07f8534cfcbdb2fd55ba30af65c39bba379aef3be6ab,2023-01-31,Cars,cars,Petrol,558067,558067,reported_numeric
25c9a68a5ab066abae1f07f8534cfcbdb2fd55ba30af65c39bba379aef3be6ab,2023-01-31,Cars,cars,Petrol-CNG,143,143,reported_numeric
25c9a68a5ab066abae1f07f8534cfcbdb2fd55ba30af65c39bba379aef3be6ab,2023-01-31,Cars,cars,Petrol-Electric,66639,66639,reported_numeric
25c9a68a5ab066abae1f07f8534cfcbdb2fd55ba30af65c39bba379aef3be6ab,2023-01-31,Cars,cars,Petrol-Electric (Plug-In),1111,1111,reported_numeric
25c9a68a5ab066abae1f07f8534cfcbdb2fd55ba30af65c39bba379aef3be6ab,2023-01-31,Goods & Other Vehicles,goods_and_other_vehicles,CNG,1,1,reported_numeric
25c9a68a5ab066abae1f07f8534cfcbdb2fd55ba30af65c39bba379aef3be6ab,2023-01-31,Goods & Other Vehicles,goods_and_other_vehicles,Diesel,131457,131457,reported_numeric
25c9a68a5ab066abae1f07f8534cfcbdb2fd55ba30af65c39bba379aef3be6ab,2023-01-31,Goods & Other Vehicles,goods_and_other_vehicles,Diesel-Electric,17,17,reported_numeric
25c9a68a5ab066abae1f07f8534cfcbdb2fd55ba30af65c39bba379aef3be6ab,2023-01-31,Goods & Other Vehicles,goods_and_other_vehicles,Electric,1987,1987,reported_numeric
25c9a68a5ab066abae1f07f8534cfcbdb2fd55ba30af65c39bba379aef3be6ab,2023-01-31,Goods & Other Vehicles,goods_and_other_vehicles,Petrol,11535,11535,reported_numeric
25c9a68a5ab066abae1f07f8534cfcbdb2fd55ba30af65c39bba379aef3be6ab,2023-01-31,Goods & Other Vehicles,goods_and_other_vehicles,Petrol-CNG,0,0,reported_numeric
25c9a68a5ab066abae1f07f8534cfcbdb2fd55ba30af65c39bba379aef3be6ab,2023-01-31,Goods & Other Vehicles,goods_and_other_vehicles,Petrol-Electric,3,3,reported_numeric
25c9a68a5ab066abae1f07f8534cfcbdb2fd55ba30af65c39bba379aef3be6ab,2023-01-31,Motor-cycles,motorcycles,Electric,117,117,reported_numeric
25c9a68a5ab066abae1f07f8534cfcbdb2fd55ba30af65c39bba379aef3be6ab,2023-01-31,Motor-cycles,motorcycles,Petrol,142126,142126,reported_numeric
25c9a68a5ab066abae1f07f8534cfcbdb2fd55ba30af65c39bba379aef3be6ab,2023-01-31,Taxis,taxis,CNG,0,0,reported_numeric
25c9a68a5ab066abae1f07f8534cfcbdb2fd55ba30af65c39bba379aef3be6ab,2023-01-31,Taxis,taxis,Diesel,3969,3969,reported_numeric
25c9a68a5ab066abae1f07f8534cfcbdb2fd55ba30af65c39bba379aef3be6ab,2023-01-31,Taxis,taxis,Electric,402,402,reported_numeric
25c9a68a5ab066abae1f07f8534cfcbdb2fd55ba30af65c39bba379aef3be6ab,2023-01-31,Taxis,taxis,Petrol,7,7,reported_numeric
25c9a68a5ab066abae1f07f8534cfcbdb2fd55ba30af65c39bba379aef3be6ab,2023-01-31,Taxis,taxis,Petrol-CNG,0,0,reported_numeric
25c9a68a5ab066abae1f07f8534cfcbdb2fd55ba30af65c39bba379aef3be6ab,2023-01-31,Taxis,taxis,Petrol-Electric,9638,9638,reported_numeric
25c9a68a5ab066abae1f07f8534cfcbdb2fd55ba30af65c39bba379aef3be6ab,2023-02-28,Buses,buses,CNG,0,0,reported_numeric
25c9a68a5ab066abae1f07f8534cfcbdb2fd55ba30af65c39bba379aef3be6ab,2023-02-28,Buses,buses,Diesel,17450,17450,reported_numeric
25c9a68a5ab066abae1f07f8534cfcbdb2fd55ba30af65c39bba379aef3be6ab,2023-02-28,Buses,buses,Diesel-Electric,50,50,reported_numeric
25c9a68a5ab066abae1f07f8534cfcbdb2fd55ba30af65c39bba379aef3be6ab,2023-02-28,Buses,buses,Electric,160,160,reported_numeric
25c9a68a5ab066abae1f07f8534cfcbdb2fd55ba30af65c39bba379aef3be6ab,2023-02-28,Buses,buses,Petrol,113,113,reported_numeric
25c9a68a5ab066abae1f07f8534cfcbdb2fd55ba30af65c39bba379aef3be6ab,2023-02-28,Buses,buses,Petrol-CNG,0,0,reported_numeric
25c9a68a5ab066abae1f07f8534cfcbdb2fd55ba30af65c39bba379aef3be6ab,2023-02-28,Cars,cars,CNG,0,0,reported_numeric
25c9a68a5ab066abae1f07f8534cfcbdb2fd55ba30af65c39bba379aef3be6ab,2023-02-28,Cars,cars,Diesel,18259,18259,reported_numeric
25c9a68a5ab066abae1f07f8534cfcbdb2fd55ba30af65c39bba379aef3be6ab,2023-02-28,Cars,cars,Diesel-Electric,19,19,reported_numeric
25c9a68a5ab066abae1f07f8534cfcbdb2fd55ba30af65c39bba379aef3be6ab,2023-02-28,Cars,cars,Diesel-Electric (Plug-In),1,1,reported_numeric
25c9a68a5ab066abae1f07f8534cfcbdb2fd55ba30af65c39bba379aef3be6ab,2023-02-28,Cars,cars,Electric,7048,7048,reported_numeric
25c9a68a5ab066abae1f07f8534cfcbdb2fd55ba30af65c39bba379aef3be6ab,2023-02-28,Cars,cars,Petrol,557447,557447,reported_numeric
25c9a68a5ab066abae1f07f8534cfcbdb2fd55ba30af65c39bba379aef3be6ab,2023-02-28,Cars,cars,Petrol-CNG,139,139,reported_numeric
25c9a68a5ab066abae1f07f8534cfcbdb2fd55ba30af65c39bba379aef3be6ab,2023-02-28,Cars,cars,Petrol-Electric,67532,67532,reported_numeric
25c9a68a5ab066abae1f07f8534cfcbdb2fd55ba30af65c39bba379aef3be6ab,2023-02-28,Cars,cars,Petrol-Electric (Plug-In),1129,1129,reported_numeric
25c9a68a5ab066abae1f07f8534cfcbdb2fd55ba30af65c39bba379aef3be6ab,2023-02-28,Goods & Other Vehicles,goods_and_other_vehicles,CNG,1,1,reported_numeric
25c9a68a5ab066abae1f07f8534cfcbdb2fd55ba30af65c39bba379aef3be6ab,2023-02-28,Goods & Other Vehicles,goods_and_other_vehicles,Diesel,131125,131125,reported_numeric
25c9a68a5ab066abae1f07f8534cfcbdb2fd55ba30af65c39bba379aef3be6ab,2023-02-28,Goods & Other Vehicles,goods_and_other_vehicles,Diesel-Electric,18,18,reported_numeric
25c9a68a5ab066abae1f07f8534cfcbdb2fd55ba30af65c39bba379aef3be6ab,2023-02-28,Goods & Other Vehicles,goods_and_other_vehicles,Electric,2224,2224,reported_numeric
25c9a68a5ab066abae1f07f8534cfcbdb2fd55ba30af65c39bba379aef3be6ab,2023-02-28,Goods & Other Vehicles,goods_and_other_vehicles,Petrol,11736,11736,reported_numeric
25c9a68a5ab066abae1f07f8534cfcbdb2fd55ba30af65c39bba379aef3be6ab,2023-02-28,Goods & Other Vehicles,goods_and_other_vehicles,Petrol-CNG,0,0,reported_numeric
25c9a68a5ab066abae1f07f8534cfcbdb2fd55ba30af65c39bba379aef3be6ab,2023-02-28,Goods & Other Vehicles,goods_and_other_vehicles,Petrol-Electric,3,3,reported_numeric
25c9a68a5ab066abae1f07f8534cfcbdb2fd55ba30af65c39bba379aef3be6ab,2023-02-28,Motor-cycles,motorcycles,Electric,119,119,reported_numeric
25c9a68a5ab066abae1f07f8534cfcbdb2fd55ba30af65c39bba379aef3be6ab,2023-02-28,Motor-cycles,motorcycles,Petrol,142134,142134,reported_numeric
25c9a68a5ab066abae1f07f8534cfcbdb2fd55ba30af65c39bba379aef3be6ab,2023-02-28,Taxis,taxis,CNG,0,0,reported_numeric
25c9a68a5ab066abae1f07f8534cfcbdb2fd55ba30af65c39bba379aef3be6ab,2023-02-28,Taxis,taxis,Diesel,3912,3912,reported_numeric
25c9a68a5ab066abae1f07f8534cfcbdb2fd55ba30af65c39bba379aef3be6ab,2023-02-28,Taxis,taxis,Electric,401,401,reported_numeric
25c9a68a5ab066abae1f07f8534cfcbdb2fd55ba30af65c39bba379aef3be6ab,2023-02-28,Taxis,taxis,Petrol,7,7,reported_numeric
25c9a68a5ab066abae1f07f8534cfcbdb2fd55ba30af65c39bba379aef3be6ab,2023-02-28,Taxis,taxis,Petrol-CNG,0,0,reported_numeric
25c9a68a5ab066abae1f07f8534cfcbdb2fd55ba30af65c39bba379aef3be6ab,2023-02-28,Taxis,taxis,Petrol-Electric,9635,9635,reported_numeric
25c9a68a5ab066abae1f07f8534cfcbdb2fd55ba30af65c39bba379aef3be6ab,2023-03-31,Buses,buses,CNG,0,0,reported_numeric
25c9a68a5ab066abae1f07f8534cfcbdb2fd55ba30af65c39bba379aef3be6ab,2023-03-31,Buses,buses,Diesel,17315,17315,reported_numeric
25c9a68a5ab066abae1f07f8534cfcbdb2fd55ba30af65c39bba379aef3be6ab,2023-03-31,Buses,buses,Diesel-Electric,50,50,reported_numeric
25c9a68a5ab066abae1f07f8534cfcbdb2fd55ba30af65c39bba379aef3be6ab,2023-03-31,Buses,buses,Electric,203,203,reported_numeric
25c9a68a5ab066abae1f07f8534cfcbdb2fd55ba30af65c39bba379aef3be6ab,2023-03-31,Buses,buses,Petrol,124,124,reported_numeric
25c9a68a5ab066abae1f07f8534cfcbdb2fd55ba30af65c39bba379aef3be6ab,2023-03-31,Buses,buses,Petrol-CNG,0,0,reported_numeric
25c9a68a5ab066abae1f07f8534cfcbdb2fd55ba30af65c39bba379aef3be6ab,2023-03-31,Cars,cars,CNG,0,0,reported_numeric
25c9a68a5ab066abae1f07f8534cfcbdb2fd55ba30af65c39bba379aef3be6ab,2023-03-31,Cars,cars,Diesel,18226,18226,reported_numeric
25c9a68a5ab066abae1f07f8534cfcbdb2fd55ba30af65c39bba379aef3be6ab,2023-03-31,Cars,cars,Diesel-Electric,19,19,reported_numeric
25c9a68a5ab066abae1f07f8534cfcbdb2fd55ba30af65c39bba379aef3be6ab,2023-03-31,Cars,cars,Diesel-Electric (Plug-In),1,1,reported_numeric
25c9a68a5ab066abae1f07f8534cfcbdb2fd55ba30af65c39bba379aef3be6ab,2023-03-31,Cars,cars,Electric,7314,7314,reported_numeric
25c9a68a5ab066abae1f07f8534cfcbdb2fd55ba30af65c39bba379aef3be6ab,2023-03-31,Cars,cars,Petrol,556136,556136,reported_numeric
25c9a68a5ab066abae1f07f8534cfcbdb2fd55ba30af65c39bba379aef3be6ab,2023-03-31,Cars,cars,Petrol-CNG,132,132,reported_numeric
25c9a68a5ab066abae1f07f8534cfcbdb2fd55ba30af65c39bba379aef3be6ab,2023-03-31,Cars,cars,Petrol-Electric,68510,68510,reported_numeric
25c9a68a5ab066abae1f07f8534cfcbdb2fd55ba30af65c39bba379aef3be6ab,2023-03-31,Cars,cars,Petrol-Electric (Plug-In),1150,1150,reported_numeric
25c9a68a5ab066abae1f07f8534cfcbdb2fd55ba30af65c39bba379aef3be6ab,2023-03-31,Goods & Other Vehicles,goods_and_other_vehicles,CNG,1,1,reported_numeric
25c9a68a5ab066abae1f07f8534cfcbdb2fd55ba30af65c39bba379aef3be6ab,2023-03-31,Goods & Other Vehicles,goods_and_other_vehicles,Diesel,130256,130256,reported_numeric
25c9a68a5ab066abae1f07f8534cfcbdb2fd55ba30af65c39bba379aef3be6ab,2023-03-31,Goods & Other Vehicles,goods_and_other_vehicles,Diesel-Electric,18,18,reported_numeric
25c9a68a5ab066abae1f07f8534cfcbdb2fd55ba30af65c39bba379aef3be6ab,2023-03-31,Goods & Other Vehicles,goods_and_other_vehicles,Electric,2830,2830,reported_numeric
25c9a68a5ab066abae1f07f8534cfcbdb2fd55ba30af65c39bba379aef3be6ab,2023-03-31,Goods & Other Vehicles,goods_and_other_vehicles,Petrol,12026,12026,reported_numeric
25c9a68a5ab066abae1f07f8534cfcbdb2fd55ba30af65c39bba379aef3be6ab,2023-03-31,Goods & Other Vehicles,goods_and_other_vehicles,Petrol-CNG,0,0,reported_numeric
25c9a68a5ab066abae1f07f8534cfcbdb2fd55ba30af65c39bba379aef3be6ab,2023-03-31,Goods & Other Vehicles,goods_and_other_vehicles,Petrol-Electric,3,3,reported_numeric
25c9a68a5ab066abae1f07f8534cfcbdb2fd55ba30af65c39bba379aef3be6ab,2023-03-31,Motor-cycles,motorcycles,Electric,121,121,reported_numeric
25c9a68a5ab066abae1f07f8534cfcbdb2fd55ba30af65c39bba379aef3be6ab,2023-03-31,Motor-cycles,motorcycles,Petrol,141749,141749,reported_numeric
25c9a68a5ab066abae1f07f8534cfcbdb2fd55ba30af65c39bba379aef3be6ab,2023-03-31,Taxis,taxis,CNG,0,0,reported_numeric
25c9a68a5ab066abae1f07f8534cfcbdb2fd55ba30af65c39bba379aef3be6ab,2023-03-31,Taxis,taxis,Diesel,3827,3827,reported_numeric
25c9a68a5ab066abae1f07f8534cfcbdb2fd55ba30af65c39bba379aef3be6ab,2023-03-31,Taxis,taxis,Electric,401,401,reported_numeric
25c9a68a5ab066abae1f07f8534cfcbdb2fd55ba30af65c39bba379aef3be6ab,2023-03-31,Taxis,taxis,Petrol,7,7,reported_numeric
25c9a68a5ab066abae1f07f8534cfcbdb2fd55ba30af65c39bba379aef3be6ab,2023-03-31,Taxis,taxis,Petrol-CNG,0,0,reported_numeric
25c9a68a5ab066abae1f07f8534cfcbdb2fd55ba30af65c39bba379aef3be6ab,2023-03-31,Taxis,taxis,Petrol-Electric,9695,9695,reported_numeric
25c9a68a5ab066abae1f07f8534cfcbdb2fd55ba30af65c39bba379aef3be6ab,2023-04-30,Buses,buses,CNG,0,0,reported_numeric
25c9a68a5ab066abae1f07f8534cfcbdb2fd55ba30af65c39bba379aef3be6ab,2023-04-30,Buses,buses,Diesel,17309,17309,reported_numeric
25c9a68a5ab066abae1f07f8534cfcbdb2fd55ba30af65c39bba379aef3be6ab,2023-04-30,Buses,buses,Diesel-Electric,50,50,reported_numeric
25c9a68a5ab066abae1f07f8534cfcbdb2fd55ba30af65c39bba379aef3be6ab,2023-04-30,Buses,buses,Electric,204,204,reported_numeric
25c9a68a5ab066abae1f07f8534cfcbdb2fd55ba30af65c39bba379aef3be6ab,2023-04-30,Buses,buses,Petrol,127,127,reported_numeric
25c9a68a5ab066abae1f07f8534cfcbdb2fd55ba30af65c39bba379aef3be6ab,2023-04-30,Buses,buses,Petrol-CNG,0,0,reported_numeric
25c9a68a5ab066abae1f07f8534cfcbdb2fd55ba30af65c39bba379aef3be6ab,2023-04-30,Cars,cars,CNG,0,0,reported_numeric
25c9a68a5ab066abae1f07f8534cfcbdb2fd55ba30af65c39bba379aef3be6ab,2023-04-30,Cars,cars,Diesel,18206,18206,reported_numeric
25c9a68a5ab066abae1f07f8534cfcbdb2fd55ba30af65c39bba379aef3be6ab,2023-04-30,Cars,cars,Diesel-Electric,19,19,reported_numeric
25c9a68a5ab066abae1f07f8534cfcbdb2fd55ba30af65c39bba379aef3be6ab,2023-04-30,Cars,cars,Diesel-Electric (Plug-In),1,1,reported_numeric
25c9a68a5ab066abae1f07f8534cfcbdb2fd55ba30af65c39bba379aef3be6ab,2023-04-30,Cars,cars,Electric,7615,7615,reported_numeric
25c9a68a5ab066abae1f07f8534cfcbdb2fd55ba30af65c39bba379aef3be6ab,2023-04-30,Cars,cars,Petrol,554689,554689,reported_numeric
25c9a68a5ab066abae1f07f8534cfcbdb2fd55ba30af65c39bba379aef3be6ab,2023-04-30,Cars,cars,Petrol-CNG,129,129,reported_numeric
25c9a68a5ab066abae1f07f8534cfcbdb2fd55ba30af65c39bba379aef3be6ab,2023-04-30,Cars,cars,Petrol-Electric,69339,69339,reported_numeric
25c9a68a5ab066abae1f07f8534cfcbdb2fd55ba30af65c39bba379aef3be6ab,2023-04-30,Cars,cars,Petrol-Electric (Plug-In),1179,1179,reported_numeric
25c9a68a5ab066abae1f07f8534cfcbdb2fd55ba30af65c39bba379aef3be6ab,2023-04-30,Goods & Other Vehicles,goods_and_other_vehicles,CNG,1,1,reported_numeric
25c9a68a5ab066abae1f07f8534cfcbdb2fd55ba30af65c39bba379aef3be6ab,2023-04-30,Goods & Other Vehicles,goods_and_other_vehicles,Diesel,130066,130066,reported_numeric
25c9a68a5ab066abae1f07f8534cfcbdb2fd55ba30af65c39bba379aef3be6ab,2023-04-30,Goods & Other Vehicles,goods_and_other_vehicles,Diesel-Electric,18,18,reported_numeric
25c9a68a5ab066abae1f07f8534cfcbdb2fd55ba30af65c39bba379aef3be6ab,2023-04-30,Goods & Other Vehicles,goods_and_other_vehicles,Electric,2837,2837,reported_numeric
25c9a68a5ab066abae1f07f8534cfcbdb2fd55ba30af65c39bba379aef3be6ab,2023-04-30,Goods & Other Vehicles,goods_and_other_vehicles,Petrol,12021,12021,reported_numeric
25c9a68a5ab066abae1f07f8534cfcbdb2fd55ba30af65c39bba379aef3be6ab,2023-04-30,Goods & Other Vehicles,goods_and_other_vehicles,Petrol-CNG,0,0,reported_numeric
25c9a68a5ab066abae1f07f8534cfcbdb2fd55ba30af65c39bba379aef3be6ab,2023-04-30,Goods & Other Vehicles,goods_and_other_vehicles,Petrol-Electric,4,4,reported_numeric
25c9a68a5ab066abae1f07f8534cfcbdb2fd55ba30af65c39bba379aef3be6ab,2023-04-30,Motor-cycles,motorcycles,Electric,121,121,reported_numeric
25c9a68a5ab066abae1f07f8534cfcbdb2fd55ba30af65c39bba379aef3be6ab,2023-04-30,Motor-cycles,motorcycles,Petrol,141596,141596,reported_numeric
25c9a68a5ab066abae1f07f8534cfcbdb2fd55ba30af65c39bba379aef3be6ab,2023-04-30,Taxis,taxis,CNG,0,0,reported_numeric
25c9a68a5ab066abae1f07f8534cfcbdb2fd55ba30af65c39bba379aef3be6ab,2023-04-30,Taxis,taxis,Diesel,3777,3777,reported_numeric
25c9a68a5ab066abae1f07f8534cfcbdb2fd55ba30af65c39bba379aef3be6ab,2023-04-30,Taxis,taxis,Electric,441,441,reported_numeric
25c9a68a5ab066abae1f07f8534cfcbdb2fd55ba30af65c39bba379aef3be6ab,2023-04-30,Taxis,taxis,Petrol,6,6,reported_numeric
25c9a68a5ab066abae1f07f8534cfcbdb2fd55ba30af65c39bba379aef3be6ab,2023-04-30,Taxis,taxis,Petrol-CNG,0,0,reported_numeric
25c9a68a5ab066abae1f07f8534cfcbdb2fd55ba30af65c39bba379aef3be6ab,2023-04-30,Taxis,taxis,Petrol-Electric,9851,9851,reported_numeric
25c9a68a5ab066abae1f07f8534cfcbdb2fd55ba30af65c39bba379aef3be6ab,2023-05-31,Buses,buses,CNG,0,0,reported_numeric
25c9a68a5ab066abae1f07f8534cfcbdb2fd55ba30af65c39bba379aef3be6ab,2023-05-31,Buses,buses,Diesel,17344,17344,reported_numeric
25c9a68a5ab066abae1f07f8534cfcbdb2fd55ba30af65c39bba379aef3be6ab,2023-05-31,Buses,buses,Diesel-Electric,50,50,reported_numeric
25c9a68a5ab066abae1f07f8534cfcbdb2fd55ba30af65c39bba379aef3be6ab,2023-05-31,Buses,buses,Electric,210,210,reported_numeric
25c9a68a5ab066abae1f07f8534cfcbdb2fd55ba30af65c39bba379aef3be6ab,2023-05-31,Buses,buses,Petrol,129,129,reported_numeric
25c9a68a5ab066abae1f07f8534cfcbdb2fd55ba30af65c39bba379aef3be6ab,2023-05-31,Buses,buses,Petrol-CNG,0,0,reported_numeric
25c9a68a5ab066abae1f07f8534cfcbdb2fd55ba30af65c39bba379aef3be6ab,2023-05-31,Cars,cars,CNG,0,0,reported_numeric
25c9a68a5ab066abae1f07f8534cfcbdb2fd55ba30af65c39bba379aef3be6ab,2023-05-31,Cars,cars,Diesel,18194,18194,reported_numeric
25c9a68a5ab066abae1f07f8534cfcbdb2fd55ba30af65c39bba379aef3be6ab,2023-05-31,Cars,cars,Diesel-Electric,19,19,reported_numeric
25c9a68a5ab066abae1f07f8534cfcbdb2fd55ba30af65c39bba379aef3be6ab,2023-05-31,Cars,cars,Diesel-Electric (Plug-In),1,1,reported_numeric
25c9a68a5ab066abae1f07f8534cfcbdb2fd55ba30af65c39bba379aef3be6ab,2023-05-31,Cars,cars,Electric,7961,7961,reported_numeric
25c9a68a5ab066abae1f07f8534cfcbdb2fd55ba30af65c39bba379aef3be6ab,2023-05-31,Cars,cars,Petrol,552670,552670,reported_numeric
25c9a68a5ab066abae1f07f8534cfcbdb2fd55ba30af65c39bba379aef3be6ab,2023-05-31,Cars,cars,Petrol-CNG,119,119,reported_numeric
25c9a68a5ab066abae1f07f8534cfcbdb2fd55ba30af65c39bba379aef3be6ab,2023-05-31,Cars,cars,Petrol-Electric,70253,70253,reported_numeric
25c9a68a5ab066abae1f07f8534cfcbdb2fd55ba30af65c39bba379aef3be6ab,2023-05-31,Cars,cars,Petrol-Electric (Plug-In),1225,1225,reported_numeric
25c9a68a5ab066abae1f07f8534cfcbdb2fd55ba30af65c39bba379aef3be6ab,2023-05-31,Goods & Other Vehicles,goods_and_other_vehicles,CNG,1,1,reported_numeric
25c9a68a5ab066abae1f07f8534cfcbdb2fd55ba30af65c39bba379aef3be6ab,2023-05-31,Goods & Other Vehicles,goods_and_other_vehicles,Diesel,129754,129754,reported_numeric
25c9a68a5ab066abae1f07f8534cfcbdb2fd55ba30af65c39bba379aef3be6ab,2023-05-31,Goods & Other Vehicles,goods_and_other_vehicles,Diesel-Electric,18,18,reported_numeric
25c9a68a5ab066abae1f07f8534cfcbdb2fd55ba30af65c39bba379aef3be6ab,2023-05-31,Goods & Other Vehicles,goods_and_other_vehicles,Electric,2863,2863,reported_numeric
25c9a68a5ab066abae1f07f8534cfcbdb2fd55ba30af65c39bba379aef3be6ab,2023-05-31,Goods & Other Vehicles,goods_and_other_vehicles,Petrol,12022,12022,reported_numeric
25c9a68a5ab066abae1f07f8534cfcbdb2fd55ba30af65c39bba379aef3be6ab,2023-05-31,Goods & Other Vehicles,goods_and_other_vehicles,Petrol-CNG,0,0,reported_numeric
25c9a68a5ab066abae1f07f8534cfcbdb2fd55ba30af65c39bba379aef3be6ab,2023-05-31,Goods & Other Vehicles,goods_and_other_vehicles,Petrol-Electric,4,4,reported_numeric
25c9a68a5ab066abae1f07f8534cfcbdb2fd55ba30af65c39bba379aef3be6ab,2023-05-31,Motor-cycles,motorcycles,Electric,150,150,reported_numeric
25c9a68a5ab066abae1f07f8534cfcbdb2fd55ba30af65c39bba379aef3be6ab,2023-05-31,Motor-cycles,motorcycles,Petrol,141901,141901,reported_numeric
25c9a68a5ab066abae1f07f8534cfcbdb2fd55ba30af65c39bba379aef3be6ab,2023-05-31,Taxis,taxis,CNG,0,0,reported_numeric
25c9a68a5ab066abae1f07f8534cfcbdb2fd55ba30af65c39bba379aef3be6ab,2023-05-31,Taxis,taxis,Diesel,3661,3661,reported_numeric
25c9a68a5ab066abae1f07f8534cfcbdb2fd55ba30af65c39bba379aef3be6ab,2023-05-31,Taxis,taxis,Electric,439,439,reported_numeric
25c9a68a5ab066abae1f07f8534cfcbdb2fd55ba30af65c39bba379aef3be6ab,2023-05-31,Taxis,taxis,Petrol,6,6,reported_numeric
25c9a68a5ab066abae1f07f8534cfcbdb2fd55ba30af65c39bba379aef3be6ab,2023-05-31,Taxis,taxis,Petrol-CNG,0,0,reported_numeric
25c9a68a5ab066abae1f07f8534cfcbdb2fd55ba30af65c39bba379aef3be6ab,2023-05-31,Taxis,taxis,Petrol-Electric,9891,9891,reported_numeric
25c9a68a5ab066abae1f07f8534cfcbdb2fd55ba30af65c39bba379aef3be6ab,2023-06-30,Buses,buses,CNG,0,0,reported_numeric
25c9a68a5ab066abae1f07f8534cfcbdb2fd55ba30af65c39bba379aef3be6ab,2023-06-30,Buses,buses,Diesel,17354,17354,reported_numeric
25c9a68a5ab066abae1f07f8534cfcbdb2fd55ba30af65c39bba379aef3be6ab,2023-06-30,Buses,buses,Diesel-Electric,50,50,reported_numeric
25c9a68a5ab066abae1f07f8534cfcbdb2fd55ba30af65c39bba379aef3be6ab,2023-06-30,Buses,buses,Electric,213,213,reported_numeric
25c9a68a5ab066abae1f07f8534cfcbdb2fd55ba30af65c39bba379aef3be6ab,2023-06-30,Buses,buses,Petrol,130,130,reported_numeric
25c9a68a5ab066abae1f07f8534cfcbdb2fd55ba30af65c39bba379aef3be6ab,2023-06-30,Buses,buses,Petrol-CNG,0,0,reported_numeric
25c9a68a5ab066abae1f07f8534cfcbdb2fd55ba30af65c39bba379aef3be6ab,2023-06-30,Cars,cars,CNG,0,0,reported_numeric
25c9a68a5ab066abae1f07f8534cfcbdb2fd55ba30af65c39bba379aef3be6ab,2023-06-30,Cars,cars,Diesel,18177,18177,reported_numeric
25c9a68a5ab066abae1f07f8534cfcbdb2fd55ba30af65c39bba379aef3be6ab,2023-06-30,Cars,cars,Diesel-Electric,19,19,reported_numeric
25c9a68a5ab066abae1f07f8534cfcbdb2fd55ba30af65c39bba379aef3be6ab,2023-06-30,Cars,cars,Diesel-Electric (Plug-In),1,1,reported_numeric
25c9a68a5ab066abae1f07f8534cfcbdb2fd55ba30af65c39bba379aef3be6ab,2023-06-30,Cars,cars,Electric,8390,8390,reported_numeric
25c9a68a5ab066abae1f07f8534cfcbdb2fd55ba30af65c39bba379aef3be6ab,2023-06-30,Cars,cars,Petrol,551235,551235,reported_numeric
25c9a68a5ab066abae1f07f8534cfcbdb2fd55ba30af65c39bba379aef3be6ab,2023-06-30,Cars,cars,Petrol-CNG,117,117,reported_numeric
25c9a68a5ab066abae1f07f8534cfcbdb2fd55ba30af65c39bba379aef3be6ab,2023-06-30,Cars,cars,Petrol-Electric,71163,71163,reported_numeric
25c9a68a5ab066abae1f07f8534cfcbdb2fd55ba30af65c39bba379aef3be6ab,2023-06-30,Cars,cars,Petrol-Electric (Plug-In),1245,1245,reported_numeric
25c9a68a5ab066abae1f07f8534cfcbdb2fd55ba30af65c39bba379aef3be6ab,2023-06-30,Goods & Other Vehicles,goods_and_other_vehicles,CNG,1,1,reported_numeric
25c9a68a5ab066abae1f07f8534cfcbdb2fd55ba30af65c39bba379aef3be6ab,2023-06-30,Goods & Other Vehicles,goods_and_other_vehicles,Diesel,129505,129505,reported_numeric
25c9a68a5ab066abae1f07f8534cfcbdb2fd55ba30af65c39bba379aef3be6ab,2023-06-30,Goods & Other Vehicles,goods_and_other_vehicles,Diesel-Electric,20,20,reported_numeric
25c9a68a5ab066abae1f07f8534cfcbdb2fd55ba30af65c39bba379aef3be6ab,2023-06-30,Goods & Other Vehicles,goods_and_other_vehicles,Electric,2921,2921,reported_numeric
25c9a68a5ab066abae1f07f8534cfcbdb2fd55ba30af65c39bba379aef3be6ab,2023-06-30,Goods & Other Vehicles,goods_and_other_vehicles,Petrol,12028,12028,reported_numeric
25c9a68a5ab066abae1f07f8534cfcbdb2fd55ba30af65c39bba379aef3be6ab,2023-06-30,Goods & Other Vehicles,goods_and_other_vehicles,Petrol-CNG,0,0,reported_numeric
25c9a68a5ab066abae1f07f8534cfcbdb2fd55ba30af65c39bba379aef3be6ab,2023-06-30,Goods & Other Vehicles,goods_and_other_vehicles,Petrol-Electric,4,4,reported_numeric
25c9a68a5ab066abae1f07f8534cfcbdb2fd55ba30af65c39bba379aef3be6ab,2023-06-30,Motor-cycles,motorcycles,Electric,181,181,reported_numeric
25c9a68a5ab066abae1f07f8534cfcbdb2fd55ba30af65c39bba379aef3be6ab,2023-06-30,Motor-cycles,motorcycles,Petrol,142176,142176,reported_numeric
25c9a68a5ab066abae1f07f8534cfcbdb2fd55ba30af65c39bba379aef3be6ab,2023-06-30,Taxis,taxis,CNG,0,0,reported_numeric
25c9a68a5ab066abae1f07f8534cfcbdb2fd55ba30af65c39bba379aef3be6ab,2023-06-30,Taxis,taxis,Diesel,3530,3530,reported_numeric
25c9a68a5ab066abae1f07f8534cfcbdb2fd55ba30af65c39bba379aef3be6ab,2023-06-30,Taxis,taxis,Electric,439,439,reported_numeric
25c9a68a5ab066abae1f07f8534cfcbdb2fd55ba30af65c39bba379aef3be6ab,2023-06-30,Taxis,taxis,Petrol,6,6,reported_numeric
25c9a68a5ab066abae1f07f8534cfcbdb2fd55ba30af65c39bba379aef3be6ab,2023-06-30,Taxis,taxis,Petrol-CNG,0,0,reported_numeric
25c9a68a5ab066abae1f07f8534cfcbdb2fd55ba30af65c39bba379aef3be6ab,2023-06-30,Taxis,taxis,Petrol-Electric,9886,9886,reported_numeric
25c9a68a5ab066abae1f07f8534cfcbdb2fd55ba30af65c39bba379aef3be6ab,2023-07-31,Buses,buses,CNG,0,0,reported_numeric
25c9a68a5ab066abae1f07f8534cfcbdb2fd55ba30af65c39bba379aef3be6ab,2023-07-31,Buses,buses,Diesel,17340,17340,reported_numeric
25c9a68a5ab066abae1f07f8534cfcbdb2fd55ba30af65c39bba379aef3be6ab,2023-07-31,Buses,buses,Diesel-Electric,50,50,reported_numeric
25c9a68a5ab066abae1f07f8534cfcbdb2fd55ba30af65c39bba379aef3be6ab,2023-07-31,Buses,buses,Electric,214,214,reported_numeric
25c9a68a5ab066abae1f07f8534cfcbdb2fd55ba30af65c39bba379aef3be6ab,2023-07-31,Buses,buses,Petrol,130,130,reported_numeric
25c9a68a5ab066abae1f07f8534cfcbdb2fd55ba30af65c39bba379aef3be6ab,2023-07-31,Buses,buses,Petrol-CNG,0,0,reported_numeric
25c9a68a5ab066abae1f07f8534cfcbdb2fd55ba30af65c39bba379aef3be6ab,2023-07-31,Cars,cars,CNG,0,0,reported_numeric
25c9a68a5ab066abae1f07f8534cfcbdb2fd55ba30af65c39bba379aef3be6ab,2023-07-31,Cars,cars,Diesel,18152,18152,reported_numeric
25c9a68a5ab066abae1f07f8534cfcbdb2fd55ba30af65c39bba379aef3be6ab,2023-07-31,Cars,cars,Diesel-Electric,20,20,reported_numeric
25c9a68a5ab066abae1f07f8534cfcbdb2fd55ba30af65c39bba379aef3be6ab,2023-07-31,Cars,cars,Diesel-Electric (Plug-In),1,1,reported_numeric
25c9a68a5ab066abae1f07f8534cfcbdb2fd55ba30af65c39bba379aef3be6ab,2023-07-31,Cars,cars,Electric,8873,8873,reported_numeric
25c9a68a5ab066abae1f07f8534cfcbdb2fd55ba30af65c39bba379aef3be6ab,2023-07-31,Cars,cars,Petrol,549703,549703,reported_numeric
25c9a68a5ab066abae1f07f8534cfcbdb2fd55ba30af65c39bba379aef3be6ab,2023-07-31,Cars,cars,Petrol-CNG,105,105,reported_numeric
25c9a68a5ab066abae1f07f8534cfcbdb2fd55ba30af65c39bba379aef3be6ab,2023-07-31,Cars,cars,Petrol-Electric,72206,72206,reported_numeric
25c9a68a5ab066abae1f07f8534cfcbdb2fd55ba30af65c39bba379aef3be6ab,2023-07-31,Cars,cars,Petrol-Electric (Plug-In),1263,1263,reported_numeric
25c9a68a5ab066abae1f07f8534cfcbdb2fd55ba30af65c39bba379aef3be6ab,2023-07-31,Goods & Other Vehicles,goods_and_other_vehicles,CNG,1,1,reported_numeric
25c9a68a5ab066abae1f07f8534cfcbdb2fd55ba30af65c39bba379aef3be6ab,2023-07-31,Goods & Other Vehicles,goods_and_other_vehicles,Diesel,129195,129195,reported_numeric
25c9a68a5ab066abae1f07f8534cfcbdb2fd55ba30af65c39bba379aef3be6ab,2023-07-31,Goods & Other Vehicles,goods_and_other_vehicles,Diesel-Electric,21,21,reported_numeric
25c9a68a5ab066abae1f07f8534cfcbdb2fd55ba30af65c39bba379aef3be6ab,2023-07-31,Goods & Other Vehicles,goods_and_other_vehicles,Electric,2981,2981,reported_numeric
25c9a68a5ab066abae1f07f8534cfcbdb2fd55ba30af65c39bba379aef3be6ab,2023-07-31,Goods & Other Vehicles,goods_and_other_vehicles,Petrol,12038,12038,reported_numeric
25c9a68a5ab066abae1f07f8534cfcbdb2fd55ba30af65c39bba379aef3be6ab,2023-07-31,Goods & Other Vehicles,goods_and_other_vehicles,Petrol-CNG,0,0,reported_numeric
25c9a68a5ab066abae1f07f8534cfcbdb2fd55ba30af65c39bba379aef3be6ab,2023-07-31,Goods & Other Vehicles,goods_and_other_vehicles,Petrol-Electric,4,4,reported_numeric
25c9a68a5ab066abae1f07f8534cfcbdb2fd55ba30af65c39bba379aef3be6ab,2023-07-31,Motor-cycles,motorcycles,Electric,226,226,reported_numeric
25c9a68a5ab066abae1f07f8534cfcbdb2fd55ba30af65c39bba379aef3be6ab,2023-07-31,Motor-cycles,motorcycles,Petrol,142243,142243,reported_numeric
25c9a68a5ab066abae1f07f8534cfcbdb2fd55ba30af65c39bba379aef3be6ab,2023-07-31,Taxis,taxis,CNG,0,0,reported_numeric
25c9a68a5ab066abae1f07f8534cfcbdb2fd55ba30af65c39bba379aef3be6ab,2023-07-31,Taxis,taxis,Diesel,3445,3445,reported_numeric
25c9a68a5ab066abae1f07f8534cfcbdb2fd55ba30af65c39bba379aef3be6ab,2023-07-31,Taxis,taxis,Electric,439,439,reported_numeric
25c9a68a5ab066abae1f07f8534cfcbdb2fd55ba30af65c39bba379aef3be6ab,2023-07-31,Taxis,taxis,Petrol,6,6,reported_numeric
25c9a68a5ab066abae1f07f8534cfcbdb2fd55ba30af65c39bba379aef3be6ab,2023-07-31,Taxis,taxis,Petrol-CNG,0,0,reported_numeric
25c9a68a5ab066abae1f07f8534cfcbdb2fd55ba30af65c39bba379aef3be6ab,2023-07-31,Taxis,taxis,Petrol-Electric,9881,9881,reported_numeric
25c9a68a5ab066abae1f07f8534cfcbdb2fd55ba30af65c39bba379aef3be6ab,2023-08-31,Buses,buses,CNG,0,0,reported_numeric
25c9a68a5ab066abae1f07f8534cfcbdb2fd55ba30af65c39bba379aef3be6ab,2023-08-31,Buses,buses,Diesel,17384,17384,reported_numeric
25c9a68a5ab066abae1f07f8534cfcbdb2fd55ba30af65c39bba379aef3be6ab,2023-08-31,Buses,buses,Diesel-Electric,50,50,reported_numeric
25c9a68a5ab066abae1f07f8534cfcbdb2fd55ba30af65c39bba379aef3be6ab,2023-08-31,Buses,buses,Electric,220,220,reported_numeric
25c9a68a5ab066abae1f07f8534cfcbdb2fd55ba30af65c39bba379aef3be6ab,2023-08-31,Buses,buses,Petrol,131,131,reported_numeric
25c9a68a5ab066abae1f07f8534cfcbdb2fd55ba30af65c39bba379aef3be6ab,2023-08-31,Buses,buses,Petrol-CNG,0,0,reported_numeric
25c9a68a5ab066abae1f07f8534cfcbdb2fd55ba30af65c39bba379aef3be6ab,2023-08-31,Cars,cars,CNG,0,0,reported_numeric
25c9a68a5ab066abae1f07f8534cfcbdb2fd55ba30af65c39bba379aef3be6ab,2023-08-31,Cars,cars,Diesel,18116,18116,reported_numeric
25c9a68a5ab066abae1f07f8534cfcbdb2fd55ba30af65c39bba379aef3be6ab,2023-08-31,Cars,cars,Diesel-Electric,19,19,reported_numeric
25c9a68a5ab066abae1f07f8534cfcbdb2fd55ba30af65c39bba379aef3be6ab,2023-08-31,Cars,cars,Diesel-Electric (Plug-In),1,1,reported_numeric
25c9a68a5ab066abae1f07f8534cfcbdb2fd55ba30af65c39bba379aef3be6ab,2023-08-31,Cars,cars,Electric,9454,9454,reported_numeric
25c9a68a5ab066abae1f07f8534cfcbdb2fd55ba30af65c39bba379aef3be6ab,2023-08-31,Cars,cars,Petrol,547931,547931,reported_numeric
25c9a68a5ab066abae1f07f8534cfcbdb2fd55ba30af65c39bba379aef3be6ab,2023-08-31,Cars,cars,Petrol-CNG,98,98,reported_numeric
25c9a68a5ab066abae1f07f8534cfcbdb2fd55ba30af65c39bba379aef3be6ab,2023-08-31,Cars,cars,Petrol-Electric,73307,73307,reported_numeric
25c9a68a5ab066abae1f07f8534cfcbdb2fd55ba30af65c39bba379aef3be6ab,2023-08-31,Cars,cars,Petrol-Electric (Plug-In),1279,1279,reported_numeric
25c9a68a5ab066abae1f07f8534cfcbdb2fd55ba30af65c39bba379aef3be6ab,2023-08-31,Goods & Other Vehicles,goods_and_other_vehicles,CNG,0,0,reported_numeric
25c9a68a5ab066abae1f07f8534cfcbdb2fd55ba30af65c39bba379aef3be6ab,2023-08-31,Goods & Other Vehicles,goods_and_other_vehicles,Diesel,128935,128935,reported_numeric
25c9a68a5ab066abae1f07f8534cfcbdb2fd55ba30af65c39bba379aef3be6ab,2023-08-31,Goods & Other Vehicles,goods_and_other_vehicles,Diesel-Electric,23,23,reported_numeric
25c9a68a5ab066abae1f07f8534cfcbdb2fd55ba30af65c39bba379aef3be6ab,2023-08-31,Goods & Other Vehicles,goods_and_other_vehicles,Electric,3045,3045,reported_numeric
25c9a68a5ab066abae1f07f8534cfcbdb2fd55ba30af65c39bba379aef3be6ab,2023-08-31,Goods & Other Vehicles,goods_and_other_vehicles,Petrol,12069,12069,reported_numeric
25c9a68a5ab066abae1f07f8534cfcbdb2fd55ba30af65c39bba379aef3be6ab,2023-08-31,Goods & Other Vehicles,goods_and_other_vehicles,Petrol-CNG,0,0,reported_numeric
25c9a68a5ab066abae1f07f8534cfcbdb2fd55ba30af65c39bba379aef3be6ab,2023-08-31,Goods & Other Vehicles,goods_and_other_vehicles,Petrol-Electric,4,4,reported_numeric
25c9a68a5ab066abae1f07f8534cfcbdb2fd55ba30af65c39bba379aef3be6ab,2023-08-31,Motor-cycles,motorcycles,Electric,246,246,reported_numeric
25c9a68a5ab066abae1f07f8534cfcbdb2fd55ba30af65c39bba379aef3be6ab,2023-08-31,Motor-cycles,motorcycles,Petrol,142335,142335,reported_numeric
25c9a68a5ab066abae1f07f8534cfcbdb2fd55ba30af65c39bba379aef3be6ab,2023-08-31,Taxis,taxis,CNG,0,0,reported_numeric
25c9a68a5ab066abae1f07f8534cfcbdb2fd55ba30af65c39bba379aef3be6ab,2023-08-31,Taxis,taxis,Diesel,3315,3315,reported_numeric
25c9a68a5ab066abae1f07f8534cfcbdb2fd55ba30af65c39bba379aef3be6ab,2023-08-31,Taxis,taxis,Electric,459,459,reported_numeric
25c9a68a5ab066abae1f07f8534cfcbdb2fd55ba30af65c39bba379aef3be6ab,2023-08-31,Taxis,taxis,Petrol,6,6,reported_numeric
25c9a68a5ab066abae1f07f8534cfcbdb2fd55ba30af65c39bba379aef3be6ab,2023-08-31,Taxis,taxis,Petrol-CNG,0,0,reported_numeric
25c9a68a5ab066abae1f07f8534cfcbdb2fd55ba30af65c39bba379aef3be6ab,2023-08-31,Taxis,taxis,Petrol-Electric,9934,9934,reported_numeric
25c9a68a5ab066abae1f07f8534cfcbdb2fd55ba30af65c39bba379aef3be6ab,2023-09-30,Buses,buses,CNG,0,0,reported_numeric
25c9a68a5ab066abae1f07f8534cfcbdb2fd55ba30af65c39bba379aef3be6ab,2023-09-30,Buses,buses,Diesel,17373,17373,reported_numeric
25c9a68a5ab066abae1f07f8534cfcbdb2fd55ba30af65c39bba379aef3be6ab,2023-09-30,Buses,buses,Diesel-Electric,50,50,reported_numeric
25c9a68a5ab066abae1f07f8534cfcbdb2fd55ba30af65c39bba379aef3be6ab,2023-09-30,Buses,buses,Electric,224,224,reported_numeric
25c9a68a5ab066abae1f07f8534cfcbdb2fd55ba30af65c39bba379aef3be6ab,2023-09-30,Buses,buses,Petrol,132,132,reported_numeric
25c9a68a5ab066abae1f07f8534cfcbdb2fd55ba30af65c39bba379aef3be6ab,2023-09-30,Buses,buses,Petrol-CNG,0,0,reported_numeric
25c9a68a5ab066abae1f07f8534cfcbdb2fd55ba30af65c39bba379aef3be6ab,2023-09-30,Cars,cars,CNG,0,0,reported_numeric
25c9a68a5ab066abae1f07f8534cfcbdb2fd55ba30af65c39bba379aef3be6ab,2023-09-30,Cars,cars,Diesel,18091,18091,reported_numeric
25c9a68a5ab066abae1f07f8534cfcbdb2fd55ba30af65c39bba379aef3be6ab,2023-09-30,Cars,cars,Diesel-Electric,19,19,reported_numeric
25c9a68a5ab066abae1f07f8534cfcbdb2fd55ba30af65c39bba379aef3be6ab,2023-09-30,Cars,cars,Diesel-Electric (Plug-In),1,1,reported_numeric
25c9a68a5ab066abae1f07f8534cfcbdb2fd55ba30af65c39bba379aef3be6ab,2023-09-30,Cars,cars,Electric,9998,9998,reported_numeric
25c9a68a5ab066abae1f07f8534cfcbdb2fd55ba30af65c39bba379aef3be6ab,2023-09-30,Cars,cars,Petrol,546147,546147,reported_numeric
25c9a68a5ab066abae1f07f8534cfcbdb2fd55ba30af65c39bba379aef3be6ab,2023-09-30,Cars,cars,Petrol-CNG,93,93,reported_numeric
25c9a68a5ab066abae1f07f8534cfcbdb2fd55ba30af65c39bba379aef3be6ab,2023-09-30,Cars,cars,Petrol-Electric,74388,74388,reported_numeric
25c9a68a5ab066abae1f07f8534cfcbdb2fd55ba30af65c39bba379aef3be6ab,2023-09-30,Cars,cars,Petrol-Electric (Plug-In),1292,1292,reported_numeric
25c9a68a5ab066abae1f07f8534cfcbdb2fd55ba30af65c39bba379aef3be6ab,2023-09-30,Goods & Other Vehicles,goods_and_other_vehicles,CNG,0,0,reported_numeric
25c9a68a5ab066abae1f07f8534cfcbdb2fd55ba30af65c39bba379aef3be6ab,2023-09-30,Goods & Other Vehicles,goods_and_other_vehicles,Diesel,128703,128703,reported_numeric
25c9a68a5ab066abae1f07f8534cfcbdb2fd55ba30af65c39bba379aef3be6ab,2023-09-30,Goods & Other Vehicles,goods_and_other_vehicles,Diesel-Electric,23,23,reported_numeric
25c9a68a5ab066abae1f07f8534cfcbdb2fd55ba30af65c39bba379aef3be6ab,2023-09-30,Goods & Other Vehicles,goods_and_other_vehicles,Electric,3123,3123,reported_numeric
25c9a68a5ab066abae1f07f8534cfcbdb2fd55ba30af65c39bba379aef3be6ab,2023-09-30,Goods & Other Vehicles,goods_and_other_vehicles,Petrol,12111,12111,reported_numeric
25c9a68a5ab066abae1f07f8534cfcbdb2fd55ba30af65c39bba379aef3be6ab,2023-09-30,Goods & Other Vehicles,goods_and_other_vehicles,Petrol-CNG,0,0,reported_numeric
25c9a68a5ab066abae1f07f8534cfcbdb2fd55ba30af65c39bba379aef3be6ab,2023-09-30,Goods & Other Vehicles,goods_and_other_vehicles,Petrol-Electric,4,4,reported_numeric
25c9a68a5ab066abae1f07f8534cfcbdb2fd55ba30af65c39bba379aef3be6ab,2023-09-30,Motor-cycles,motorcycles,Electric,266,266,reported_numeric
25c9a68a5ab066abae1f07f8534cfcbdb2fd55ba30af65c39bba379aef3be6ab,2023-09-30,Motor-cycles,motorcycles,Petrol,142458,142458,reported_numeric
25c9a68a5ab066abae1f07f8534cfcbdb2fd55ba30af65c39bba379aef3be6ab,2023-09-30,Taxis,taxis,CNG,0,0,reported_numeric
25c9a68a5ab066abae1f07f8534cfcbdb2fd55ba30af65c39bba379aef3be6ab,2023-09-30,Taxis,taxis,Diesel,3196,3196,reported_numeric
25c9a68a5ab066abae1f07f8534cfcbdb2fd55ba30af65c39bba379aef3be6ab,2023-09-30,Taxis,taxis,Electric,474,474,reported_numeric
25c9a68a5ab066abae1f07f8534cfcbdb2fd55ba30af65c39bba379aef3be6ab,2023-09-30,Taxis,taxis,Petrol,6,6,reported_numeric
25c9a68a5ab066abae1f07f8534cfcbdb2fd55ba30af65c39bba379aef3be6ab,2023-09-30,Taxis,taxis,Petrol-CNG,0,0,reported_numeric
25c9a68a5ab066abae1f07f8534cfcbdb2fd55ba30af65c39bba379aef3be6ab,2023-09-30,Taxis,taxis,Petrol-Electric,10049,10049,reported_numeric
25c9a68a5ab066abae1f07f8534cfcbdb2fd55ba30af65c39bba379aef3be6ab,2023-10-31,Buses,buses,CNG,0,0,reported_numeric
25c9a68a5ab066abae1f07f8534cfcbdb2fd55ba30af65c39bba379aef3be6ab,2023-10-31,Buses,buses,Diesel,17355,17355,reported_numeric
25c9a68a5ab066abae1f07f8534cfcbdb2fd55ba30af65c39bba379aef3be6ab,2023-10-31,Buses,buses,Diesel-Electric,50,50,reported_numeric
25c9a68a5ab066abae1f07f8534cfcbdb2fd55ba30af65c39bba379aef3be6ab,2023-10-31,Buses,buses,Electric,230,230,reported_numeric
25c9a68a5ab066abae1f07f8534cfcbdb2fd55ba30af65c39bba379aef3be6ab,2023-10-31,Buses,buses,Petrol,134,134,reported_numeric
25c9a68a5ab066abae1f07f8534cfcbdb2fd55ba30af65c39bba379aef3be6ab,2023-10-31,Buses,buses,Petrol-CNG,0,0,reported_numeric
25c9a68a5ab066abae1f07f8534cfcbdb2fd55ba30af65c39bba379aef3be6ab,2023-10-31,Cars,cars,CNG,0,0,reported_numeric
25c9a68a5ab066abae1f07f8534cfcbdb2fd55ba30af65c39bba379aef3be6ab,2023-10-31,Cars,cars,Diesel,18063,18063,reported_numeric
25c9a68a5ab066abae1f07f8534cfcbdb2fd55ba30af65c39bba379aef3be6ab,2023-10-31,Cars,cars,Diesel-Electric,18,18,reported_numeric
25c9a68a5ab066abae1f07f8534cfcbdb2fd55ba30af65c39bba379aef3be6ab,2023-10-31,Cars,cars,Diesel-Electric (Plug-In),1,1,reported_numeric
25c9a68a5ab066abae1f07f8534cfcbdb2fd55ba30af65c39bba379aef3be6ab,2023-10-31,Cars,cars,Electric,10426,10426,reported_numeric
25c9a68a5ab066abae1f07f8534cfcbdb2fd55ba30af65c39bba379aef3be6ab,2023-10-31,Cars,cars,Petrol,544375,544375,reported_numeric
25c9a68a5ab066abae1f07f8534cfcbdb2fd55ba30af65c39bba379aef3be6ab,2023-10-31,Cars,cars,Petrol-CNG,86,86,reported_numeric
25c9a68a5ab066abae1f07f8534cfcbdb2fd55ba30af65c39bba379aef3be6ab,2023-10-31,Cars,cars,Petrol-Electric,75500,75500,reported_numeric
25c9a68a5ab066abae1f07f8534cfcbdb2fd55ba30af65c39bba379aef3be6ab,2023-10-31,Cars,cars,Petrol-Electric (Plug-In),1317,1317,reported_numeric
25c9a68a5ab066abae1f07f8534cfcbdb2fd55ba30af65c39bba379aef3be6ab,2023-10-31,Goods & Other Vehicles,goods_and_other_vehicles,CNG,0,0,reported_numeric
25c9a68a5ab066abae1f07f8534cfcbdb2fd55ba30af65c39bba379aef3be6ab,2023-10-31,Goods & Other Vehicles,goods_and_other_vehicles,Diesel,128524,128524,reported_numeric
25c9a68a5ab066abae1f07f8534cfcbdb2fd55ba30af65c39bba379aef3be6ab,2023-10-31,Goods & Other Vehicles,goods_and_other_vehicles,Diesel-Electric,23,23,reported_numeric
25c9a68a5ab066abae1f07f8534cfcbdb2fd55ba30af65c39bba379aef3be6ab,2023-10-31,Goods & Other Vehicles,goods_and_other_vehicles,Electric,3218,3218,reported_numeric
25c9a68a5ab066abae1f07f8534cfcbdb2fd55ba30af65c39bba379aef3be6ab,2023-10-31,Goods & Other Vehicles,goods_and_other_vehicles,Petrol,12162,12162,reported_numeric
25c9a68a5ab066abae1f07f8534cfcbdb2fd55ba30af65c39bba379aef3be6ab,2023-10-31,Goods & Other Vehicles,goods_and_other_vehicles,Petrol-CNG,0,0,reported_numeric
25c9a68a5ab066abae1f07f8534cfcbdb2fd55ba30af65c39bba379aef3be6ab,2023-10-31,Goods & Other Vehicles,goods_and_other_vehicles,Petrol-Electric,4,4,reported_numeric
25c9a68a5ab066abae1f07f8534cfcbdb2fd55ba30af65c39bba379aef3be6ab,2023-10-31,Motor-cycles,motorcycles,Electric,269,269,reported_numeric
25c9a68a5ab066abae1f07f8534cfcbdb2fd55ba30af65c39bba379aef3be6ab,2023-10-31,Motor-cycles,motorcycles,Petrol,142659,142659,reported_numeric
25c9a68a5ab066abae1f07f8534cfcbdb2fd55ba30af65c39bba379aef3be6ab,2023-10-31,Taxis,taxis,CNG,0,0,reported_numeric
25c9a68a5ab066abae1f07f8534cfcbdb2fd55ba30af65c39bba379aef3be6ab,2023-10-31,Taxis,taxis,Diesel,3072,3072,reported_numeric
25c9a68a5ab066abae1f07f8534cfcbdb2fd55ba30af65c39bba379aef3be6ab,2023-10-31,Taxis,taxis,Electric,472,472,reported_numeric
25c9a68a5ab066abae1f07f8534cfcbdb2fd55ba30af65c39bba379aef3be6ab,2023-10-31,Taxis,taxis,Petrol,6,6,reported_numeric
25c9a68a5ab066abae1f07f8534cfcbdb2fd55ba30af65c39bba379aef3be6ab,2023-10-31,Taxis,taxis,Petrol-CNG,0,0,reported_numeric
25c9a68a5ab066abae1f07f8534cfcbdb2fd55ba30af65c39bba379aef3be6ab,2023-10-31,Taxis,taxis,Petrol-Electric,10159,10159,reported_numeric
25c9a68a5ab066abae1f07f8534cfcbdb2fd55ba30af65c39bba379aef3be6ab,2023-11-30,Buses,buses,CNG,0,0,reported_numeric
25c9a68a5ab066abae1f07f8534cfcbdb2fd55ba30af65c39bba379aef3be6ab,2023-11-30,Buses,buses,Diesel,17377,17377,reported_numeric
25c9a68a5ab066abae1f07f8534cfcbdb2fd55ba30af65c39bba379aef3be6ab,2023-11-30,Buses,buses,Diesel-Electric,50,50,reported_numeric
25c9a68a5ab066abae1f07f8534cfcbdb2fd55ba30af65c39bba379aef3be6ab,2023-11-30,Buses,buses,Electric,234,234,reported_numeric
25c9a68a5ab066abae1f07f8534cfcbdb2fd55ba30af65c39bba379aef3be6ab,2023-11-30,Buses,buses,Petrol,134,134,reported_numeric
25c9a68a5ab066abae1f07f8534cfcbdb2fd55ba30af65c39bba379aef3be6ab,2023-11-30,Buses,buses,Petrol-CNG,0,0,reported_numeric
25c9a68a5ab066abae1f07f8534cfcbdb2fd55ba30af65c39bba379aef3be6ab,2023-11-30,Cars,cars,CNG,0,0,reported_numeric
25c9a68a5ab066abae1f07f8534cfcbdb2fd55ba30af65c39bba379aef3be6ab,2023-11-30,Cars,cars,Diesel,18054,18054,reported_numeric
25c9a68a5ab066abae1f07f8534cfcbdb2fd55ba30af65c39bba379aef3be6ab,2023-11-30,Cars,cars,Diesel-Electric,18,18,reported_numeric
25c9a68a5ab066abae1f07f8534cfcbdb2fd55ba30af65c39bba379aef3be6ab,2023-11-30,Cars,cars,Diesel-Electric (Plug-In),1,1,reported_numeric
25c9a68a5ab066abae1f07f8534cfcbdb2fd55ba30af65c39bba379aef3be6ab,2023-11-30,Cars,cars,Electric,10983,10983,reported_numeric
25c9a68a5ab066abae1f07f8534cfcbdb2fd55ba30af65c39bba379aef3be6ab,2023-11-30,Cars,cars,Petrol,542341,542341,reported_numeric
25c9a68a5ab066abae1f07f8534cfcbdb2fd55ba30af65c39bba379aef3be6ab,2023-11-30,Cars,cars,Petrol-CNG,85,85,reported_numeric
25c9a68a5ab066abae1f07f8534cfcbdb2fd55ba30af65c39bba379aef3be6ab,2023-11-30,Cars,cars,Petrol-Electric,76750,76750,reported_numeric
25c9a68a5ab066abae1f07f8534cfcbdb2fd55ba30af65c39bba379aef3be6ab,2023-11-30,Cars,cars,Petrol-Electric (Plug-In),1337,1337,reported_numeric
25c9a68a5ab066abae1f07f8534cfcbdb2fd55ba30af65c39bba379aef3be6ab,2023-11-30,Goods & Other Vehicles,goods_and_other_vehicles,CNG,0,0,reported_numeric
25c9a68a5ab066abae1f07f8534cfcbdb2fd55ba30af65c39bba379aef3be6ab,2023-11-30,Goods & Other Vehicles,goods_and_other_vehicles,Diesel,128408,128408,reported_numeric
25c9a68a5ab066abae1f07f8534cfcbdb2fd55ba30af65c39bba379aef3be6ab,2023-11-30,Goods & Other Vehicles,goods_and_other_vehicles,Diesel-Electric,23,23,reported_numeric
25c9a68a5ab066abae1f07f8534cfcbdb2fd55ba30af65c39bba379aef3be6ab,2023-11-30,Goods & Other Vehicles,goods_and_other_vehicles,Electric,3265,3265,reported_numeric
25c9a68a5ab066abae1f07f8534cfcbdb2fd55ba30af65c39bba379aef3be6ab,2023-11-30,Goods & Other Vehicles,goods_and_other_vehicles,Petrol,12177,12177,reported_numeric
25c9a68a5ab066abae1f07f8534cfcbdb2fd55ba30af65c39bba379aef3be6ab,2023-11-30,Goods & Other Vehicles,goods_and_other_vehicles,Petrol-CNG,0,0,reported_numeric
25c9a68a5ab066abae1f07f8534cfcbdb2fd55ba30af65c39bba379aef3be6ab,2023-11-30,Goods & Other Vehicles,goods_and_other_vehicles,Petrol-Electric,4,4,reported_numeric
25c9a68a5ab066abae1f07f8534cfcbdb2fd55ba30af65c39bba379aef3be6ab,2023-11-30,Motor-cycles,motorcycles,Electric,269,269,reported_numeric
25c9a68a5ab066abae1f07f8534cfcbdb2fd55ba30af65c39bba379aef3be6ab,2023-11-30,Motor-cycles,motorcycles,Petrol,142806,142806,reported_numeric
25c9a68a5ab066abae1f07f8534cfcbdb2fd55ba30af65c39bba379aef3be6ab,2023-11-30,Taxis,taxis,CNG,0,0,reported_numeric
25c9a68a5ab066abae1f07f8534cfcbdb2fd55ba30af65c39bba379aef3be6ab,2023-11-30,Taxis,taxis,Diesel,2979,2979,reported_numeric
25c9a68a5ab066abae1f07f8534cfcbdb2fd55ba30af65c39bba379aef3be6ab,2023-11-30,Taxis,taxis,Electric,472,472,reported_numeric
25c9a68a5ab066abae1f07f8534cfcbdb2fd55ba30af65c39bba379aef3be6ab,2023-11-30,Taxis,taxis,Petrol,6,6,reported_numeric
25c9a68a5ab066abae1f07f8534cfcbdb2fd55ba30af65c39bba379aef3be6ab,2023-11-30,Taxis,taxis,Petrol-CNG,0,0,reported_numeric
25c9a68a5ab066abae1f07f8534cfcbdb2fd55ba30af65c39bba379aef3be6ab,2023-11-30,Taxis,taxis,Petrol-Electric,10165,10165,reported_numeric
25c9a68a5ab066abae1f07f8534cfcbdb2fd55ba30af65c39bba379aef3be6ab,2023-12-31,Buses,buses,CNG,0,0,reported_numeric
25c9a68a5ab066abae1f07f8534cfcbdb2fd55ba30af65c39bba379aef3be6ab,2023-12-31,Buses,buses,Diesel,17406,17406,reported_numeric
25c9a68a5ab066abae1f07f8534cfcbdb2fd55ba30af65c39bba379aef3be6ab,2023-12-31,Buses,buses,Diesel-Electric,50,50,reported_numeric
25c9a68a5ab066abae1f07f8534cfcbdb2fd55ba30af65c39bba379aef3be6ab,2023-12-31,Buses,buses,Electric,242,242,reported_numeric
25c9a68a5ab066abae1f07f8534cfcbdb2fd55ba30af65c39bba379aef3be6ab,2023-12-31,Buses,buses,Petrol,135,135,reported_numeric
25c9a68a5ab066abae1f07f8534cfcbdb2fd55ba30af65c39bba379aef3be6ab,2023-12-31,Buses,buses,Petrol-CNG,0,0,reported_numeric
25c9a68a5ab066abae1f07f8534cfcbdb2fd55ba30af65c39bba379aef3be6ab,2023-12-31,Cars,cars,CNG,0,0,reported_numeric
25c9a68a5ab066abae1f07f8534cfcbdb2fd55ba30af65c39bba379aef3be6ab,2023-12-31,Cars,cars,Diesel,18037,18037,reported_numeric
25c9a68a5ab066abae1f07f8534cfcbdb2fd55ba30af65c39bba379aef3be6ab,2023-12-31,Cars,cars,Diesel-Electric,18,18,reported_numeric
25c9a68a5ab066abae1f07f8534cfcbdb2fd55ba30af65c39bba379aef3be6ab,2023-12-31,Cars,cars,Diesel-Electric (Plug-In),1,1,reported_numeric
25c9a68a5ab066abae1f07f8534cfcbdb2fd55ba30af65c39bba379aef3be6ab,2023-12-31,Cars,cars,Electric,11941,11941,reported_numeric
25c9a68a5ab066abae1f07f8534cfcbdb2fd55ba30af65c39bba379aef3be6ab,2023-12-31,Cars,cars,Petrol,540605,540605,reported_numeric
25c9a68a5ab066abae1f07f8534cfcbdb2fd55ba30af65c39bba379aef3be6ab,2023-12-31,Cars,cars,Petrol-CNG,85,85,reported_numeric
25c9a68a5ab066abae1f07f8534cfcbdb2fd55ba30af65c39bba379aef3be6ab,2023-12-31,Cars,cars,Petrol-Electric,79256,79256,reported_numeric
25c9a68a5ab066abae1f07f8534cfcbdb2fd55ba30af65c39bba379aef3be6ab,2023-12-31,Cars,cars,Petrol-Electric (Plug-In),1359,1359,reported_numeric
25c9a68a5ab066abae1f07f8534cfcbdb2fd55ba30af65c39bba379aef3be6ab,2023-12-31,Goods & Other Vehicles,goods_and_other_vehicles,CNG,0,0,reported_numeric
25c9a68a5ab066abae1f07f8534cfcbdb2fd55ba30af65c39bba379aef3be6ab,2023-12-31,Goods & Other Vehicles,goods_and_other_vehicles,Diesel,128381,128381,reported_numeric
25c9a68a5ab066abae1f07f8534cfcbdb2fd55ba30af65c39bba379aef3be6ab,2023-12-31,Goods & Other Vehicles,goods_and_other_vehicles,Diesel-Electric,24,24,reported_numeric
25c9a68a5ab066abae1f07f8534cfcbdb2fd55ba30af65c39bba379aef3be6ab,2023-12-31,Goods & Other Vehicles,goods_and_other_vehicles,Electric,3338,3338,reported_numeric
25c9a68a5ab066abae1f07f8534cfcbdb2fd55ba30af65c39bba379aef3be6ab,2023-12-31,Goods & Other Vehicles,goods_and_other_vehicles,Petrol,12213,12213,reported_numeric
25c9a68a5ab066abae1f07f8534cfcbdb2fd55ba30af65c39bba379aef3be6ab,2023-12-31,Goods & Other Vehicles,goods_and_other_vehicles,Petrol-CNG,0,0,reported_numeric
25c9a68a5ab066abae1f07f8534cfcbdb2fd55ba30af65c39bba379aef3be6ab,2023-12-31,Goods & Other Vehicles,goods_and_other_vehicles,Petrol-Electric,4,4,reported_numeric
25c9a68a5ab066abae1f07f8534cfcbdb2fd55ba30af65c39bba379aef3be6ab,2023-12-31,Motor-cycles,motorcycles,Electric,270,270,reported_numeric
25c9a68a5ab066abae1f07f8534cfcbdb2fd55ba30af65c39bba379aef3be6ab,2023-12-31,Motor-cycles,motorcycles,Petrol,143218,143218,reported_numeric
25c9a68a5ab066abae1f07f8534cfcbdb2fd55ba30af65c39bba379aef3be6ab,2023-12-31,Taxis,taxis,CNG,0,0,reported_numeric
25c9a68a5ab066abae1f07f8534cfcbdb2fd55ba30af65c39bba379aef3be6ab,2023-12-31,Taxis,taxis,Diesel,2860,2860,reported_numeric
25c9a68a5ab066abae1f07f8534cfcbdb2fd55ba30af65c39bba379aef3be6ab,2023-12-31,Taxis,taxis,Electric,471,471,reported_numeric
25c9a68a5ab066abae1f07f8534cfcbdb2fd55ba30af65c39bba379aef3be6ab,2023-12-31,Taxis,taxis,Petrol,5,5,reported_numeric
25c9a68a5ab066abae1f07f8534cfcbdb2fd55ba30af65c39bba379aef3be6ab,2023-12-31,Taxis,taxis,Petrol-CNG,0,0,reported_numeric
25c9a68a5ab066abae1f07f8534cfcbdb2fd55ba30af65c39bba379aef3be6ab,2023-12-31,Taxis,taxis,Petrol-Electric,10284,10284,reported_numeric
25c9a68a5ab066abae1f07f8534cfcbdb2fd55ba30af65c39bba379aef3be6ab,2024-01-31,Buses,buses,CNG,0,0,reported_numeric
25c9a68a5ab066abae1f07f8534cfcbdb2fd55ba30af65c39bba379aef3be6ab,2024-01-31,Buses,buses,Diesel,17444,17444,reported_numeric
25c9a68a5ab066abae1f07f8534cfcbdb2fd55ba30af65c39bba379aef3be6ab,2024-01-31,Buses,buses,Diesel-Electric,50,50,reported_numeric
25c9a68a5ab066abae1f07f8534cfcbdb2fd55ba30af65c39bba379aef3be6ab,2024-01-31,Buses,buses,Electric,255,255,reported_numeric
25c9a68a5ab066abae1f07f8534cfcbdb2fd55ba30af65c39bba379aef3be6ab,2024-01-31,Buses,buses,Petrol,135,135,reported_numeric
25c9a68a5ab066abae1f07f8534cfcbdb2fd55ba30af65c39bba379aef3be6ab,2024-01-31,Buses,buses,Petrol-CNG,0,0,reported_numeric
25c9a68a5ab066abae1f07f8534cfcbdb2fd55ba30af65c39bba379aef3be6ab,2024-01-31,Cars,cars,CNG,0,0,reported_numeric
25c9a68a5ab066abae1f07f8534cfcbdb2fd55ba30af65c39bba379aef3be6ab,2024-01-31,Cars,cars,Diesel,17993,17993,reported_numeric
25c9a68a5ab066abae1f07f8534cfcbdb2fd55ba30af65c39bba379aef3be6ab,2024-01-31,Cars,cars,Diesel-Electric,17,17,reported_numeric
25c9a68a5ab066abae1f07f8534cfcbdb2fd55ba30af65c39bba379aef3be6ab,2024-01-31,Cars,cars,Diesel-Electric (Plug-In),1,1,reported_numeric
25c9a68a5ab066abae1f07f8534cfcbdb2fd55ba30af65c39bba379aef3be6ab,2024-01-31,Cars,cars,Electric,12572,12572,reported_numeric
25c9a68a5ab066abae1f07f8534cfcbdb2fd55ba30af65c39bba379aef3be6ab,2024-01-31,Cars,cars,Petrol,537988,537988,reported_numeric
25c9a68a5ab066abae1f07f8534cfcbdb2fd55ba30af65c39bba379aef3be6ab,2024-01-31,Cars,cars,Petrol-CNG,83,83,reported_numeric
25c9a68a5ab066abae1f07f8534cfcbdb2fd55ba30af65c39bba379aef3be6ab,2024-01-31,Cars,cars,Petrol-Electric,80304,80304,reported_numeric
25c9a68a5ab066abae1f07f8534cfcbdb2fd55ba30af65c39bba379aef3be6ab,2024-01-31,Cars,cars,Petrol-Electric (Plug-In),1370,1370,reported_numeric
25c9a68a5ab066abae1f07f8534cfcbdb2fd55ba30af65c39bba379aef3be6ab,2024-01-31,Goods & Other Vehicles,goods_and_other_vehicles,CNG,0,0,reported_numeric
25c9a68a5ab066abae1f07f8534cfcbdb2fd55ba30af65c39bba379aef3be6ab,2024-01-31,Goods & Other Vehicles,goods_and_other_vehicles,Diesel,128228,128228,reported_numeric
25c9a68a5ab066abae1f07f8534cfcbdb2fd55ba30af65c39bba379aef3be6ab,2024-01-31,Goods & Other Vehicles,goods_and_other_vehicles,Diesel-Electric,24,24,reported_numeric
25c9a68a5ab066abae1f07f8534cfcbdb2fd55ba30af65c39bba379aef3be6ab,2024-01-31,Goods & Other Vehicles,goods_and_other_vehicles,Electric,3418,3418,reported_numeric
25c9a68a5ab066abae1f07f8534cfcbdb2fd55ba30af65c39bba379aef3be6ab,2024-01-31,Goods & Other Vehicles,goods_and_other_vehicles,Petrol,12232,12232,reported_numeric
25c9a68a5ab066abae1f07f8534cfcbdb2fd55ba30af65c39bba379aef3be6ab,2024-01-31,Goods & Other Vehicles,goods_and_other_vehicles,Petrol-CNG,0,0,reported_numeric
25c9a68a5ab066abae1f07f8534cfcbdb2fd55ba30af65c39bba379aef3be6ab,2024-01-31,Goods & Other Vehicles,goods_and_other_vehicles,Petrol-Electric,4,4,reported_numeric
25c9a68a5ab066abae1f07f8534cfcbdb2fd55ba30af65c39bba379aef3be6ab,2024-01-31,Motor-cycles,motorcycles,Electric,271,271,reported_numeric
25c9a68a5ab066abae1f07f8534cfcbdb2fd55ba30af65c39bba379aef3be6ab,2024-01-31,Motor-cycles,motorcycles,Petrol,143254,143254,reported_numeric
25c9a68a5ab066abae1f07f8534cfcbdb2fd55ba30af65c39bba379aef3be6ab,2024-01-31,Taxis,taxis,CNG,0,0,reported_numeric
25c9a68a5ab066abae1f07f8534cfcbdb2fd55ba30af65c39bba379aef3be6ab,2024-01-31,Taxis,taxis,Diesel,2774,2774,reported_numeric
25c9a68a5ab066abae1f07f8534cfcbdb2fd55ba30af65c39bba379aef3be6ab,2024-01-31,Taxis,taxis,Electric,471,471,reported_numeric
25c9a68a5ab066abae1f07f8534cfcbdb2fd55ba30af65c39bba379aef3be6ab,2024-01-31,Taxis,taxis,Petrol,5,5,reported_numeric
25c9a68a5ab066abae1f07f8534cfcbdb2fd55ba30af65c39bba379aef3be6ab,2024-01-31,Taxis,taxis,Petrol-CNG,0,0,reported_numeric
25c9a68a5ab066abae1f07f8534cfcbdb2fd55ba30af65c39bba379aef3be6ab,2024-01-31,Taxis,taxis,Petrol-Electric,10235,10235,reported_numeric
25c9a68a5ab066abae1f07f8534cfcbdb2fd55ba30af65c39bba379aef3be6ab,2024-02-29,Buses,buses,CNG,0,0,reported_numeric
25c9a68a5ab066abae1f07f8534cfcbdb2fd55ba30af65c39bba379aef3be6ab,2024-02-29,Buses,buses,Diesel,17474,17474,reported_numeric
25c9a68a5ab066abae1f07f8534cfcbdb2fd55ba30af65c39bba379aef3be6ab,2024-02-29,Buses,buses,Diesel-Electric,50,50,reported_numeric
25c9a68a5ab066abae1f07f8534cfcbdb2fd55ba30af65c39bba379aef3be6ab,2024-02-29,Buses,buses,Electric,257,257,reported_numeric
25c9a68a5ab066abae1f07f8534cfcbdb2fd55ba30af65c39bba379aef3be6ab,2024-02-29,Buses,buses,Petrol,135,135,reported_numeric
25c9a68a5ab066abae1f07f8534cfcbdb2fd55ba30af65c39bba379aef3be6ab,2024-02-29,Buses,buses,Petrol-CNG,0,0,reported_numeric
25c9a68a5ab066abae1f07f8534cfcbdb2fd55ba30af65c39bba379aef3be6ab,2024-02-29,Cars,cars,CNG,0,0,reported_numeric
25c9a68a5ab066abae1f07f8534cfcbdb2fd55ba30af65c39bba379aef3be6ab,2024-02-29,Cars,cars,Diesel,17955,17955,reported_numeric
25c9a68a5ab066abae1f07f8534cfcbdb2fd55ba30af65c39bba379aef3be6ab,2024-02-29,Cars,cars,Diesel-Electric,17,17,reported_numeric
25c9a68a5ab066abae1f07f8534cfcbdb2fd55ba30af65c39bba379aef3be6ab,2024-02-29,Cars,cars,Diesel-Electric (Plug-In),1,1,reported_numeric
25c9a68a5ab066abae1f07f8534cfcbdb2fd55ba30af65c39bba379aef3be6ab,2024-02-29,Cars,cars,Electric,13327,13327,reported_numeric
25c9a68a5ab066abae1f07f8534cfcbdb2fd55ba30af65c39bba379aef3be6ab,2024-02-29,Cars,cars,Petrol,535760,535760,reported_numeric
25c9a68a5ab066abae1f07f8534cfcbdb2fd55ba30af65c39bba379aef3be6ab,2024-02-29,Cars,cars,Petrol-CNG,82,82,reported_numeric
25c9a68a5ab066abae1f07f8534cfcbdb2fd55ba30af65c39bba379aef3be6ab,2024-02-29,Cars,cars,Petrol-Electric,81410,81410,reported_numeric
25c9a68a5ab066abae1f07f8534cfcbdb2fd55ba30af65c39bba379aef3be6ab,2024-02-29,Cars,cars,Petrol-Electric (Plug-In),1375,1375,reported_numeric
25c9a68a5ab066abae1f07f8534cfcbdb2fd55ba30af65c39bba379aef3be6ab,2024-02-29,Goods & Other Vehicles,goods_and_other_vehicles,CNG,0,0,reported_numeric
25c9a68a5ab066abae1f07f8534cfcbdb2fd55ba30af65c39bba379aef3be6ab,2024-02-29,Goods & Other Vehicles,goods_and_other_vehicles,Diesel,127957,127957,reported_numeric
25c9a68a5ab066abae1f07f8534cfcbdb2fd55ba30af65c39bba379aef3be6ab,2024-02-29,Goods & Other Vehicles,goods_and_other_vehicles,Diesel-Electric,24,24,reported_numeric
25c9a68a5ab066abae1f07f8534cfcbdb2fd55ba30af65c39bba379aef3be6ab,2024-02-29,Goods & Other Vehicles,goods_and_other_vehicles,Electric,3483,3483,reported_numeric
25c9a68a5ab066abae1f07f8534cfcbdb2fd55ba30af65c39bba379aef3be6ab,2024-02-29,Goods & Other Vehicles,goods_and_other_vehicles,Petrol,12255,12255,reported_numeric
25c9a68a5ab066abae1f07f8534cfcbdb2fd55ba30af65c39bba379aef3be6ab,2024-02-29,Goods & Other Vehicles,goods_and_other_vehicles,Petrol-CNG,0,0,reported_numeric
25c9a68a5ab066abae1f07f8534cfcbdb2fd55ba30af65c39bba379aef3be6ab,2024-02-29,Goods & Other Vehicles,goods_and_other_vehicles,Petrol-Electric,4,4,reported_numeric
25c9a68a5ab066abae1f07f8534cfcbdb2fd55ba30af65c39bba379aef3be6ab,2024-02-29,Motor-cycles,motorcycles,Electric,279,279,reported_numeric
25c9a68a5ab066abae1f07f8534cfcbdb2fd55ba30af65c39bba379aef3be6ab,2024-02-29,Motor-cycles,motorcycles,Petrol,143198,143198,reported_numeric
25c9a68a5ab066abae1f07f8534cfcbdb2fd55ba30af65c39bba379aef3be6ab,2024-02-29,Taxis,taxis,CNG,0,0,reported_numeric
25c9a68a5ab066abae1f07f8534cfcbdb2fd55ba30af65c39bba379aef3be6ab,2024-02-29,Taxis,taxis,Diesel,2731,2731,reported_numeric
25c9a68a5ab066abae1f07f8534cfcbdb2fd55ba30af65c39bba379aef3be6ab,2024-02-29,Taxis,taxis,Electric,474,474,reported_numeric
25c9a68a5ab066abae1f07f8534cfcbdb2fd55ba30af65c39bba379aef3be6ab,2024-02-29,Taxis,taxis,Petrol,5,5,reported_numeric
25c9a68a5ab066abae1f07f8534cfcbdb2fd55ba30af65c39bba379aef3be6ab,2024-02-29,Taxis,taxis,Petrol-CNG,0,0,reported_numeric
25c9a68a5ab066abae1f07f8534cfcbdb2fd55ba30af65c39bba379aef3be6ab,2024-02-29,Taxis,taxis,Petrol-Electric,10226,10226,reported_numeric
25c9a68a5ab066abae1f07f8534cfcbdb2fd55ba30af65c39bba379aef3be6ab,2024-03-31,Buses,buses,CNG,0,0,reported_numeric
25c9a68a5ab066abae1f07f8534cfcbdb2fd55ba30af65c39bba379aef3be6ab,2024-03-31,Buses,buses,Diesel,17511,17511,reported_numeric
25c9a68a5ab066abae1f07f8534cfcbdb2fd55ba30af65c39bba379aef3be6ab,2024-03-31,Buses,buses,Diesel-Electric,50,50,reported_numeric
25c9a68a5ab066abae1f07f8534cfcbdb2fd55ba30af65c39bba379aef3be6ab,2024-03-31,Buses,buses,Electric,262,262,reported_numeric
25c9a68a5ab066abae1f07f8534cfcbdb2fd55ba30af65c39bba379aef3be6ab,2024-03-31,Buses,buses,Petrol,136,136,reported_numeric
25c9a68a5ab066abae1f07f8534cfcbdb2fd55ba30af65c39bba379aef3be6ab,2024-03-31,Buses,buses,Petrol-CNG,0,0,reported_numeric
25c9a68a5ab066abae1f07f8534cfcbdb2fd55ba30af65c39bba379aef3be6ab,2024-03-31,Cars,cars,CNG,0,0,reported_numeric
25c9a68a5ab066abae1f07f8534cfcbdb2fd55ba30af65c39bba379aef3be6ab,2024-03-31,Cars,cars,Diesel,17886,17886,reported_numeric
25c9a68a5ab066abae1f07f8534cfcbdb2fd55ba30af65c39bba379aef3be6ab,2024-03-31,Cars,cars,Diesel-Electric,17,17,reported_numeric
25c9a68a5ab066abae1f07f8534cfcbdb2fd55ba30af65c39bba379aef3be6ab,2024-03-31,Cars,cars,Diesel-Electric (Plug-In),1,1,reported_numeric
25c9a68a5ab066abae1f07f8534cfcbdb2fd55ba30af65c39bba379aef3be6ab,2024-03-31,Cars,cars,Electric,14518,14518,reported_numeric
25c9a68a5ab066abae1f07f8534cfcbdb2fd55ba30af65c39bba379aef3be6ab,2024-03-31,Cars,cars,Petrol,532776,532776,reported_numeric
25c9a68a5ab066abae1f07f8534cfcbdb2fd55ba30af65c39bba379aef3be6ab,2024-03-31,Cars,cars,Petrol-CNG,82,82,reported_numeric
25c9a68a5ab066abae1f07f8534cfcbdb2fd55ba30af65c39bba379aef3be6ab,2024-03-31,Cars,cars,Petrol-Electric,83063,83063,reported_numeric
25c9a68a5ab066abae1f07f8534cfcbdb2fd55ba30af65c39bba379aef3be6ab,2024-03-31,Cars,cars,Petrol-Electric (Plug-In),1398,1398,reported_numeric
25c9a68a5ab066abae1f07f8534cfcbdb2fd55ba30af65c39bba379aef3be6ab,2024-03-31,Goods & Other Vehicles,goods_and_other_vehicles,CNG,0,0,reported_numeric
25c9a68a5ab066abae1f07f8534cfcbdb2fd55ba30af65c39bba379aef3be6ab,2024-03-31,Goods & Other Vehicles,goods_and_other_vehicles,Diesel,127726,127726,reported_numeric
25c9a68a5ab066abae1f07f8534cfcbdb2fd55ba30af65c39bba379aef3be6ab,2024-03-31,Goods & Other Vehicles,goods_and_other_vehicles,Diesel-Electric,24,24,reported_numeric
25c9a68a5ab066abae1f07f8534cfcbdb2fd55ba30af65c39bba379aef3be6ab,2024-03-31,Goods & Other Vehicles,goods_and_other_vehicles,Electric,3587,3587,reported_numeric
25c9a68a5ab066abae1f07f8534cfcbdb2fd55ba30af65c39bba379aef3be6ab,2024-03-31,Goods & Other Vehicles,goods_and_other_vehicles,Petrol,12347,12347,reported_numeric
25c9a68a5ab066abae1f07f8534cfcbdb2fd55ba30af65c39bba379aef3be6ab,2024-03-31,Goods & Other Vehicles,goods_and_other_vehicles,Petrol-CNG,0,0,reported_numeric
25c9a68a5ab066abae1f07f8534cfcbdb2fd55ba30af65c39bba379aef3be6ab,2024-03-31,Goods & Other Vehicles,goods_and_other_vehicles,Petrol-Electric,4,4,reported_numeric
25c9a68a5ab066abae1f07f8534cfcbdb2fd55ba30af65c39bba379aef3be6ab,2024-03-31,Motor-cycles,motorcycles,Electric,281,281,reported_numeric
25c9a68a5ab066abae1f07f8534cfcbdb2fd55ba30af65c39bba379aef3be6ab,2024-03-31,Motor-cycles,motorcycles,Petrol,143577,143577,reported_numeric
25c9a68a5ab066abae1f07f8534cfcbdb2fd55ba30af65c39bba379aef3be6ab,2024-03-31,Taxis,taxis,CNG,0,0,reported_numeric
25c9a68a5ab066abae1f07f8534cfcbdb2fd55ba30af65c39bba379aef3be6ab,2024-03-31,Taxis,taxis,Diesel,2545,2545,reported_numeric
25c9a68a5ab066abae1f07f8534cfcbdb2fd55ba30af65c39bba379aef3be6ab,2024-03-31,Taxis,taxis,Electric,474,474,reported_numeric
25c9a68a5ab066abae1f07f8534cfcbdb2fd55ba30af65c39bba379aef3be6ab,2024-03-31,Taxis,taxis,Petrol,5,5,reported_numeric
25c9a68a5ab066abae1f07f8534cfcbdb2fd55ba30af65c39bba379aef3be6ab,2024-03-31,Taxis,taxis,Petrol-CNG,0,0,reported_numeric
25c9a68a5ab066abae1f07f8534cfcbdb2fd55ba30af65c39bba379aef3be6ab,2024-03-31,Taxis,taxis,Petrol-Electric,10352,10352,reported_numeric
25c9a68a5ab066abae1f07f8534cfcbdb2fd55ba30af65c39bba379aef3be6ab,2024-04-30,Buses,buses,CNG,0,0,reported_numeric
25c9a68a5ab066abae1f07f8534cfcbdb2fd55ba30af65c39bba379aef3be6ab,2024-04-30,Buses,buses,Diesel,17526,17526,reported_numeric
25c9a68a5ab066abae1f07f8534cfcbdb2fd55ba30af65c39bba379aef3be6ab,2024-04-30,Buses,buses,Diesel-Electric,50,50,reported_numeric
25c9a68a5ab066abae1f07f8534cfcbdb2fd55ba30af65c39bba379aef3be6ab,2024-04-30,Buses,buses,Electric,268,268,reported_numeric
25c9a68a5ab066abae1f07f8534cfcbdb2fd55ba30af65c39bba379aef3be6ab,2024-04-30,Buses,buses,Petrol,136,136,reported_numeric
25c9a68a5ab066abae1f07f8534cfcbdb2fd55ba30af65c39bba379aef3be6ab,2024-04-30,Buses,buses,Petrol-CNG,0,0,reported_numeric
25c9a68a5ab066abae1f07f8534cfcbdb2fd55ba30af65c39bba379aef3be6ab,2024-04-30,Cars,cars,CNG,0,0,reported_numeric
25c9a68a5ab066abae1f07f8534cfcbdb2fd55ba30af65c39bba379aef3be6ab,2024-04-30,Cars,cars,Diesel,17804,17804,reported_numeric
25c9a68a5ab066abae1f07f8534cfcbdb2fd55ba30af65c39bba379aef3be6ab,2024-04-30,Cars,cars,Diesel-Electric,16,16,reported_numeric
25c9a68a5ab066abae1f07f8534cfcbdb2fd55ba30af65c39bba379aef3be6ab,2024-04-30,Cars,cars,Diesel-Electric (Plug-In),1,1,reported_numeric
25c9a68a5ab066abae1f07f8534cfcbdb2fd55ba30af65c39bba379aef3be6ab,2024-04-30,Cars,cars,Electric,15713,15713,reported_numeric
25c9a68a5ab066abae1f07f8534cfcbdb2fd55ba30af65c39bba379aef3be6ab,2024-04-30,Cars,cars,Petrol,530003,530003,reported_numeric
25c9a68a5ab066abae1f07f8534cfcbdb2fd55ba30af65c39bba379aef3be6ab,2024-04-30,Cars,cars,Petrol-CNG,80,80,reported_numeric
25c9a68a5ab066abae1f07f8534cfcbdb2fd55ba30af65c39bba379aef3be6ab,2024-04-30,Cars,cars,Petrol-Electric,84570,84570,reported_numeric
25c9a68a5ab066abae1f07f8534cfcbdb2fd55ba30af65c39bba379aef3be6ab,2024-04-30,Cars,cars,Petrol-Electric (Plug-In),1424,1424,reported_numeric
25c9a68a5ab066abae1f07f8534cfcbdb2fd55ba30af65c39bba379aef3be6ab,2024-04-30,Goods & Other Vehicles,goods_and_other_vehicles,CNG,0,0,reported_numeric
25c9a68a5ab066abae1f07f8534cfcbdb2fd55ba30af65c39bba379aef3be6ab,2024-04-30,Goods & Other Vehicles,goods_and_other_vehicles,Diesel,127405,127405,reported_numeric
25c9a68a5ab066abae1f07f8534cfcbdb2fd55ba30af65c39bba379aef3be6ab,2024-04-30,Goods & Other Vehicles,goods_and_other_vehicles,Diesel-Electric,26,26,reported_numeric
25c9a68a5ab066abae1f07f8534cfcbdb2fd55ba30af65c39bba379aef3be6ab,2024-04-30,Goods & Other Vehicles,goods_and_other_vehicles,Electric,3696,3696,reported_numeric
25c9a68a5ab066abae1f07f8534cfcbdb2fd55ba30af65c39bba379aef3be6ab,2024-04-30,Goods & Other Vehicles,goods_and_other_vehicles,Petrol,12436,12436,reported_numeric
25c9a68a5ab066abae1f07f8534cfcbdb2fd55ba30af65c39bba379aef3be6ab,2024-04-30,Goods & Other Vehicles,goods_and_other_vehicles,Petrol-CNG,0,0,reported_numeric
25c9a68a5ab066abae1f07f8534cfcbdb2fd55ba30af65c39bba379aef3be6ab,2024-04-30,Goods & Other Vehicles,goods_and_other_vehicles,Petrol-Electric,4,4,reported_numeric
25c9a68a5ab066abae1f07f8534cfcbdb2fd55ba30af65c39bba379aef3be6ab,2024-04-30,Motor-cycles,motorcycles,Electric,282,282,reported_numeric
25c9a68a5ab066abae1f07f8534cfcbdb2fd55ba30af65c39bba379aef3be6ab,2024-04-30,Motor-cycles,motorcycles,Petrol,144039,144039,reported_numeric
25c9a68a5ab066abae1f07f8534cfcbdb2fd55ba30af65c39bba379aef3be6ab,2024-04-30,Taxis,taxis,CNG,0,0,reported_numeric
25c9a68a5ab066abae1f07f8534cfcbdb2fd55ba30af65c39bba379aef3be6ab,2024-04-30,Taxis,taxis,Diesel,2390,2390,reported_numeric
25c9a68a5ab066abae1f07f8534cfcbdb2fd55ba30af65c39bba379aef3be6ab,2024-04-30,Taxis,taxis,Electric,486,486,reported_numeric
25c9a68a5ab066abae1f07f8534cfcbdb2fd55ba30af65c39bba379aef3be6ab,2024-04-30,Taxis,taxis,Petrol,5,5,reported_numeric
25c9a68a5ab066abae1f07f8534cfcbdb2fd55ba30af65c39bba379aef3be6ab,2024-04-30,Taxis,taxis,Petrol-CNG,0,0,reported_numeric
25c9a68a5ab066abae1f07f8534cfcbdb2fd55ba30af65c39bba379aef3be6ab,2024-04-30,Taxis,taxis,Petrol-Electric,10515,10515,reported_numeric
25c9a68a5ab066abae1f07f8534cfcbdb2fd55ba30af65c39bba379aef3be6ab,2024-05-31,Buses,buses,CNG,0,0,reported_numeric
25c9a68a5ab066abae1f07f8534cfcbdb2fd55ba30af65c39bba379aef3be6ab,2024-05-31,Buses,buses,Diesel,17546,17546,reported_numeric
25c9a68a5ab066abae1f07f8534cfcbdb2fd55ba30af65c39bba379aef3be6ab,2024-05-31,Buses,buses,Diesel-Electric,50,50,reported_numeric
25c9a68a5ab066abae1f07f8534cfcbdb2fd55ba30af65c39bba379aef3be6ab,2024-05-31,Buses,buses,Electric,276,276,reported_numeric
25c9a68a5ab066abae1f07f8534cfcbdb2fd55ba30af65c39bba379aef3be6ab,2024-05-31,Buses,buses,Petrol,135,135,reported_numeric
25c9a68a5ab066abae1f07f8534cfcbdb2fd55ba30af65c39bba379aef3be6ab,2024-05-31,Buses,buses,Petrol-CNG,0,0,reported_numeric
25c9a68a5ab066abae1f07f8534cfcbdb2fd55ba30af65c39bba379aef3be6ab,2024-05-31,Cars,cars,CNG,0,0,reported_numeric
25c9a68a5ab066abae1f07f8534cfcbdb2fd55ba30af65c39bba379aef3be6ab,2024-05-31,Cars,cars,Diesel,17726,17726,reported_numeric
25c9a68a5ab066abae1f07f8534cfcbdb2fd55ba30af65c39bba379aef3be6ab,2024-05-31,Cars,cars,Diesel-Electric,16,16,reported_numeric
25c9a68a5ab066abae1f07f8534cfcbdb2fd55ba30af65c39bba379aef3be6ab,2024-05-31,Cars,cars,Diesel-Electric (Plug-In),1,1,reported_numeric
25c9a68a5ab066abae1f07f8534cfcbdb2fd55ba30af65c39bba379aef3be6ab,2024-05-31,Cars,cars,Electric,16738,16738,reported_numeric
25c9a68a5ab066abae1f07f8534cfcbdb2fd55ba30af65c39bba379aef3be6ab,2024-05-31,Cars,cars,Petrol,527893,527893,reported_numeric
25c9a68a5ab066abae1f07f8534cfcbdb2fd55ba30af65c39bba379aef3be6ab,2024-05-31,Cars,cars,Petrol-CNG,78,78,reported_numeric
25c9a68a5ab066abae1f07f8534cfcbdb2fd55ba30af65c39bba379aef3be6ab,2024-05-31,Cars,cars,Petrol-Electric,86114,86114,reported_numeric
25c9a68a5ab066abae1f07f8534cfcbdb2fd55ba30af65c39bba379aef3be6ab,2024-05-31,Cars,cars,Petrol-Electric (Plug-In),1435,1435,reported_numeric
25c9a68a5ab066abae1f07f8534cfcbdb2fd55ba30af65c39bba379aef3be6ab,2024-05-31,Goods & Other Vehicles,goods_and_other_vehicles,CNG,0,0,reported_numeric
25c9a68a5ab066abae1f07f8534cfcbdb2fd55ba30af65c39bba379aef3be6ab,2024-05-31,Goods & Other Vehicles,goods_and_other_vehicles,Diesel,127241,127241,reported_numeric
25c9a68a5ab066abae1f07f8534cfcbdb2fd55ba30af65c39bba379aef3be6ab,2024-05-31,Goods & Other Vehicles,goods_and_other_vehicles,Diesel-Electric,26,26,reported_numeric
25c9a68a5ab066abae1f07f8534cfcbdb2fd55ba30af65c39bba379aef3be6ab,2024-05-31,Goods & Other Vehicles,goods_and_other_vehicles,Electric,3770,3770,reported_numeric
25c9a68a5ab066abae1f07f8534cfcbdb2fd55ba30af65c39bba379aef3be6ab,2024-05-31,Goods & Other Vehicles,goods_and_other_vehicles,Petrol,12524,12524,reported_numeric
25c9a68a5ab066abae1f07f8534cfcbdb2fd55ba30af65c39bba379aef3be6ab,2024-05-31,Goods & Other Vehicles,goods_and_other_vehicles,Petrol-CNG,0,0,reported_numeric
25c9a68a5ab066abae1f07f8534cfcbdb2fd55ba30af65c39bba379aef3be6ab,2024-05-31,Goods & Other Vehicles,goods_and_other_vehicles,Petrol-Electric,4,4,reported_numeric
25c9a68a5ab066abae1f07f8534cfcbdb2fd55ba30af65c39bba379aef3be6ab,2024-05-31,Motor-cycles,motorcycles,Electric,284,284,reported_numeric
25c9a68a5ab066abae1f07f8534cfcbdb2fd55ba30af65c39bba379aef3be6ab,2024-05-31,Motor-cycles,motorcycles,Petrol,144467,144467,reported_numeric
25c9a68a5ab066abae1f07f8534cfcbdb2fd55ba30af65c39bba379aef3be6ab,2024-05-31,Taxis,taxis,CNG,0,0,reported_numeric
25c9a68a5ab066abae1f07f8534cfcbdb2fd55ba30af65c39bba379aef3be6ab,2024-05-31,Taxis,taxis,Diesel,2246,2246,reported_numeric
25c9a68a5ab066abae1f07f8534cfcbdb2fd55ba30af65c39bba379aef3be6ab,2024-05-31,Taxis,taxis,Electric,490,490,reported_numeric
25c9a68a5ab066abae1f07f8534cfcbdb2fd55ba30af65c39bba379aef3be6ab,2024-05-31,Taxis,taxis,Petrol,5,5,reported_numeric
25c9a68a5ab066abae1f07f8534cfcbdb2fd55ba30af65c39bba379aef3be6ab,2024-05-31,Taxis,taxis,Petrol-CNG,0,0,reported_numeric
25c9a68a5ab066abae1f07f8534cfcbdb2fd55ba30af65c39bba379aef3be6ab,2024-05-31,Taxis,taxis,Petrol-Electric,10589,10589,reported_numeric
25c9a68a5ab066abae1f07f8534cfcbdb2fd55ba30af65c39bba379aef3be6ab,2024-06-30,Buses,buses,CNG,0,0,reported_numeric
25c9a68a5ab066abae1f07f8534cfcbdb2fd55ba30af65c39bba379aef3be6ab,2024-06-30,Buses,buses,Diesel,17563,17563,reported_numeric
25c9a68a5ab066abae1f07f8534cfcbdb2fd55ba30af65c39bba379aef3be6ab,2024-06-30,Buses,buses,Diesel-Electric,50,50,reported_numeric
25c9a68a5ab066abae1f07f8534cfcbdb2fd55ba30af65c39bba379aef3be6ab,2024-06-30,Buses,buses,Electric,293,293,reported_numeric
25c9a68a5ab066abae1f07f8534cfcbdb2fd55ba30af65c39bba379aef3be6ab,2024-06-30,Buses,buses,Petrol,135,135,reported_numeric
25c9a68a5ab066abae1f07f8534cfcbdb2fd55ba30af65c39bba379aef3be6ab,2024-06-30,Buses,buses,Petrol-CNG,0,0,reported_numeric
25c9a68a5ab066abae1f07f8534cfcbdb2fd55ba30af65c39bba379aef3be6ab,2024-06-30,Cars,cars,CNG,0,0,reported_numeric
25c9a68a5ab066abae1f07f8534cfcbdb2fd55ba30af65c39bba379aef3be6ab,2024-06-30,Cars,cars,Diesel,17645,17645,reported_numeric
25c9a68a5ab066abae1f07f8534cfcbdb2fd55ba30af65c39bba379aef3be6ab,2024-06-30,Cars,cars,Diesel-Electric,16,16,reported_numeric
25c9a68a5ab066abae1f07f8534cfcbdb2fd55ba30af65c39bba379aef3be6ab,2024-06-30,Cars,cars,Diesel-Electric (Plug-In),1,1,reported_numeric
25c9a68a5ab066abae1f07f8534cfcbdb2fd55ba30af65c39bba379aef3be6ab,2024-06-30,Cars,cars,Electric,17914,17914,reported_numeric
25c9a68a5ab066abae1f07f8534cfcbdb2fd55ba30af65c39bba379aef3be6ab,2024-06-30,Cars,cars,Petrol,526796,526796,reported_numeric
25c9a68a5ab066abae1f07f8534cfcbdb2fd55ba30af65c39bba379aef3be6ab,2024-06-30,Cars,cars,Petrol-CNG,77,77,reported_numeric
25c9a68a5ab066abae1f07f8534cfcbdb2fd55ba30af65c39bba379aef3be6ab,2024-06-30,Cars,cars,Petrol-Electric,87906,87906,reported_numeric
25c9a68a5ab066abae1f07f8534cfcbdb2fd55ba30af65c39bba379aef3be6ab,2024-06-30,Cars,cars,Petrol-Electric (Plug-In),1452,1452,reported_numeric
25c9a68a5ab066abae1f07f8534cfcbdb2fd55ba30af65c39bba379aef3be6ab,2024-06-30,Goods & Other Vehicles,goods_and_other_vehicles,CNG,0,0,reported_numeric
25c9a68a5ab066abae1f07f8534cfcbdb2fd55ba30af65c39bba379aef3be6ab,2024-06-30,Goods & Other Vehicles,goods_and_other_vehicles,Diesel,127034,127034,reported_numeric
25c9a68a5ab066abae1f07f8534cfcbdb2fd55ba30af65c39bba379aef3be6ab,2024-06-30,Goods & Other Vehicles,goods_and_other_vehicles,Diesel-Electric,26,26,reported_numeric
25c9a68a5ab066abae1f07f8534cfcbdb2fd55ba30af65c39bba379aef3be6ab,2024-06-30,Goods & Other Vehicles,goods_and_other_vehicles,Electric,3864,3864,reported_numeric
25c9a68a5ab066abae1f07f8534cfcbdb2fd55ba30af65c39bba379aef3be6ab,2024-06-30,Goods & Other Vehicles,goods_and_other_vehicles,Petrol,12610,12610,reported_numeric
25c9a68a5ab066abae1f07f8534cfcbdb2fd55ba30af65c39bba379aef3be6ab,2024-06-30,Goods & Other Vehicles,goods_and_other_vehicles,Petrol-CNG,0,0,reported_numeric
25c9a68a5ab066abae1f07f8534cfcbdb2fd55ba30af65c39bba379aef3be6ab,2024-06-30,Goods & Other Vehicles,goods_and_other_vehicles,Petrol-Electric,4,4,reported_numeric
25c9a68a5ab066abae1f07f8534cfcbdb2fd55ba30af65c39bba379aef3be6ab,2024-06-30,Motor-cycles,motorcycles,Electric,285,285,reported_numeric
25c9a68a5ab066abae1f07f8534cfcbdb2fd55ba30af65c39bba379aef3be6ab,2024-06-30,Motor-cycles,motorcycles,Petrol,144947,144947,reported_numeric
25c9a68a5ab066abae1f07f8534cfcbdb2fd55ba30af65c39bba379aef3be6ab,2024-06-30,Taxis,taxis,CNG,0,0,reported_numeric
25c9a68a5ab066abae1f07f8534cfcbdb2fd55ba30af65c39bba379aef3be6ab,2024-06-30,Taxis,taxis,Diesel,2108,2108,reported_numeric
25c9a68a5ab066abae1f07f8534cfcbdb2fd55ba30af65c39bba379aef3be6ab,2024-06-30,Taxis,taxis,Electric,491,491,reported_numeric
25c9a68a5ab066abae1f07f8534cfcbdb2fd55ba30af65c39bba379aef3be6ab,2024-06-30,Taxis,taxis,Petrol,5,5,reported_numeric
25c9a68a5ab066abae1f07f8534cfcbdb2fd55ba30af65c39bba379aef3be6ab,2024-06-30,Taxis,taxis,Petrol-CNG,0,0,reported_numeric
25c9a68a5ab066abae1f07f8534cfcbdb2fd55ba30af65c39bba379aef3be6ab,2024-06-30,Taxis,taxis,Petrol-Electric,10832,10832,reported_numeric
25c9a68a5ab066abae1f07f8534cfcbdb2fd55ba30af65c39bba379aef3be6ab,2024-07-31,Buses,buses,CNG,0,0,reported_numeric
25c9a68a5ab066abae1f07f8534cfcbdb2fd55ba30af65c39bba379aef3be6ab,2024-07-31,Buses,buses,Diesel,17592,17592,reported_numeric
25c9a68a5ab066abae1f07f8534cfcbdb2fd55ba30af65c39bba379aef3be6ab,2024-07-31,Buses,buses,Diesel-Electric,50,50,reported_numeric
25c9a68a5ab066abae1f07f8534cfcbdb2fd55ba30af65c39bba379aef3be6ab,2024-07-31,Buses,buses,Diesel-Electric (Plug-In),1,1,reported_numeric
25c9a68a5ab066abae1f07f8534cfcbdb2fd55ba30af65c39bba379aef3be6ab,2024-07-31,Buses,buses,Electric,300,300,reported_numeric
25c9a68a5ab066abae1f07f8534cfcbdb2fd55ba30af65c39bba379aef3be6ab,2024-07-31,Buses,buses,Petrol,135,135,reported_numeric
25c9a68a5ab066abae1f07f8534cfcbdb2fd55ba30af65c39bba379aef3be6ab,2024-07-31,Buses,buses,Petrol-CNG,0,0,reported_numeric
25c9a68a5ab066abae1f07f8534cfcbdb2fd55ba30af65c39bba379aef3be6ab,2024-07-31,Cars,cars,CNG,0,0,reported_numeric
25c9a68a5ab066abae1f07f8534cfcbdb2fd55ba30af65c39bba379aef3be6ab,2024-07-31,Cars,cars,Diesel,17512,17512,reported_numeric
25c9a68a5ab066abae1f07f8534cfcbdb2fd55ba30af65c39bba379aef3be6ab,2024-07-31,Cars,cars,Diesel-Electric,15,15,reported_numeric
25c9a68a5ab066abae1f07f8534cfcbdb2fd55ba30af65c39bba379aef3be6ab,2024-07-31,Cars,cars,Diesel-Electric (Plug-In),1,1,reported_numeric
25c9a68a5ab066abae1f07f8534cfcbdb2fd55ba30af65c39bba379aef3be6ab,2024-07-31,Cars,cars,Electric,19098,19098,reported_numeric
25c9a68a5ab066abae1f07f8534cfcbdb2fd55ba30af65c39bba379aef3be6ab,2024-07-31,Cars,cars,Petrol,525403,525403,reported_numeric
25c9a68a5ab066abae1f07f8534cfcbdb2fd55ba30af65c39bba379aef3be6ab,2024-07-31,Cars,cars,Petrol-CNG,77,77,reported_numeric
25c9a68a5ab066abae1f07f8534cfcbdb2fd55ba30af65c39bba379aef3be6ab,2024-07-31,Cars,cars,Petrol-Electric,89821,89821,reported_numeric
25c9a68a5ab066abae1f07f8534cfcbdb2fd55ba30af65c39bba379aef3be6ab,2024-07-31,Cars,cars,Petrol-Electric (Plug-In),1473,1473,reported_numeric
25c9a68a5ab066abae1f07f8534cfcbdb2fd55ba30af65c39bba379aef3be6ab,2024-07-31,Goods & Other Vehicles,goods_and_other_vehicles,CNG,0,0,reported_numeric
25c9a68a5ab066abae1f07f8534cfcbdb2fd55ba30af65c39bba379aef3be6ab,2024-07-31,Goods & Other Vehicles,goods_and_other_vehicles,Diesel,126538,126538,reported_numeric
25c9a68a5ab066abae1f07f8534cfcbdb2fd55ba30af65c39bba379aef3be6ab,2024-07-31,Goods & Other Vehicles,goods_and_other_vehicles,Diesel-Electric,26,26,reported_numeric
25c9a68a5ab066abae1f07f8534cfcbdb2fd55ba30af65c39bba379aef3be6ab,2024-07-31,Goods & Other Vehicles,goods_and_other_vehicles,Electric,4004,4004,reported_numeric
25c9a68a5ab066abae1f07f8534cfcbdb2fd55ba30af65c39bba379aef3be6ab,2024-07-31,Goods & Other Vehicles,goods_and_other_vehicles,Petrol,12703,12703,reported_numeric
25c9a68a5ab066abae1f07f8534cfcbdb2fd55ba30af65c39bba379aef3be6ab,2024-07-31,Goods & Other Vehicles,goods_and_other_vehicles,Petrol-CNG,0,0,reported_numeric
25c9a68a5ab066abae1f07f8534cfcbdb2fd55ba30af65c39bba379aef3be6ab,2024-07-31,Goods & Other Vehicles,goods_and_other_vehicles,Petrol-Electric,4,4,reported_numeric
25c9a68a5ab066abae1f07f8534cfcbdb2fd55ba30af65c39bba379aef3be6ab,2024-07-31,Motor-cycles,motorcycles,Electric,285,285,reported_numeric
25c9a68a5ab066abae1f07f8534cfcbdb2fd55ba30af65c39bba379aef3be6ab,2024-07-31,Motor-cycles,motorcycles,Petrol,145334,145334,reported_numeric
25c9a68a5ab066abae1f07f8534cfcbdb2fd55ba30af65c39bba379aef3be6ab,2024-07-31,Taxis,taxis,CNG,0,0,reported_numeric
25c9a68a5ab066abae1f07f8534cfcbdb2fd55ba30af65c39bba379aef3be6ab,2024-07-31,Taxis,taxis,Diesel,1973,1973,reported_numeric
25c9a68a5ab066abae1f07f8534cfcbdb2fd55ba30af65c39bba379aef3be6ab,2024-07-31,Taxis,taxis,Electric,491,491,reported_numeric
25c9a68a5ab066abae1f07f8534cfcbdb2fd55ba30af65c39bba379aef3be6ab,2024-07-31,Taxis,taxis,Petrol,4,4,reported_numeric
25c9a68a5ab066abae1f07f8534cfcbdb2fd55ba30af65c39bba379aef3be6ab,2024-07-31,Taxis,taxis,Petrol-CNG,0,0,reported_numeric
25c9a68a5ab066abae1f07f8534cfcbdb2fd55ba30af65c39bba379aef3be6ab,2024-07-31,Taxis,taxis,Petrol-Electric,10875,10875,reported_numeric
25c9a68a5ab066abae1f07f8534cfcbdb2fd55ba30af65c39bba379aef3be6ab,2024-08-31,Buses,buses,CNG,0,0,reported_numeric
25c9a68a5ab066abae1f07f8534cfcbdb2fd55ba30af65c39bba379aef3be6ab,2024-08-31,Buses,buses,Diesel,17642,17642,reported_numeric
25c9a68a5ab066abae1f07f8534cfcbdb2fd55ba30af65c39bba379aef3be6ab,2024-08-31,Buses,buses,Diesel-Electric,50,50,reported_numeric
25c9a68a5ab066abae1f07f8534cfcbdb2fd55ba30af65c39bba379aef3be6ab,2024-08-31,Buses,buses,Diesel-Electric (Plug-In),3,3,reported_numeric
25c9a68a5ab066abae1f07f8534cfcbdb2fd55ba30af65c39bba379aef3be6ab,2024-08-31,Buses,buses,Electric,306,306,reported_numeric
25c9a68a5ab066abae1f07f8534cfcbdb2fd55ba30af65c39bba379aef3be6ab,2024-08-31,Buses,buses,Petrol,134,134,reported_numeric
25c9a68a5ab066abae1f07f8534cfcbdb2fd55ba30af65c39bba379aef3be6ab,2024-08-31,Buses,buses,Petrol-CNG,0,0,reported_numeric
25c9a68a5ab066abae1f07f8534cfcbdb2fd55ba30af65c39bba379aef3be6ab,2024-08-31,Cars,cars,CNG,0,0,reported_numeric
25c9a68a5ab066abae1f07f8534cfcbdb2fd55ba30af65c39bba379aef3be6ab,2024-08-31,Cars,cars,Diesel,17388,17388,reported_numeric
25c9a68a5ab066abae1f07f8534cfcbdb2fd55ba30af65c39bba379aef3be6ab,2024-08-31,Cars,cars,Diesel-Electric,14,14,reported_numeric
25c9a68a5ab066abae1f07f8534cfcbdb2fd55ba30af65c39bba379aef3be6ab,2024-08-31,Cars,cars,Diesel-Electric (Plug-In),1,1,reported_numeric
25c9a68a5ab066abae1f07f8534cfcbdb2fd55ba30af65c39bba379aef3be6ab,2024-08-31,Cars,cars,Electric,20497,20497,reported_numeric
25c9a68a5ab066abae1f07f8534cfcbdb2fd55ba30af65c39bba379aef3be6ab,2024-08-31,Cars,cars,Petrol,523342,523342,reported_numeric
25c9a68a5ab066abae1f07f8534cfcbdb2fd55ba30af65c39bba379aef3be6ab,2024-08-31,Cars,cars,Petrol-CNG,75,75,reported_numeric
25c9a68a5ab066abae1f07f8534cfcbdb2fd55ba30af65c39bba379aef3be6ab,2024-08-31,Cars,cars,Petrol-Electric,91514,91514,reported_numeric
25c9a68a5ab066abae1f07f8534cfcbdb2fd55ba30af65c39bba379aef3be6ab,2024-08-31,Cars,cars,Petrol-Electric (Plug-In),1494,1494,reported_numeric
25c9a68a5ab066abae1f07f8534cfcbdb2fd55ba30af65c39bba379aef3be6ab,2024-08-31,Goods & Other Vehicles,goods_and_other_vehicles,CNG,0,0,reported_numeric
25c9a68a5ab066abae1f07f8534cfcbdb2fd55ba30af65c39bba379aef3be6ab,2024-08-31,Goods & Other Vehicles,goods_and_other_vehicles,Diesel,126222,126222,reported_numeric
25c9a68a5ab066abae1f07f8534cfcbdb2fd55ba30af65c39bba379aef3be6ab,2024-08-31,Goods & Other Vehicles,goods_and_other_vehicles,Diesel-Electric,26,26,reported_numeric
25c9a68a5ab066abae1f07f8534cfcbdb2fd55ba30af65c39bba379aef3be6ab,2024-08-31,Goods & Other Vehicles,goods_and_other_vehicles,Electric,4101,4101,reported_numeric
25c9a68a5ab066abae1f07f8534cfcbdb2fd55ba30af65c39bba379aef3be6ab,2024-08-31,Goods & Other Vehicles,goods_and_other_vehicles,Petrol,12801,12801,reported_numeric
25c9a68a5ab066abae1f07f8534cfcbdb2fd55ba30af65c39bba379aef3be6ab,2024-08-31,Goods & Other Vehicles,goods_and_other_vehicles,Petrol-CNG,0,0,reported_numeric
25c9a68a5ab066abae1f07f8534cfcbdb2fd55ba30af65c39bba379aef3be6ab,2024-08-31,Goods & Other Vehicles,goods_and_other_vehicles,Petrol-Electric,4,4,reported_numeric
25c9a68a5ab066abae1f07f8534cfcbdb2fd55ba30af65c39bba379aef3be6ab,2024-08-31,Motor-cycles,motorcycles,Electric,295,295,reported_numeric
25c9a68a5ab066abae1f07f8534cfcbdb2fd55ba30af65c39bba379aef3be6ab,2024-08-31,Motor-cycles,motorcycles,Petrol,145517,145517,reported_numeric
25c9a68a5ab066abae1f07f8534cfcbdb2fd55ba30af65c39bba379aef3be6ab,2024-08-31,Taxis,taxis,CNG,0,0,reported_numeric
25c9a68a5ab066abae1f07f8534cfcbdb2fd55ba30af65c39bba379aef3be6ab,2024-08-31,Taxis,taxis,Diesel,1876,1876,reported_numeric
25c9a68a5ab066abae1f07f8534cfcbdb2fd55ba30af65c39bba379aef3be6ab,2024-08-31,Taxis,taxis,Electric,497,497,reported_numeric
25c9a68a5ab066abae1f07f8534cfcbdb2fd55ba30af65c39bba379aef3be6ab,2024-08-31,Taxis,taxis,Petrol,4,4,reported_numeric
25c9a68a5ab066abae1f07f8534cfcbdb2fd55ba30af65c39bba379aef3be6ab,2024-08-31,Taxis,taxis,Petrol-CNG,0,0,reported_numeric
25c9a68a5ab066abae1f07f8534cfcbdb2fd55ba30af65c39bba379aef3be6ab,2024-08-31,Taxis,taxis,Petrol-Electric,10975,10975,reported_numeric
25c9a68a5ab066abae1f07f8534cfcbdb2fd55ba30af65c39bba379aef3be6ab,2024-09-30,Buses,buses,CNG,0,0,reported_numeric
25c9a68a5ab066abae1f07f8534cfcbdb2fd55ba30af65c39bba379aef3be6ab,2024-09-30,Buses,buses,Diesel,17677,17677,reported_numeric
25c9a68a5ab066abae1f07f8534cfcbdb2fd55ba30af65c39bba379aef3be6ab,2024-09-30,Buses,buses,Diesel-Electric,50,50,reported_numeric
25c9a68a5ab066abae1f07f8534cfcbdb2fd55ba30af65c39bba379aef3be6ab,2024-09-30,Buses,buses,Diesel-Electric (Plug-In),11,11,reported_numeric
25c9a68a5ab066abae1f07f8534cfcbdb2fd55ba30af65c39bba379aef3be6ab,2024-09-30,Buses,buses,Electric,315,315,reported_numeric
25c9a68a5ab066abae1f07f8534cfcbdb2fd55ba30af65c39bba379aef3be6ab,2024-09-30,Buses,buses,Petrol,133,133,reported_numeric
25c9a68a5ab066abae1f07f8534cfcbdb2fd55ba30af65c39bba379aef3be6ab,2024-09-30,Buses,buses,Petrol-CNG,0,0,reported_numeric
25c9a68a5ab066abae1f07f8534cfcbdb2fd55ba30af65c39bba379aef3be6ab,2024-09-30,Cars,cars,CNG,0,0,reported_numeric
25c9a68a5ab066abae1f07f8534cfcbdb2fd55ba30af65c39bba379aef3be6ab,2024-09-30,Cars,cars,Diesel,17248,17248,reported_numeric
25c9a68a5ab066abae1f07f8534cfcbdb2fd55ba30af65c39bba379aef3be6ab,2024-09-30,Cars,cars,Diesel-Electric,13,13,reported_numeric
25c9a68a5ab066abae1f07f8534cfcbdb2fd55ba30af65c39bba379aef3be6ab,2024-09-30,Cars,cars,Diesel-Electric (Plug-In),1,1,reported_numeric
25c9a68a5ab066abae1f07f8534cfcbdb2fd55ba30af65c39bba379aef3be6ab,2024-09-30,Cars,cars,Electric,21796,21796,reported_numeric
25c9a68a5ab066abae1f07f8534cfcbdb2fd55ba30af65c39bba379aef3be6ab,2024-09-30,Cars,cars,Petrol,521044,521044,reported_numeric
25c9a68a5ab066abae1f07f8534cfcbdb2fd55ba30af65c39bba379aef3be6ab,2024-09-30,Cars,cars,Petrol-CNG,74,74,reported_numeric
25c9a68a5ab066abae1f07f8534cfcbdb2fd55ba30af65c39bba379aef3be6ab,2024-09-30,Cars,cars,Petrol-Electric,93530,93530,reported_numeric
25c9a68a5ab066abae1f07f8534cfcbdb2fd55ba30af65c39bba379aef3be6ab,2024-09-30,Cars,cars,Petrol-Electric (Plug-In),1508,1508,reported_numeric
25c9a68a5ab066abae1f07f8534cfcbdb2fd55ba30af65c39bba379aef3be6ab,2024-09-30,Goods & Other Vehicles,goods_and_other_vehicles,CNG,0,0,reported_numeric
25c9a68a5ab066abae1f07f8534cfcbdb2fd55ba30af65c39bba379aef3be6ab,2024-09-30,Goods & Other Vehicles,goods_and_other_vehicles,Diesel,126088,126088,reported_numeric
25c9a68a5ab066abae1f07f8534cfcbdb2fd55ba30af65c39bba379aef3be6ab,2024-09-30,Goods & Other Vehicles,goods_and_other_vehicles,Diesel-Electric,26,26,reported_numeric
25c9a68a5ab066abae1f07f8534cfcbdb2fd55ba30af65c39bba379aef3be6ab,2024-09-30,Goods & Other Vehicles,goods_and_other_vehicles,Electric,4223,4223,reported_numeric
25c9a68a5ab066abae1f07f8534cfcbdb2fd55ba30af65c39bba379aef3be6ab,2024-09-30,Goods & Other Vehicles,goods_and_other_vehicles,Petrol,12896,12896,reported_numeric
25c9a68a5ab066abae1f07f8534cfcbdb2fd55ba30af65c39bba379aef3be6ab,2024-09-30,Goods & Other Vehicles,goods_and_other_vehicles,Petrol-CNG,0,0,reported_numeric
25c9a68a5ab066abae1f07f8534cfcbdb2fd55ba30af65c39bba379aef3be6ab,2024-09-30,Goods & Other Vehicles,goods_and_other_vehicles,Petrol-Electric,4,4,reported_numeric
25c9a68a5ab066abae1f07f8534cfcbdb2fd55ba30af65c39bba379aef3be6ab,2024-09-30,Motor-cycles,motorcycles,Electric,295,295,reported_numeric
25c9a68a5ab066abae1f07f8534cfcbdb2fd55ba30af65c39bba379aef3be6ab,2024-09-30,Motor-cycles,motorcycles,Petrol,145778,145778,reported_numeric
25c9a68a5ab066abae1f07f8534cfcbdb2fd55ba30af65c39bba379aef3be6ab,2024-09-30,Taxis,taxis,CNG,0,0,reported_numeric
25c9a68a5ab066abae1f07f8534cfcbdb2fd55ba30af65c39bba379aef3be6ab,2024-09-30,Taxis,taxis,Diesel,1703,1703,reported_numeric
25c9a68a5ab066abae1f07f8534cfcbdb2fd55ba30af65c39bba379aef3be6ab,2024-09-30,Taxis,taxis,Electric,503,503,reported_numeric
25c9a68a5ab066abae1f07f8534cfcbdb2fd55ba30af65c39bba379aef3be6ab,2024-09-30,Taxis,taxis,Petrol,4,4,reported_numeric
25c9a68a5ab066abae1f07f8534cfcbdb2fd55ba30af65c39bba379aef3be6ab,2024-09-30,Taxis,taxis,Petrol-CNG,0,0,reported_numeric
25c9a68a5ab066abae1f07f8534cfcbdb2fd55ba30af65c39bba379aef3be6ab,2024-09-30,Taxis,taxis,Petrol-Electric,11179,11179,reported_numeric
25c9a68a5ab066abae1f07f8534cfcbdb2fd55ba30af65c39bba379aef3be6ab,2024-10-31,Buses,buses,CNG,0,0,reported_numeric
25c9a68a5ab066abae1f07f8534cfcbdb2fd55ba30af65c39bba379aef3be6ab,2024-10-31,Buses,buses,Diesel,17650,17650,reported_numeric
25c9a68a5ab066abae1f07f8534cfcbdb2fd55ba30af65c39bba379aef3be6ab,2024-10-31,Buses,buses,Diesel-Electric,50,50,reported_numeric
25c9a68a5ab066abae1f07f8534cfcbdb2fd55ba30af65c39bba379aef3be6ab,2024-10-31,Buses,buses,Diesel-Electric (Plug-In),14,14,reported_numeric
25c9a68a5ab066abae1f07f8534cfcbdb2fd55ba30af65c39bba379aef3be6ab,2024-10-31,Buses,buses,Electric,343,343,reported_numeric
25c9a68a5ab066abae1f07f8534cfcbdb2fd55ba30af65c39bba379aef3be6ab,2024-10-31,Buses,buses,Petrol,134,134,reported_numeric
25c9a68a5ab066abae1f07f8534cfcbdb2fd55ba30af65c39bba379aef3be6ab,2024-10-31,Buses,buses,Petrol-CNG,0,0,reported_numeric
25c9a68a5ab066abae1f07f8534cfcbdb2fd55ba30af65c39bba379aef3be6ab,2024-10-31,Cars,cars,CNG,0,0,reported_numeric
25c9a68a5ab066abae1f07f8534cfcbdb2fd55ba30af65c39bba379aef3be6ab,2024-10-31,Cars,cars,Diesel,17105,17105,reported_numeric
25c9a68a5ab066abae1f07f8534cfcbdb2fd55ba30af65c39bba379aef3be6ab,2024-10-31,Cars,cars,Diesel-Electric,13,13,reported_numeric
25c9a68a5ab066abae1f07f8534cfcbdb2fd55ba30af65c39bba379aef3be6ab,2024-10-31,Cars,cars,Diesel-Electric (Plug-In),1,1,reported_numeric
25c9a68a5ab066abae1f07f8534cfcbdb2fd55ba30af65c39bba379aef3be6ab,2024-10-31,Cars,cars,Electric,22945,22945,reported_numeric
25c9a68a5ab066abae1f07f8534cfcbdb2fd55ba30af65c39bba379aef3be6ab,2024-10-31,Cars,cars,Petrol,518485,518485,reported_numeric
25c9a68a5ab066abae1f07f8534cfcbdb2fd55ba30af65c39bba379aef3be6ab,2024-10-31,Cars,cars,Petrol-CNG,74,74,reported_numeric
25c9a68a5ab066abae1f07f8534cfcbdb2fd55ba30af65c39bba379aef3be6ab,2024-10-31,Cars,cars,Petrol-Electric,95074,95074,reported_numeric
25c9a68a5ab066abae1f07f8534cfcbdb2fd55ba30af65c39bba379aef3be6ab,2024-10-31,Cars,cars,Petrol-Electric (Plug-In),1523,1523,reported_numeric
25c9a68a5ab066abae1f07f8534cfcbdb2fd55ba30af65c39bba379aef3be6ab,2024-10-31,Goods & Other Vehicles,goods_and_other_vehicles,CNG,0,0,reported_numeric
25c9a68a5ab066abae1f07f8534cfcbdb2fd55ba30af65c39bba379aef3be6ab,2024-10-31,Goods & Other Vehicles,goods_and_other_vehicles,Diesel,125707,125707,reported_numeric
25c9a68a5ab066abae1f07f8534cfcbdb2fd55ba30af65c39bba379aef3be6ab,2024-10-31,Goods & Other Vehicles,goods_and_other_vehicles,Diesel-Electric,28,28,reported_numeric
25c9a68a5ab066abae1f07f8534cfcbdb2fd55ba30af65c39bba379aef3be6ab,2024-10-31,Goods & Other Vehicles,goods_and_other_vehicles,Electric,4377,4377,reported_numeric
25c9a68a5ab066abae1f07f8534cfcbdb2fd55ba30af65c39bba379aef3be6ab,2024-10-31,Goods & Other Vehicles,goods_and_other_vehicles,Petrol,12970,12970,reported_numeric
25c9a68a5ab066abae1f07f8534cfcbdb2fd55ba30af65c39bba379aef3be6ab,2024-10-31,Goods & Other Vehicles,goods_and_other_vehicles,Petrol-CNG,0,0,reported_numeric
25c9a68a5ab066abae1f07f8534cfcbdb2fd55ba30af65c39bba379aef3be6ab,2024-10-31,Goods & Other Vehicles,goods_and_other_vehicles,Petrol-Electric,4,4,reported_numeric
25c9a68a5ab066abae1f07f8534cfcbdb2fd55ba30af65c39bba379aef3be6ab,2024-10-31,Motor-cycles,motorcycles,Electric,296,296,reported_numeric
25c9a68a5ab066abae1f07f8534cfcbdb2fd55ba30af65c39bba379aef3be6ab,2024-10-31,Motor-cycles,motorcycles,Petrol,146058,146058,reported_numeric
25c9a68a5ab066abae1f07f8534cfcbdb2fd55ba30af65c39bba379aef3be6ab,2024-10-31,Taxis,taxis,CNG,0,0,reported_numeric
25c9a68a5ab066abae1f07f8534cfcbdb2fd55ba30af65c39bba379aef3be6ab,2024-10-31,Taxis,taxis,Diesel,1542,1542,reported_numeric
25c9a68a5ab066abae1f07f8534cfcbdb2fd55ba30af65c39bba379aef3be6ab,2024-10-31,Taxis,taxis,Electric,503,503,reported_numeric
25c9a68a5ab066abae1f07f8534cfcbdb2fd55ba30af65c39bba379aef3be6ab,2024-10-31,Taxis,taxis,Petrol,4,4,reported_numeric
25c9a68a5ab066abae1f07f8534cfcbdb2fd55ba30af65c39bba379aef3be6ab,2024-10-31,Taxis,taxis,Petrol-CNG,0,0,reported_numeric
25c9a68a5ab066abae1f07f8534cfcbdb2fd55ba30af65c39bba379aef3be6ab,2024-10-31,Taxis,taxis,Petrol-Electric,11169,11169,reported_numeric
25c9a68a5ab066abae1f07f8534cfcbdb2fd55ba30af65c39bba379aef3be6ab,2024-11-30,Buses,buses,CNG,0,0,reported_numeric
25c9a68a5ab066abae1f07f8534cfcbdb2fd55ba30af65c39bba379aef3be6ab,2024-11-30,Buses,buses,Diesel,17662,17662,reported_numeric
25c9a68a5ab066abae1f07f8534cfcbdb2fd55ba30af65c39bba379aef3be6ab,2024-11-30,Buses,buses,Diesel-Electric,50,50,reported_numeric
25c9a68a5ab066abae1f07f8534cfcbdb2fd55ba30af65c39bba379aef3be6ab,2024-11-30,Buses,buses,Diesel-Electric (Plug-In),16,16,reported_numeric
25c9a68a5ab066abae1f07f8534cfcbdb2fd55ba30af65c39bba379aef3be6ab,2024-11-30,Buses,buses,Electric,357,357,reported_numeric
25c9a68a5ab066abae1f07f8534cfcbdb2fd55ba30af65c39bba379aef3be6ab,2024-11-30,Buses,buses,Petrol,134,134,reported_numeric
25c9a68a5ab066abae1f07f8534cfcbdb2fd55ba30af65c39bba379aef3be6ab,2024-11-30,Buses,buses,Petrol-CNG,0,0,reported_numeric
25c9a68a5ab066abae1f07f8534cfcbdb2fd55ba30af65c39bba379aef3be6ab,2024-11-30,Cars,cars,CNG,0,0,reported_numeric
25c9a68a5ab066abae1f07f8534cfcbdb2fd55ba30af65c39bba379aef3be6ab,2024-11-30,Cars,cars,Diesel,16932,16932,reported_numeric
25c9a68a5ab066abae1f07f8534cfcbdb2fd55ba30af65c39bba379aef3be6ab,2024-11-30,Cars,cars,Diesel-Electric,13,13,reported_numeric
25c9a68a5ab066abae1f07f8534cfcbdb2fd55ba30af65c39bba379aef3be6ab,2024-11-30,Cars,cars,Diesel-Electric (Plug-In),1,1,reported_numeric
25c9a68a5ab066abae1f07f8534cfcbdb2fd55ba30af65c39bba379aef3be6ab,2024-11-30,Cars,cars,Electric,24247,24247,reported_numeric
25c9a68a5ab066abae1f07f8534cfcbdb2fd55ba30af65c39bba379aef3be6ab,2024-11-30,Cars,cars,Petrol,516535,516535,reported_numeric
25c9a68a5ab066abae1f07f8534cfcbdb2fd55ba30af65c39bba379aef3be6ab,2024-11-30,Cars,cars,Petrol-CNG,74,74,reported_numeric
25c9a68a5ab066abae1f07f8534cfcbdb2fd55ba30af65c39bba379aef3be6ab,2024-11-30,Cars,cars,Petrol-Electric,96647,96647,reported_numeric
25c9a68a5ab066abae1f07f8534cfcbdb2fd55ba30af65c39bba379aef3be6ab,2024-11-30,Cars,cars,Petrol-Electric (Plug-In),1533,1533,reported_numeric
25c9a68a5ab066abae1f07f8534cfcbdb2fd55ba30af65c39bba379aef3be6ab,2024-11-30,Goods & Other Vehicles,goods_and_other_vehicles,CNG,0,0,reported_numeric
25c9a68a5ab066abae1f07f8534cfcbdb2fd55ba30af65c39bba379aef3be6ab,2024-11-30,Goods & Other Vehicles,goods_and_other_vehicles,Diesel,125649,125649,reported_numeric
25c9a68a5ab066abae1f07f8534cfcbdb2fd55ba30af65c39bba379aef3be6ab,2024-11-30,Goods & Other Vehicles,goods_and_other_vehicles,Diesel-Electric,29,29,reported_numeric
25c9a68a5ab066abae1f07f8534cfcbdb2fd55ba30af65c39bba379aef3be6ab,2024-11-30,Goods & Other Vehicles,goods_and_other_vehicles,Electric,4455,4455,reported_numeric
25c9a68a5ab066abae1f07f8534cfcbdb2fd55ba30af65c39bba379aef3be6ab,2024-11-30,Goods & Other Vehicles,goods_and_other_vehicles,Petrol,13013,13013,reported_numeric
25c9a68a5ab066abae1f07f8534cfcbdb2fd55ba30af65c39bba379aef3be6ab,2024-11-30,Goods & Other Vehicles,goods_and_other_vehicles,Petrol-CNG,0,0,reported_numeric
25c9a68a5ab066abae1f07f8534cfcbdb2fd55ba30af65c39bba379aef3be6ab,2024-11-30,Goods & Other Vehicles,goods_and_other_vehicles,Petrol-Electric,4,4,reported_numeric
25c9a68a5ab066abae1f07f8534cfcbdb2fd55ba30af65c39bba379aef3be6ab,2024-11-30,Goods & Other Vehicles,goods_and_other_vehicles,Petrol-Electric (Plug-In),1,1,reported_numeric
25c9a68a5ab066abae1f07f8534cfcbdb2fd55ba30af65c39bba379aef3be6ab,2024-11-30,Motor-cycles,motorcycles,Electric,304,304,reported_numeric
25c9a68a5ab066abae1f07f8534cfcbdb2fd55ba30af65c39bba379aef3be6ab,2024-11-30,Motor-cycles,motorcycles,Petrol,146517,146517,reported_numeric
25c9a68a5ab066abae1f07f8534cfcbdb2fd55ba30af65c39bba379aef3be6ab,2024-11-30,Taxis,taxis,CNG,0,0,reported_numeric
25c9a68a5ab066abae1f07f8534cfcbdb2fd55ba30af65c39bba379aef3be6ab,2024-11-30,Taxis,taxis,Diesel,1377,1377,reported_numeric
25c9a68a5ab066abae1f07f8534cfcbdb2fd55ba30af65c39bba379aef3be6ab,2024-11-30,Taxis,taxis,Electric,503,503,reported_numeric
25c9a68a5ab066abae1f07f8534cfcbdb2fd55ba30af65c39bba379aef3be6ab,2024-11-30,Taxis,taxis,Petrol,4,4,reported_numeric
25c9a68a5ab066abae1f07f8534cfcbdb2fd55ba30af65c39bba379aef3be6ab,2024-11-30,Taxis,taxis,Petrol-CNG,0,0,reported_numeric
25c9a68a5ab066abae1f07f8534cfcbdb2fd55ba30af65c39bba379aef3be6ab,2024-11-30,Taxis,taxis,Petrol-Electric,11203,11203,reported_numeric
25c9a68a5ab066abae1f07f8534cfcbdb2fd55ba30af65c39bba379aef3be6ab,2024-12-31,Buses,buses,CNG,0,0,reported_numeric
25c9a68a5ab066abae1f07f8534cfcbdb2fd55ba30af65c39bba379aef3be6ab,2024-12-31,Buses,buses,Diesel,17680,17680,reported_numeric
25c9a68a5ab066abae1f07f8534cfcbdb2fd55ba30af65c39bba379aef3be6ab,2024-12-31,Buses,buses,Diesel-Electric,50,50,reported_numeric
25c9a68a5ab066abae1f07f8534cfcbdb2fd55ba30af65c39bba379aef3be6ab,2024-12-31,Buses,buses,Diesel-Electric (Plug-In),24,24,reported_numeric
25c9a68a5ab066abae1f07f8534cfcbdb2fd55ba30af65c39bba379aef3be6ab,2024-12-31,Buses,buses,Electric,382,382,reported_numeric
25c9a68a5ab066abae1f07f8534cfcbdb2fd55ba30af65c39bba379aef3be6ab,2024-12-31,Buses,buses,Petrol,132,132,reported_numeric
25c9a68a5ab066abae1f07f8534cfcbdb2fd55ba30af65c39bba379aef3be6ab,2024-12-31,Buses,buses,Petrol-CNG,0,0,reported_numeric
25c9a68a5ab066abae1f07f8534cfcbdb2fd55ba30af65c39bba379aef3be6ab,2024-12-31,Cars,cars,CNG,0,0,reported_numeric
25c9a68a5ab066abae1f07f8534cfcbdb2fd55ba30af65c39bba379aef3be6ab,2024-12-31,Cars,cars,Diesel,16775,16775,reported_numeric
25c9a68a5ab066abae1f07f8534cfcbdb2fd55ba30af65c39bba379aef3be6ab,2024-12-31,Cars,cars,Diesel-Electric,13,13,reported_numeric
25c9a68a5ab066abae1f07f8534cfcbdb2fd55ba30af65c39bba379aef3be6ab,2024-12-31,Cars,cars,Diesel-Electric (Plug-In),1,1,reported_numeric
25c9a68a5ab066abae1f07f8534cfcbdb2fd55ba30af65c39bba379aef3be6ab,2024-12-31,Cars,cars,Electric,26225,26225,reported_numeric
25c9a68a5ab066abae1f07f8534cfcbdb2fd55ba30af65c39bba379aef3be6ab,2024-12-31,Cars,cars,Petrol,513943,513943,reported_numeric
25c9a68a5ab066abae1f07f8534cfcbdb2fd55ba30af65c39bba379aef3be6ab,2024-12-31,Cars,cars,Petrol-CNG,74,74,reported_numeric
25c9a68a5ab066abae1f07f8534cfcbdb2fd55ba30af65c39bba379aef3be6ab,2024-12-31,Cars,cars,Petrol-Electric,99157,99157,reported_numeric
25c9a68a5ab066abae1f07f8534cfcbdb2fd55ba30af65c39bba379aef3be6ab,2024-12-31,Cars,cars,Petrol-Electric (Plug-In),1556,1556,reported_numeric
25c9a68a5ab066abae1f07f8534cfcbdb2fd55ba30af65c39bba379aef3be6ab,2024-12-31,Goods & Other Vehicles,goods_and_other_vehicles,CNG,0,0,reported_numeric
25c9a68a5ab066abae1f07f8534cfcbdb2fd55ba30af65c39bba379aef3be6ab,2024-12-31,Goods & Other Vehicles,goods_and_other_vehicles,Diesel,125549,125549,reported_numeric
25c9a68a5ab066abae1f07f8534cfcbdb2fd55ba30af65c39bba379aef3be6ab,2024-12-31,Goods & Other Vehicles,goods_and_other_vehicles,Diesel-Electric,29,29,reported_numeric
25c9a68a5ab066abae1f07f8534cfcbdb2fd55ba30af65c39bba379aef3be6ab,2024-12-31,Goods & Other Vehicles,goods_and_other_vehicles,Electric,4567,4567,reported_numeric
25c9a68a5ab066abae1f07f8534cfcbdb2fd55ba30af65c39bba379aef3be6ab,2024-12-31,Goods & Other Vehicles,goods_and_other_vehicles,Petrol,13059,13059,reported_numeric
25c9a68a5ab066abae1f07f8534cfcbdb2fd55ba30af65c39bba379aef3be6ab,2024-12-31,Goods & Other Vehicles,goods_and_other_vehicles,Petrol-CNG,0,0,reported_numeric
25c9a68a5ab066abae1f07f8534cfcbdb2fd55ba30af65c39bba379aef3be6ab,2024-12-31,Goods & Other Vehicles,goods_and_other_vehicles,Petrol-Electric,4,4,reported_numeric
25c9a68a5ab066abae1f07f8534cfcbdb2fd55ba30af65c39bba379aef3be6ab,2024-12-31,Goods & Other Vehicles,goods_and_other_vehicles,Petrol-Electric (Plug-In),1,1,reported_numeric
25c9a68a5ab066abae1f07f8534cfcbdb2fd55ba30af65c39bba379aef3be6ab,2024-12-31,Motor-cycles,motorcycles,Electric,304,304,reported_numeric
25c9a68a5ab066abae1f07f8534cfcbdb2fd55ba30af65c39bba379aef3be6ab,2024-12-31,Motor-cycles,motorcycles,Petrol,147091,147091,reported_numeric
25c9a68a5ab066abae1f07f8534cfcbdb2fd55ba30af65c39bba379aef3be6ab,2024-12-31,Taxis,taxis,CNG,0,0,reported_numeric
25c9a68a5ab066abae1f07f8534cfcbdb2fd55ba30af65c39bba379aef3be6ab,2024-12-31,Taxis,taxis,Diesel,1263,1263,reported_numeric
25c9a68a5ab066abae1f07f8534cfcbdb2fd55ba30af65c39bba379aef3be6ab,2024-12-31,Taxis,taxis,Electric,502,502,reported_numeric
25c9a68a5ab066abae1f07f8534cfcbdb2fd55ba30af65c39bba379aef3be6ab,2024-12-31,Taxis,taxis,Petrol,4,4,reported_numeric
25c9a68a5ab066abae1f07f8534cfcbdb2fd55ba30af65c39bba379aef3be6ab,2024-12-31,Taxis,taxis,Petrol-CNG,0,0,reported_numeric
25c9a68a5ab066abae1f07f8534cfcbdb2fd55ba30af65c39bba379aef3be6ab,2024-12-31,Taxis,taxis,Petrol-Electric,11348,11348,reported_numeric
25c9a68a5ab066abae1f07f8534cfcbdb2fd55ba30af65c39bba379aef3be6ab,2025-01-31,Buses,buses,Diesel,17687,17687,reported_numeric
25c9a68a5ab066abae1f07f8534cfcbdb2fd55ba30af65c39bba379aef3be6ab,2025-01-31,Buses,buses,Diesel-Electric,50,50,reported_numeric
25c9a68a5ab066abae1f07f8534cfcbdb2fd55ba30af65c39bba379aef3be6ab,2025-01-31,Buses,buses,Diesel-Electric (Plug-In),24,24,reported_numeric
25c9a68a5ab066abae1f07f8534cfcbdb2fd55ba30af65c39bba379aef3be6ab,2025-01-31,Buses,buses,Electric,412,412,reported_numeric
25c9a68a5ab066abae1f07f8534cfcbdb2fd55ba30af65c39bba379aef3be6ab,2025-01-31,Buses,buses,Petrol,133,133,reported_numeric
25c9a68a5ab066abae1f07f8534cfcbdb2fd55ba30af65c39bba379aef3be6ab,2025-01-31,Cars,cars,Diesel,16638,16638,reported_numeric
25c9a68a5ab066abae1f07f8534cfcbdb2fd55ba30af65c39bba379aef3be6ab,2025-01-31,Cars,cars,Diesel-Electric,13,13,reported_numeric
25c9a68a5ab066abae1f07f8534cfcbdb2fd55ba30af65c39bba379aef3be6ab,2025-01-31,Cars,cars,Diesel-Electric (Plug-In),1,1,reported_numeric
25c9a68a5ab066abae1f07f8534cfcbdb2fd55ba30af65c39bba379aef3be6ab,2025-01-31,Cars,cars,Electric,27254,27254,reported_numeric
25c9a68a5ab066abae1f07f8534cfcbdb2fd55ba30af65c39bba379aef3be6ab,2025-01-31,Cars,cars,Petrol,510953,510953,reported_numeric
25c9a68a5ab066abae1f07f8534cfcbdb2fd55ba30af65c39bba379aef3be6ab,2025-01-31,Cars,cars,Petrol-CNG,74,74,reported_numeric
25c9a68a5ab066abae1f07f8534cfcbdb2fd55ba30af65c39bba379aef3be6ab,2025-01-31,Cars,cars,Petrol-Electric,100312,100312,reported_numeric
25c9a68a5ab066abae1f07f8534cfcbdb2fd55ba30af65c39bba379aef3be6ab,2025-01-31,Cars,cars,Petrol-Electric (Plug-In),1582,1582,reported_numeric
25c9a68a5ab066abae1f07f8534cfcbdb2fd55ba30af65c39bba379aef3be6ab,2025-01-31,Goods & Other Vehicles,goods_and_other_vehicles,Diesel,125364,125364,reported_numeric
25c9a68a5ab066abae1f07f8534cfcbdb2fd55ba30af65c39bba379aef3be6ab,2025-01-31,Goods & Other Vehicles,goods_and_other_vehicles,Diesel-Electric,29,29,reported_numeric
25c9a68a5ab066abae1f07f8534cfcbdb2fd55ba30af65c39bba379aef3be6ab,2025-01-31,Goods & Other Vehicles,goods_and_other_vehicles,Electric,4632,4632,reported_numeric
25c9a68a5ab066abae1f07f8534cfcbdb2fd55ba30af65c39bba379aef3be6ab,2025-01-31,Goods & Other Vehicles,goods_and_other_vehicles,Petrol,13115,13115,reported_numeric
25c9a68a5ab066abae1f07f8534cfcbdb2fd55ba30af65c39bba379aef3be6ab,2025-01-31,Goods & Other Vehicles,goods_and_other_vehicles,Petrol-Electric,4,4,reported_numeric
25c9a68a5ab066abae1f07f8534cfcbdb2fd55ba30af65c39bba379aef3be6ab,2025-01-31,Goods & Other Vehicles,goods_and_other_vehicles,Petrol-Electric (Plug-In),1,1,reported_numeric
25c9a68a5ab066abae1f07f8534cfcbdb2fd55ba30af65c39bba379aef3be6ab,2025-01-31,Motor-cycles,motorcycles,Electric,313,313,reported_numeric
25c9a68a5ab066abae1f07f8534cfcbdb2fd55ba30af65c39bba379aef3be6ab,2025-01-31,Motor-cycles,motorcycles,Petrol,147284,147284,reported_numeric
25c9a68a5ab066abae1f07f8534cfcbdb2fd55ba30af65c39bba379aef3be6ab,2025-01-31,Taxis,taxis,Diesel,1134,1134,reported_numeric
25c9a68a5ab066abae1f07f8534cfcbdb2fd55ba30af65c39bba379aef3be6ab,2025-01-31,Taxis,taxis,Electric,502,502,reported_numeric
25c9a68a5ab066abae1f07f8534cfcbdb2fd55ba30af65c39bba379aef3be6ab,2025-01-31,Taxis,taxis,Petrol,4,4,reported_numeric
25c9a68a5ab066abae1f07f8534cfcbdb2fd55ba30af65c39bba379aef3be6ab,2025-01-31,Taxis,taxis,Petrol-Electric,11360,11360,reported_numeric
25c9a68a5ab066abae1f07f8534cfcbdb2fd55ba30af65c39bba379aef3be6ab,2025-02-28,Buses,buses,Diesel,17684,17684,reported_numeric
25c9a68a5ab066abae1f07f8534cfcbdb2fd55ba30af65c39bba379aef3be6ab,2025-02-28,Buses,buses,Diesel-Electric,50,50,reported_numeric
25c9a68a5ab066abae1f07f8534cfcbdb2fd55ba30af65c39bba379aef3be6ab,2025-02-28,Buses,buses,Diesel-Electric (Plug-In),30,30,reported_numeric
25c9a68a5ab066abae1f07f8534cfcbdb2fd55ba30af65c39bba379aef3be6ab,2025-02-28,Buses,buses,Electric,423,423,reported_numeric
25c9a68a5ab066abae1f07f8534cfcbdb2fd55ba30af65c39bba379aef3be6ab,2025-02-28,Buses,buses,Petrol,133,133,reported_numeric
25c9a68a5ab066abae1f07f8534cfcbdb2fd55ba30af65c39bba379aef3be6ab,2025-02-28,Cars,cars,Diesel,16425,16425,reported_numeric
25c9a68a5ab066abae1f07f8534cfcbdb2fd55ba30af65c39bba379aef3be6ab,2025-02-28,Cars,cars,Diesel-Electric,13,13,reported_numeric
25c9a68a5ab066abae1f07f8534cfcbdb2fd55ba30af65c39bba379aef3be6ab,2025-02-28,Cars,cars,Diesel-Electric (Plug-In),1,1,reported_numeric
25c9a68a5ab066abae1f07f8534cfcbdb2fd55ba30af65c39bba379aef3be6ab,2025-02-28,Cars,cars,Electric,28919,28919,reported_numeric
25c9a68a5ab066abae1f07f8534cfcbdb2fd55ba30af65c39bba379aef3be6ab,2025-02-28,Cars,cars,Petrol,508706,508706,reported_numeric
25c9a68a5ab066abae1f07f8534cfcbdb2fd55ba30af65c39bba379aef3be6ab,2025-02-28,Cars,cars,Petrol-CNG,73,73,reported_numeric
25c9a68a5ab066abae1f07f8534cfcbdb2fd55ba30af65c39bba379aef3be6ab,2025-02-28,Cars,cars,Petrol-Electric,101745,101745,reported_numeric
25c9a68a5ab066abae1f07f8534cfcbdb2fd55ba30af65c39bba379aef3be6ab,2025-02-28,Cars,cars,Petrol-Electric (Plug-In),1612,1612,reported_numeric
25c9a68a5ab066abae1f07f8534cfcbdb2fd55ba30af65c39bba379aef3be6ab,2025-02-28,Goods & Other Vehicles,goods_and_other_vehicles,Diesel,125225,125225,reported_numeric
25c9a68a5ab066abae1f07f8534cfcbdb2fd55ba30af65c39bba379aef3be6ab,2025-02-28,Goods & Other Vehicles,goods_and_other_vehicles,Diesel-Electric,30,30,reported_numeric
25c9a68a5ab066abae1f07f8534cfcbdb2fd55ba30af65c39bba379aef3be6ab,2025-02-28,Goods & Other Vehicles,goods_and_other_vehicles,Electric,4796,4796,reported_numeric
25c9a68a5ab066abae1f07f8534cfcbdb2fd55ba30af65c39bba379aef3be6ab,2025-02-28,Goods & Other Vehicles,goods_and_other_vehicles,Petrol,13192,13192,reported_numeric
25c9a68a5ab066abae1f07f8534cfcbdb2fd55ba30af65c39bba379aef3be6ab,2025-02-28,Goods & Other Vehicles,goods_and_other_vehicles,Petrol-Electric,4,4,reported_numeric
25c9a68a5ab066abae1f07f8534cfcbdb2fd55ba30af65c39bba379aef3be6ab,2025-02-28,Goods & Other Vehicles,goods_and_other_vehicles,Petrol-Electric (Plug-In),1,1,reported_numeric
25c9a68a5ab066abae1f07f8534cfcbdb2fd55ba30af65c39bba379aef3be6ab,2025-02-28,Motor-cycles,motorcycles,Electric,319,319,reported_numeric
25c9a68a5ab066abae1f07f8534cfcbdb2fd55ba30af65c39bba379aef3be6ab,2025-02-28,Motor-cycles,motorcycles,Petrol,147713,147713,reported_numeric
25c9a68a5ab066abae1f07f8534cfcbdb2fd55ba30af65c39bba379aef3be6ab,2025-02-28,Taxis,taxis,Diesel,1026,1026,reported_numeric
25c9a68a5ab066abae1f07f8534cfcbdb2fd55ba30af65c39bba379aef3be6ab,2025-02-28,Taxis,taxis,Electric,502,502,reported_numeric
25c9a68a5ab066abae1f07f8534cfcbdb2fd55ba30af65c39bba379aef3be6ab,2025-02-28,Taxis,taxis,Petrol,4,4,reported_numeric
25c9a68a5ab066abae1f07f8534cfcbdb2fd55ba30af65c39bba379aef3be6ab,2025-02-28,Taxis,taxis,Petrol-Electric,11409,11409,reported_numeric
25c9a68a5ab066abae1f07f8534cfcbdb2fd55ba30af65c39bba379aef3be6ab,2025-03-31,Buses,buses,Diesel,17658,17658,reported_numeric
25c9a68a5ab066abae1f07f8534cfcbdb2fd55ba30af65c39bba379aef3be6ab,2025-03-31,Buses,buses,Diesel-Electric,50,50,reported_numeric
25c9a68a5ab066abae1f07f8534cfcbdb2fd55ba30af65c39bba379aef3be6ab,2025-03-31,Buses,buses,Diesel-Electric (Plug-In),31,31,reported_numeric
25c9a68a5ab066abae1f07f8534cfcbdb2fd55ba30af65c39bba379aef3be6ab,2025-03-31,Buses,buses,Electric,432,432,reported_numeric
25c9a68a5ab066abae1f07f8534cfcbdb2fd55ba30af65c39bba379aef3be6ab,2025-03-31,Buses,buses,Petrol,133,133,reported_numeric
25c9a68a5ab066abae1f07f8534cfcbdb2fd55ba30af65c39bba379aef3be6ab,2025-03-31,Cars,cars,Diesel,16210,16210,reported_numeric
25c9a68a5ab066abae1f07f8534cfcbdb2fd55ba30af65c39bba379aef3be6ab,2025-03-31,Cars,cars,Diesel-Electric,13,13,reported_numeric
25c9a68a5ab066abae1f07f8534cfcbdb2fd55ba30af65c39bba379aef3be6ab,2025-03-31,Cars,cars,Diesel-Electric (Plug-In),1,1,reported_numeric
25c9a68a5ab066abae1f07f8534cfcbdb2fd55ba30af65c39bba379aef3be6ab,2025-03-31,Cars,cars,Electric,30595,30595,reported_numeric
25c9a68a5ab066abae1f07f8534cfcbdb2fd55ba30af65c39bba379aef3be6ab,2025-03-31,Cars,cars,Petrol,505902,505902,reported_numeric
25c9a68a5ab066abae1f07f8534cfcbdb2fd55ba30af65c39bba379aef3be6ab,2025-03-31,Cars,cars,Petrol-CNG,71,71,reported_numeric
25c9a68a5ab066abae1f07f8534cfcbdb2fd55ba30af65c39bba379aef3be6ab,2025-03-31,Cars,cars,Petrol-Electric,103550,103550,reported_numeric
25c9a68a5ab066abae1f07f8534cfcbdb2fd55ba30af65c39bba379aef3be6ab,2025-03-31,Cars,cars,Petrol-Electric (Plug-In),1657,1657,reported_numeric
25c9a68a5ab066abae1f07f8534cfcbdb2fd55ba30af65c39bba379aef3be6ab,2025-03-31,Goods & Other Vehicles,goods_and_other_vehicles,Diesel,124786,124786,reported_numeric
25c9a68a5ab066abae1f07f8534cfcbdb2fd55ba30af65c39bba379aef3be6ab,2025-03-31,Goods & Other Vehicles,goods_and_other_vehicles,Diesel-Electric,31,31,reported_numeric
25c9a68a5ab066abae1f07f8534cfcbdb2fd55ba30af65c39bba379aef3be6ab,2025-03-31,Goods & Other Vehicles,goods_and_other_vehicles,Electric,5110,5110,reported_numeric
25c9a68a5ab066abae1f07f8534cfcbdb2fd55ba30af65c39bba379aef3be6ab,2025-03-31,Goods & Other Vehicles,goods_and_other_vehicles,Petrol,13517,13517,reported_numeric
25c9a68a5ab066abae1f07f8534cfcbdb2fd55ba30af65c39bba379aef3be6ab,2025-03-31,Goods & Other Vehicles,goods_and_other_vehicles,Petrol-Electric,4,4,reported_numeric
25c9a68a5ab066abae1f07f8534cfcbdb2fd55ba30af65c39bba379aef3be6ab,2025-03-31,Goods & Other Vehicles,goods_and_other_vehicles,Petrol-Electric (Plug-In),1,1,reported_numeric
25c9a68a5ab066abae1f07f8534cfcbdb2fd55ba30af65c39bba379aef3be6ab,2025-03-31,Motor-cycles,motorcycles,Electric,330,330,reported_numeric
25c9a68a5ab066abae1f07f8534cfcbdb2fd55ba30af65c39bba379aef3be6ab,2025-03-31,Motor-cycles,motorcycles,Petrol,147973,147973,reported_numeric
25c9a68a5ab066abae1f07f8534cfcbdb2fd55ba30af65c39bba379aef3be6ab,2025-03-31,Taxis,taxis,Diesel,891,891,reported_numeric
25c9a68a5ab066abae1f07f8534cfcbdb2fd55ba30af65c39bba379aef3be6ab,2025-03-31,Taxis,taxis,Electric,502,502,reported_numeric
25c9a68a5ab066abae1f07f8534cfcbdb2fd55ba30af65c39bba379aef3be6ab,2025-03-31,Taxis,taxis,Petrol,4,4,reported_numeric
25c9a68a5ab066abae1f07f8534cfcbdb2fd55ba30af65c39bba379aef3be6ab,2025-03-31,Taxis,taxis,Petrol-Electric,11449,11449,reported_numeric
25c9a68a5ab066abae1f07f8534cfcbdb2fd55ba30af65c39bba379aef3be6ab,2025-04-30,Buses,buses,Diesel,17611,17611,reported_numeric
25c9a68a5ab066abae1f07f8534cfcbdb2fd55ba30af65c39bba379aef3be6ab,2025-04-30,Buses,buses,Diesel-Electric,50,50,reported_numeric
25c9a68a5ab066abae1f07f8534cfcbdb2fd55ba30af65c39bba379aef3be6ab,2025-04-30,Buses,buses,Diesel-Electric (Plug-In),34,34,reported_numeric
25c9a68a5ab066abae1f07f8534cfcbdb2fd55ba30af65c39bba379aef3be6ab,2025-04-30,Buses,buses,Electric,473,473,reported_numeric
25c9a68a5ab066abae1f07f8534cfcbdb2fd55ba30af65c39bba379aef3be6ab,2025-04-30,Buses,buses,Petrol,133,133,reported_numeric
25c9a68a5ab066abae1f07f8534cfcbdb2fd55ba30af65c39bba379aef3be6ab,2025-04-30,Cars,cars,Diesel,15977,15977,reported_numeric
25c9a68a5ab066abae1f07f8534cfcbdb2fd55ba30af65c39bba379aef3be6ab,2025-04-30,Cars,cars,Diesel-Electric,13,13,reported_numeric
25c9a68a5ab066abae1f07f8534cfcbdb2fd55ba30af65c39bba379aef3be6ab,2025-04-30,Cars,cars,Diesel-Electric (Plug-In),1,1,reported_numeric
25c9a68a5ab066abae1f07f8534cfcbdb2fd55ba30af65c39bba379aef3be6ab,2025-04-30,Cars,cars,Electric,32156,32156,reported_numeric
25c9a68a5ab066abae1f07f8534cfcbdb2fd55ba30af65c39bba379aef3be6ab,2025-04-30,Cars,cars,Petrol,503018,503018,reported_numeric
25c9a68a5ab066abae1f07f8534cfcbdb2fd55ba30af65c39bba379aef3be6ab,2025-04-30,Cars,cars,Petrol-CNG,71,71,reported_numeric
25c9a68a5ab066abae1f07f8534cfcbdb2fd55ba30af65c39bba379aef3be6ab,2025-04-30,Cars,cars,Petrol-Electric,105176,105176,reported_numeric
25c9a68a5ab066abae1f07f8534cfcbdb2fd55ba30af65c39bba379aef3be6ab,2025-04-30,Cars,cars,Petrol-Electric (Plug-In),1680,1680,reported_numeric
25c9a68a5ab066abae1f07f8534cfcbdb2fd55ba30af65c39bba379aef3be6ab,2025-04-30,Goods & Other Vehicles,goods_and_other_vehicles,Diesel,124565,124565,reported_numeric
25c9a68a5ab066abae1f07f8534cfcbdb2fd55ba30af65c39bba379aef3be6ab,2025-04-30,Goods & Other Vehicles,goods_and_other_vehicles,Diesel-Electric,32,32,reported_numeric
25c9a68a5ab066abae1f07f8534cfcbdb2fd55ba30af65c39bba379aef3be6ab,2025-04-30,Goods & Other Vehicles,goods_and_other_vehicles,Electric,5193,5193,reported_numeric
25c9a68a5ab066abae1f07f8534cfcbdb2fd55ba30af65c39bba379aef3be6ab,2025-04-30,Goods & Other Vehicles,goods_and_other_vehicles,Petrol,13516,13516,reported_numeric
25c9a68a5ab066abae1f07f8534cfcbdb2fd55ba30af65c39bba379aef3be6ab,2025-04-30,Goods & Other Vehicles,goods_and_other_vehicles,Petrol-Electric,4,4,reported_numeric
25c9a68a5ab066abae1f07f8534cfcbdb2fd55ba30af65c39bba379aef3be6ab,2025-04-30,Goods & Other Vehicles,goods_and_other_vehicles,Petrol-Electric (Plug-In),1,1,reported_numeric
25c9a68a5ab066abae1f07f8534cfcbdb2fd55ba30af65c39bba379aef3be6ab,2025-04-30,Motor-cycles,motorcycles,Electric,330,330,reported_numeric
25c9a68a5ab066abae1f07f8534cfcbdb2fd55ba30af65c39bba379aef3be6ab,2025-04-30,Motor-cycles,motorcycles,Petrol,148160,148160,reported_numeric
25c9a68a5ab066abae1f07f8534cfcbdb2fd55ba30af65c39bba379aef3be6ab,2025-04-30,Taxis,taxis,Diesel,691,691,reported_numeric
25c9a68a5ab066abae1f07f8534cfcbdb2fd55ba30af65c39bba379aef3be6ab,2025-04-30,Taxis,taxis,Electric,502,502,reported_numeric
25c9a68a5ab066abae1f07f8534cfcbdb2fd55ba30af65c39bba379aef3be6ab,2025-04-30,Taxis,taxis,Petrol,4,4,reported_numeric
25c9a68a5ab066abae1f07f8534cfcbdb2fd55ba30af65c39bba379aef3be6ab,2025-04-30,Taxis,taxis,Petrol-Electric,11465,11465,reported_numeric
25c9a68a5ab066abae1f07f8534cfcbdb2fd55ba30af65c39bba379aef3be6ab,2025-05-31,Buses,buses,Diesel,17580,17580,reported_numeric
25c9a68a5ab066abae1f07f8534cfcbdb2fd55ba30af65c39bba379aef3be6ab,2025-05-31,Buses,buses,Diesel-Electric,50,50,reported_numeric
25c9a68a5ab066abae1f07f8534cfcbdb2fd55ba30af65c39bba379aef3be6ab,2025-05-31,Buses,buses,Diesel-Electric (Plug-In),36,36,reported_numeric
25c9a68a5ab066abae1f07f8534cfcbdb2fd55ba30af65c39bba379aef3be6ab,2025-05-31,Buses,buses,Electric,504,504,reported_numeric
25c9a68a5ab066abae1f07f8534cfcbdb2fd55ba30af65c39bba379aef3be6ab,2025-05-31,Buses,buses,Petrol,133,133,reported_numeric
25c9a68a5ab066abae1f07f8534cfcbdb2fd55ba30af65c39bba379aef3be6ab,2025-05-31,Cars,cars,Diesel,15773,15773,reported_numeric
25c9a68a5ab066abae1f07f8534cfcbdb2fd55ba30af65c39bba379aef3be6ab,2025-05-31,Cars,cars,Diesel-Electric,12,12,reported_numeric
25c9a68a5ab066abae1f07f8534cfcbdb2fd55ba30af65c39bba379aef3be6ab,2025-05-31,Cars,cars,Diesel-Electric (Plug-In),1,1,reported_numeric
25c9a68a5ab066abae1f07f8534cfcbdb2fd55ba30af65c39bba379aef3be6ab,2025-05-31,Cars,cars,Electric,34038,34038,reported_numeric
25c9a68a5ab066abae1f07f8534cfcbdb2fd55ba30af65c39bba379aef3be6ab,2025-05-31,Cars,cars,Petrol,499872,499872,reported_numeric
25c9a68a5ab066abae1f07f8534cfcbdb2fd55ba30af65c39bba379aef3be6ab,2025-05-31,Cars,cars,Petrol-CNG,71,71,reported_numeric
25c9a68a5ab066abae1f07f8534cfcbdb2fd55ba30af65c39bba379aef3be6ab,2025-05-31,Cars,cars,Petrol-Electric,107002,107002,reported_numeric
25c9a68a5ab066abae1f07f8534cfcbdb2fd55ba30af65c39bba379aef3be6ab,2025-05-31,Cars,cars,Petrol-Electric (Plug-In),1708,1708,reported_numeric
25c9a68a5ab066abae1f07f8534cfcbdb2fd55ba30af65c39bba379aef3be6ab,2025-05-31,Goods & Other Vehicles,goods_and_other_vehicles,Diesel,124425,124425,reported_numeric
25c9a68a5ab066abae1f07f8534cfcbdb2fd55ba30af65c39bba379aef3be6ab,2025-05-31,Goods & Other Vehicles,goods_and_other_vehicles,Diesel-Electric,32,32,reported_numeric
25c9a68a5ab066abae1f07f8534cfcbdb2fd55ba30af65c39bba379aef3be6ab,2025-05-31,Goods & Other Vehicles,goods_and_other_vehicles,Electric,5302,5302,reported_numeric
25c9a68a5ab066abae1f07f8534cfcbdb2fd55ba30af65c39bba379aef3be6ab,2025-05-31,Goods & Other Vehicles,goods_and_other_vehicles,Petrol,13520,13520,reported_numeric
25c9a68a5ab066abae1f07f8534cfcbdb2fd55ba30af65c39bba379aef3be6ab,2025-05-31,Goods & Other Vehicles,goods_and_other_vehicles,Petrol-Electric,5,5,reported_numeric
25c9a68a5ab066abae1f07f8534cfcbdb2fd55ba30af65c39bba379aef3be6ab,2025-05-31,Goods & Other Vehicles,goods_and_other_vehicles,Petrol-Electric (Plug-In),1,1,reported_numeric
25c9a68a5ab066abae1f07f8534cfcbdb2fd55ba30af65c39bba379aef3be6ab,2025-05-31,Motor-cycles,motorcycles,Electric,334,334,reported_numeric
25c9a68a5ab066abae1f07f8534cfcbdb2fd55ba30af65c39bba379aef3be6ab,2025-05-31,Motor-cycles,motorcycles,Petrol,148626,148626,reported_numeric
25c9a68a5ab066abae1f07f8534cfcbdb2fd55ba30af65c39bba379aef3be6ab,2025-05-31,Taxis,taxis,Diesel,487,487,reported_numeric
25c9a68a5ab066abae1f07f8534cfcbdb2fd55ba30af65c39bba379aef3be6ab,2025-05-31,Taxis,taxis,Electric,502,502,reported_numeric
25c9a68a5ab066abae1f07f8534cfcbdb2fd55ba30af65c39bba379aef3be6ab,2025-05-31,Taxis,taxis,Petrol,4,4,reported_numeric
25c9a68a5ab066abae1f07f8534cfcbdb2fd55ba30af65c39bba379aef3be6ab,2025-05-31,Taxis,taxis,Petrol-Electric,11472,11472,reported_numeric
25c9a68a5ab066abae1f07f8534cfcbdb2fd55ba30af65c39bba379aef3be6ab,2025-06-30,Buses,buses,Diesel,17559,17559,reported_numeric
25c9a68a5ab066abae1f07f8534cfcbdb2fd55ba30af65c39bba379aef3be6ab,2025-06-30,Buses,buses,Diesel-Electric,50,50,reported_numeric
25c9a68a5ab066abae1f07f8534cfcbdb2fd55ba30af65c39bba379aef3be6ab,2025-06-30,Buses,buses,Diesel-Electric (Plug-In),37,37,reported_numeric
25c9a68a5ab066abae1f07f8534cfcbdb2fd55ba30af65c39bba379aef3be6ab,2025-06-30,Buses,buses,Electric,546,546,reported_numeric
25c9a68a5ab066abae1f07f8534cfcbdb2fd55ba30af65c39bba379aef3be6ab,2025-06-30,Buses,buses,Petrol,133,133,reported_numeric
25c9a68a5ab066abae1f07f8534cfcbdb2fd55ba30af65c39bba379aef3be6ab,2025-06-30,Cars,cars,Diesel,15537,15537,reported_numeric
25c9a68a5ab066abae1f07f8534cfcbdb2fd55ba30af65c39bba379aef3be6ab,2025-06-30,Cars,cars,Diesel-Electric,12,12,reported_numeric
25c9a68a5ab066abae1f07f8534cfcbdb2fd55ba30af65c39bba379aef3be6ab,2025-06-30,Cars,cars,Diesel-Electric (Plug-In),1,1,reported_numeric
25c9a68a5ab066abae1f07f8534cfcbdb2fd55ba30af65c39bba379aef3be6ab,2025-06-30,Cars,cars,Electric,36016,36016,reported_numeric
25c9a68a5ab066abae1f07f8534cfcbdb2fd55ba30af65c39bba379aef3be6ab,2025-06-30,Cars,cars,Petrol,496579,496579,reported_numeric
25c9a68a5ab066abae1f07f8534cfcbdb2fd55ba30af65c39bba379aef3be6ab,2025-06-30,Cars,cars,Petrol-CNG,70,70,reported_numeric
25c9a68a5ab066abae1f07f8534cfcbdb2fd55ba30af65c39bba379aef3be6ab,2025-06-30,Cars,cars,Petrol-Electric,108840,108840,reported_numeric
25c9a68a5ab066abae1f07f8534cfcbdb2fd55ba30af65c39bba379aef3be6ab,2025-06-30,Cars,cars,Petrol-Electric (Plug-In),1761,1761,reported_numeric
25c9a68a5ab066abae1f07f8534cfcbdb2fd55ba30af65c39bba379aef3be6ab,2025-06-30,Goods & Other Vehicles,goods_and_other_vehicles,Diesel,124166,124166,reported_numeric
25c9a68a5ab066abae1f07f8534cfcbdb2fd55ba30af65c39bba379aef3be6ab,2025-06-30,Goods & Other Vehicles,goods_and_other_vehicles,Diesel-Electric,32,32,reported_numeric
25c9a68a5ab066abae1f07f8534cfcbdb2fd55ba30af65c39bba379aef3be6ab,2025-06-30,Goods & Other Vehicles,goods_and_other_vehicles,Electric,5438,5438,reported_numeric
25c9a68a5ab066abae1f07f8534cfcbdb2fd55ba30af65c39bba379aef3be6ab,2025-06-30,Goods & Other Vehicles,goods_and_other_vehicles,Petrol,13567,13567,reported_numeric
25c9a68a5ab066abae1f07f8534cfcbdb2fd55ba30af65c39bba379aef3be6ab,2025-06-30,Goods & Other Vehicles,goods_and_other_vehicles,Petrol-Electric,5,5,reported_numeric
25c9a68a5ab066abae1f07f8534cfcbdb2fd55ba30af65c39bba379aef3be6ab,2025-06-30,Goods & Other Vehicles,goods_and_other_vehicles,Petrol-Electric (Plug-In),1,1,reported_numeric
25c9a68a5ab066abae1f07f8534cfcbdb2fd55ba30af65c39bba379aef3be6ab,2025-06-30,Motor-cycles,motorcycles,Electric,341,341,reported_numeric
25c9a68a5ab066abae1f07f8534cfcbdb2fd55ba30af65c39bba379aef3be6ab,2025-06-30,Motor-cycles,motorcycles,Petrol,148940,148940,reported_numeric
25c9a68a5ab066abae1f07f8534cfcbdb2fd55ba30af65c39bba379aef3be6ab,2025-06-30,Taxis,taxis,Diesel,376,376,reported_numeric
25c9a68a5ab066abae1f07f8534cfcbdb2fd55ba30af65c39bba379aef3be6ab,2025-06-30,Taxis,taxis,Electric,502,502,reported_numeric
25c9a68a5ab066abae1f07f8534cfcbdb2fd55ba30af65c39bba379aef3be6ab,2025-06-30,Taxis,taxis,Petrol,4,4,reported_numeric
25c9a68a5ab066abae1f07f8534cfcbdb2fd55ba30af65c39bba379aef3be6ab,2025-06-30,Taxis,taxis,Petrol-Electric,11464,11464,reported_numeric
25c9a68a5ab066abae1f07f8534cfcbdb2fd55ba30af65c39bba379aef3be6ab,2025-07-31,Buses,buses,Diesel,17517,17517,reported_numeric
25c9a68a5ab066abae1f07f8534cfcbdb2fd55ba30af65c39bba379aef3be6ab,2025-07-31,Buses,buses,Diesel-Electric,50,50,reported_numeric
25c9a68a5ab066abae1f07f8534cfcbdb2fd55ba30af65c39bba379aef3be6ab,2025-07-31,Buses,buses,Diesel-Electric (Plug-In),40,40,reported_numeric
25c9a68a5ab066abae1f07f8534cfcbdb2fd55ba30af65c39bba379aef3be6ab,2025-07-31,Buses,buses,Electric,572,572,reported_numeric
25c9a68a5ab066abae1f07f8534cfcbdb2fd55ba30af65c39bba379aef3be6ab,2025-07-31,Buses,buses,Petrol,133,133,reported_numeric
25c9a68a5ab066abae1f07f8534cfcbdb2fd55ba30af65c39bba379aef3be6ab,2025-07-31,Cars,cars,Diesel,15283,15283,reported_numeric
25c9a68a5ab066abae1f07f8534cfcbdb2fd55ba30af65c39bba379aef3be6ab,2025-07-31,Cars,cars,Diesel-Electric,10,10,reported_numeric
25c9a68a5ab066abae1f07f8534cfcbdb2fd55ba30af65c39bba379aef3be6ab,2025-07-31,Cars,cars,Diesel-Electric (Plug-In),1,1,reported_numeric
25c9a68a5ab066abae1f07f8534cfcbdb2fd55ba30af65c39bba379aef3be6ab,2025-07-31,Cars,cars,Electric,38060,38060,reported_numeric
25c9a68a5ab066abae1f07f8534cfcbdb2fd55ba30af65c39bba379aef3be6ab,2025-07-31,Cars,cars,Petrol,493554,493554,reported_numeric
25c9a68a5ab066abae1f07f8534cfcbdb2fd55ba30af65c39bba379aef3be6ab,2025-07-31,Cars,cars,Petrol-CNG,70,70,reported_numeric
25c9a68a5ab066abae1f07f8534cfcbdb2fd55ba30af65c39bba379aef3be6ab,2025-07-31,Cars,cars,Petrol-Electric,110551,110551,reported_numeric
25c9a68a5ab066abae1f07f8534cfcbdb2fd55ba30af65c39bba379aef3be6ab,2025-07-31,Cars,cars,Petrol-Electric (Plug-In),1829,1829,reported_numeric
25c9a68a5ab066abae1f07f8534cfcbdb2fd55ba30af65c39bba379aef3be6ab,2025-07-31,Goods & Other Vehicles,goods_and_other_vehicles,Diesel,124037,124037,reported_numeric
25c9a68a5ab066abae1f07f8534cfcbdb2fd55ba30af65c39bba379aef3be6ab,2025-07-31,Goods & Other Vehicles,goods_and_other_vehicles,Diesel-Electric,32,32,reported_numeric
25c9a68a5ab066abae1f07f8534cfcbdb2fd55ba30af65c39bba379aef3be6ab,2025-07-31,Goods & Other Vehicles,goods_and_other_vehicles,Electric,5597,5597,reported_numeric
25c9a68a5ab066abae1f07f8534cfcbdb2fd55ba30af65c39bba379aef3be6ab,2025-07-31,Goods & Other Vehicles,goods_and_other_vehicles,Petrol,13589,13589,reported_numeric
25c9a68a5ab066abae1f07f8534cfcbdb2fd55ba30af65c39bba379aef3be6ab,2025-07-31,Goods & Other Vehicles,goods_and_other_vehicles,Petrol-Electric,5,5,reported_numeric
25c9a68a5ab066abae1f07f8534cfcbdb2fd55ba30af65c39bba379aef3be6ab,2025-07-31,Goods & Other Vehicles,goods_and_other_vehicles,Petrol-Electric (Plug-In),1,1,reported_numeric
25c9a68a5ab066abae1f07f8534cfcbdb2fd55ba30af65c39bba379aef3be6ab,2025-07-31,Motor-cycles,motorcycles,Electric,347,347,reported_numeric
25c9a68a5ab066abae1f07f8534cfcbdb2fd55ba30af65c39bba379aef3be6ab,2025-07-31,Motor-cycles,motorcycles,Petrol,149190,149190,reported_numeric
25c9a68a5ab066abae1f07f8534cfcbdb2fd55ba30af65c39bba379aef3be6ab,2025-07-31,Taxis,taxis,Diesel,293,293,reported_numeric
25c9a68a5ab066abae1f07f8534cfcbdb2fd55ba30af65c39bba379aef3be6ab,2025-07-31,Taxis,taxis,Electric,500,500,reported_numeric
25c9a68a5ab066abae1f07f8534cfcbdb2fd55ba30af65c39bba379aef3be6ab,2025-07-31,Taxis,taxis,Petrol,4,4,reported_numeric
25c9a68a5ab066abae1f07f8534cfcbdb2fd55ba30af65c39bba379aef3be6ab,2025-07-31,Taxis,taxis,Petrol-Electric,11464,11464,reported_numeric
25c9a68a5ab066abae1f07f8534cfcbdb2fd55ba30af65c39bba379aef3be6ab,2025-08-31,Buses,buses,Diesel,17494,17494,reported_numeric
25c9a68a5ab066abae1f07f8534cfcbdb2fd55ba30af65c39bba379aef3be6ab,2025-08-31,Buses,buses,Diesel-Electric,50,50,reported_numeric
25c9a68a5ab066abae1f07f8534cfcbdb2fd55ba30af65c39bba379aef3be6ab,2025-08-31,Buses,buses,Diesel-Electric (Plug-In),40,40,reported_numeric
25c9a68a5ab066abae1f07f8534cfcbdb2fd55ba30af65c39bba379aef3be6ab,2025-08-31,Buses,buses,Electric,603,603,reported_numeric
25c9a68a5ab066abae1f07f8534cfcbdb2fd55ba30af65c39bba379aef3be6ab,2025-08-31,Buses,buses,Petrol,133,133,reported_numeric
25c9a68a5ab066abae1f07f8534cfcbdb2fd55ba30af65c39bba379aef3be6ab,2025-08-31,Cars,cars,Diesel,15038,15038,reported_numeric
25c9a68a5ab066abae1f07f8534cfcbdb2fd55ba30af65c39bba379aef3be6ab,2025-08-31,Cars,cars,Diesel-Electric,10,10,reported_numeric
25c9a68a5ab066abae1f07f8534cfcbdb2fd55ba30af65c39bba379aef3be6ab,2025-08-31,Cars,cars,Diesel-Electric (Plug-In),1,1,reported_numeric
25c9a68a5ab066abae1f07f8534cfcbdb2fd55ba30af65c39bba379aef3be6ab,2025-08-31,Cars,cars,Electric,39794,39794,reported_numeric
25c9a68a5ab066abae1f07f8534cfcbdb2fd55ba30af65c39bba379aef3be6ab,2025-08-31,Cars,cars,Petrol,489886,489886,reported_numeric
25c9a68a5ab066abae1f07f8534cfcbdb2fd55ba30af65c39bba379aef3be6ab,2025-08-31,Cars,cars,Petrol-CNG,70,70,reported_numeric
25c9a68a5ab066abae1f07f8534cfcbdb2fd55ba30af65c39bba379aef3be6ab,2025-08-31,Cars,cars,Petrol-Electric,112275,112275,reported_numeric
25c9a68a5ab066abae1f07f8534cfcbdb2fd55ba30af65c39bba379aef3be6ab,2025-08-31,Cars,cars,Petrol-Electric (Plug-In),2000,2000,reported_numeric
25c9a68a5ab066abae1f07f8534cfcbdb2fd55ba30af65c39bba379aef3be6ab,2025-08-31,Goods & Other Vehicles,goods_and_other_vehicles,Diesel,123689,123689,reported_numeric
25c9a68a5ab066abae1f07f8534cfcbdb2fd55ba30af65c39bba379aef3be6ab,2025-08-31,Goods & Other Vehicles,goods_and_other_vehicles,Diesel-Electric,32,32,reported_numeric
25c9a68a5ab066abae1f07f8534cfcbdb2fd55ba30af65c39bba379aef3be6ab,2025-08-31,Goods & Other Vehicles,goods_and_other_vehicles,Electric,5740,5740,reported_numeric
25c9a68a5ab066abae1f07f8534cfcbdb2fd55ba30af65c39bba379aef3be6ab,2025-08-31,Goods & Other Vehicles,goods_and_other_vehicles,Petrol,13604,13604,reported_numeric
25c9a68a5ab066abae1f07f8534cfcbdb2fd55ba30af65c39bba379aef3be6ab,2025-08-31,Goods & Other Vehicles,goods_and_other_vehicles,Petrol-Electric,5,5,reported_numeric
25c9a68a5ab066abae1f07f8534cfcbdb2fd55ba30af65c39bba379aef3be6ab,2025-08-31,Goods & Other Vehicles,goods_and_other_vehicles,Petrol-Electric (Plug-In),1,1,reported_numeric
25c9a68a5ab066abae1f07f8534cfcbdb2fd55ba30af65c39bba379aef3be6ab,2025-08-31,Motor-cycles,motorcycles,Electric,351,351,reported_numeric
25c9a68a5ab066abae1f07f8534cfcbdb2fd55ba30af65c39bba379aef3be6ab,2025-08-31,Motor-cycles,motorcycles,Petrol,149515,149515,reported_numeric
25c9a68a5ab066abae1f07f8534cfcbdb2fd55ba30af65c39bba379aef3be6ab,2025-08-31,Taxis,taxis,Diesel,233,233,reported_numeric
25c9a68a5ab066abae1f07f8534cfcbdb2fd55ba30af65c39bba379aef3be6ab,2025-08-31,Taxis,taxis,Electric,500,500,reported_numeric
25c9a68a5ab066abae1f07f8534cfcbdb2fd55ba30af65c39bba379aef3be6ab,2025-08-31,Taxis,taxis,Petrol,4,4,reported_numeric
25c9a68a5ab066abae1f07f8534cfcbdb2fd55ba30af65c39bba379aef3be6ab,2025-08-31,Taxis,taxis,Petrol-Electric,11452,11452,reported_numeric
25c9a68a5ab066abae1f07f8534cfcbdb2fd55ba30af65c39bba379aef3be6ab,2025-09-30,Buses,buses,Diesel,17452,17452,reported_numeric
25c9a68a5ab066abae1f07f8534cfcbdb2fd55ba30af65c39bba379aef3be6ab,2025-09-30,Buses,buses,Diesel-Electric,50,50,reported_numeric
25c9a68a5ab066abae1f07f8534cfcbdb2fd55ba30af65c39bba379aef3be6ab,2025-09-30,Buses,buses,Diesel-Electric (Plug-In),40,40,reported_numeric
25c9a68a5ab066abae1f07f8534cfcbdb2fd55ba30af65c39bba379aef3be6ab,2025-09-30,Buses,buses,Electric,659,659,reported_numeric
25c9a68a5ab066abae1f07f8534cfcbdb2fd55ba30af65c39bba379aef3be6ab,2025-09-30,Buses,buses,Petrol,133,133,reported_numeric
25c9a68a5ab066abae1f07f8534cfcbdb2fd55ba30af65c39bba379aef3be6ab,2025-09-30,Cars,cars,Diesel,14828,14828,reported_numeric
25c9a68a5ab066abae1f07f8534cfcbdb2fd55ba30af65c39bba379aef3be6ab,2025-09-30,Cars,cars,Diesel-Electric,10,10,reported_numeric
25c9a68a5ab066abae1f07f8534cfcbdb2fd55ba30af65c39bba379aef3be6ab,2025-09-30,Cars,cars,Diesel-Electric (Plug-In),1,1,reported_numeric
25c9a68a5ab066abae1f07f8534cfcbdb2fd55ba30af65c39bba379aef3be6ab,2025-09-30,Cars,cars,Electric,41732,41732,reported_numeric
25c9a68a5ab066abae1f07f8534cfcbdb2fd55ba30af65c39bba379aef3be6ab,2025-09-30,Cars,cars,Petrol,486340,486340,reported_numeric
25c9a68a5ab066abae1f07f8534cfcbdb2fd55ba30af65c39bba379aef3be6ab,2025-09-30,Cars,cars,Petrol-CNG,69,69,reported_numeric
25c9a68a5ab066abae1f07f8534cfcbdb2fd55ba30af65c39bba379aef3be6ab,2025-09-30,Cars,cars,Petrol-Electric,113720,113720,reported_numeric
25c9a68a5ab066abae1f07f8534cfcbdb2fd55ba30af65c39bba379aef3be6ab,2025-09-30,Cars,cars,Petrol-Electric (Plug-In),2131,2131,reported_numeric
25c9a68a5ab066abae1f07f8534cfcbdb2fd55ba30af65c39bba379aef3be6ab,2025-09-30,Goods & Other Vehicles,goods_and_other_vehicles,Diesel,123326,123326,reported_numeric
25c9a68a5ab066abae1f07f8534cfcbdb2fd55ba30af65c39bba379aef3be6ab,2025-09-30,Goods & Other Vehicles,goods_and_other_vehicles,Diesel-Electric,32,32,reported_numeric
25c9a68a5ab066abae1f07f8534cfcbdb2fd55ba30af65c39bba379aef3be6ab,2025-09-30,Goods & Other Vehicles,goods_and_other_vehicles,Electric,5897,5897,reported_numeric
25c9a68a5ab066abae1f07f8534cfcbdb2fd55ba30af65c39bba379aef3be6ab,2025-09-30,Goods & Other Vehicles,goods_and_other_vehicles,Petrol,13626,13626,reported_numeric
25c9a68a5ab066abae1f07f8534cfcbdb2fd55ba30af65c39bba379aef3be6ab,2025-09-30,Goods & Other Vehicles,goods_and_other_vehicles,Petrol-Electric,5,5,reported_numeric
25c9a68a5ab066abae1f07f8534cfcbdb2fd55ba30af65c39bba379aef3be6ab,2025-09-30,Goods & Other Vehicles,goods_and_other_vehicles,Petrol-Electric (Plug-In),1,1,reported_numeric
25c9a68a5ab066abae1f07f8534cfcbdb2fd55ba30af65c39bba379aef3be6ab,2025-09-30,Motor-cycles,motorcycles,Electric,359,359,reported_numeric
25c9a68a5ab066abae1f07f8534cfcbdb2fd55ba30af65c39bba379aef3be6ab,2025-09-30,Motor-cycles,motorcycles,Petrol,150101,150101,reported_numeric
25c9a68a5ab066abae1f07f8534cfcbdb2fd55ba30af65c39bba379aef3be6ab,2025-09-30,Taxis,taxis,Diesel,185,185,reported_numeric
25c9a68a5ab066abae1f07f8534cfcbdb2fd55ba30af65c39bba379aef3be6ab,2025-09-30,Taxis,taxis,Electric,500,500,reported_numeric
25c9a68a5ab066abae1f07f8534cfcbdb2fd55ba30af65c39bba379aef3be6ab,2025-09-30,Taxis,taxis,Petrol,4,4,reported_numeric
25c9a68a5ab066abae1f07f8534cfcbdb2fd55ba30af65c39bba379aef3be6ab,2025-09-30,Taxis,taxis,Petrol-Electric,11524,11524,reported_numeric
25c9a68a5ab066abae1f07f8534cfcbdb2fd55ba30af65c39bba379aef3be6ab,2025-10-31,Buses,buses,Diesel,17433,17433,reported_numeric
25c9a68a5ab066abae1f07f8534cfcbdb2fd55ba30af65c39bba379aef3be6ab,2025-10-31,Buses,buses,Diesel-Electric,50,50,reported_numeric
25c9a68a5ab066abae1f07f8534cfcbdb2fd55ba30af65c39bba379aef3be6ab,2025-10-31,Buses,buses,Diesel-Electric (Plug-In),42,42,reported_numeric
25c9a68a5ab066abae1f07f8534cfcbdb2fd55ba30af65c39bba379aef3be6ab,2025-10-31,Buses,buses,Electric,711,711,reported_numeric
25c9a68a5ab066abae1f07f8534cfcbdb2fd55ba30af65c39bba379aef3be6ab,2025-10-31,Buses,buses,Petrol,133,133,reported_numeric
25c9a68a5ab066abae1f07f8534cfcbdb2fd55ba30af65c39bba379aef3be6ab,2025-10-31,Cars,cars,Diesel,14605,14605,reported_numeric
25c9a68a5ab066abae1f07f8534cfcbdb2fd55ba30af65c39bba379aef3be6ab,2025-10-31,Cars,cars,Diesel-Electric,10,10,reported_numeric
25c9a68a5ab066abae1f07f8534cfcbdb2fd55ba30af65c39bba379aef3be6ab,2025-10-31,Cars,cars,Diesel-Electric (Plug-In),1,1,reported_numeric
25c9a68a5ab066abae1f07f8534cfcbdb2fd55ba30af65c39bba379aef3be6ab,2025-10-31,Cars,cars,Electric,43799,43799,reported_numeric
25c9a68a5ab066abae1f07f8534cfcbdb2fd55ba30af65c39bba379aef3be6ab,2025-10-31,Cars,cars,Petrol,482393,482393,reported_numeric
25c9a68a5ab066abae1f07f8534cfcbdb2fd55ba30af65c39bba379aef3be6ab,2025-10-31,Cars,cars,Petrol-CNG,68,68,reported_numeric
25c9a68a5ab066abae1f07f8534cfcbdb2fd55ba30af65c39bba379aef3be6ab,2025-10-31,Cars,cars,Petrol-Electric,114985,114985,reported_numeric
25c9a68a5ab066abae1f07f8534cfcbdb2fd55ba30af65c39bba379aef3be6ab,2025-10-31,Cars,cars,Petrol-Electric (Plug-In),2221,2221,reported_numeric
25c9a68a5ab066abae1f07f8534cfcbdb2fd55ba30af65c39bba379aef3be6ab,2025-10-31,Goods & Other Vehicles,goods_and_other_vehicles,Diesel,123083,123083,reported_numeric
25c9a68a5ab066abae1f07f8534cfcbdb2fd55ba30af65c39bba379aef3be6ab,2025-10-31,Goods & Other Vehicles,goods_and_other_vehicles,Diesel-Electric,33,33,reported_numeric
25c9a68a5ab066abae1f07f8534cfcbdb2fd55ba30af65c39bba379aef3be6ab,2025-10-31,Goods & Other Vehicles,goods_and_other_vehicles,Electric,6020,6020,reported_numeric
25c9a68a5ab066abae1f07f8534cfcbdb2fd55ba30af65c39bba379aef3be6ab,2025-10-31,Goods & Other Vehicles,goods_and_other_vehicles,Petrol,13652,13652,reported_numeric
25c9a68a5ab066abae1f07f8534cfcbdb2fd55ba30af65c39bba379aef3be6ab,2025-10-31,Goods & Other Vehicles,goods_and_other_vehicles,Petrol-Electric,6,6,reported_numeric
25c9a68a5ab066abae1f07f8534cfcbdb2fd55ba30af65c39bba379aef3be6ab,2025-10-31,Goods & Other Vehicles,goods_and_other_vehicles,Petrol-Electric (Plug-In),1,1,reported_numeric
25c9a68a5ab066abae1f07f8534cfcbdb2fd55ba30af65c39bba379aef3be6ab,2025-10-31,Motor-cycles,motorcycles,Electric,365,365,reported_numeric
25c9a68a5ab066abae1f07f8534cfcbdb2fd55ba30af65c39bba379aef3be6ab,2025-10-31,Motor-cycles,motorcycles,Petrol,150392,150392,reported_numeric
25c9a68a5ab066abae1f07f8534cfcbdb2fd55ba30af65c39bba379aef3be6ab,2025-10-31,Taxis,taxis,Diesel,158,158,reported_numeric
25c9a68a5ab066abae1f07f8534cfcbdb2fd55ba30af65c39bba379aef3be6ab,2025-10-31,Taxis,taxis,Electric,500,500,reported_numeric
25c9a68a5ab066abae1f07f8534cfcbdb2fd55ba30af65c39bba379aef3be6ab,2025-10-31,Taxis,taxis,Petrol,4,4,reported_numeric
25c9a68a5ab066abae1f07f8534cfcbdb2fd55ba30af65c39bba379aef3be6ab,2025-10-31,Taxis,taxis,Petrol-Electric,11554,11554,reported_numeric
25c9a68a5ab066abae1f07f8534cfcbdb2fd55ba30af65c39bba379aef3be6ab,2025-11-30,Buses,buses,Diesel,17393,17393,reported_numeric
25c9a68a5ab066abae1f07f8534cfcbdb2fd55ba30af65c39bba379aef3be6ab,2025-11-30,Buses,buses,Diesel-Electric,50,50,reported_numeric
25c9a68a5ab066abae1f07f8534cfcbdb2fd55ba30af65c39bba379aef3be6ab,2025-11-30,Buses,buses,Diesel-Electric (Plug-In),43,43,reported_numeric
25c9a68a5ab066abae1f07f8534cfcbdb2fd55ba30af65c39bba379aef3be6ab,2025-11-30,Buses,buses,Electric,768,768,reported_numeric
25c9a68a5ab066abae1f07f8534cfcbdb2fd55ba30af65c39bba379aef3be6ab,2025-11-30,Buses,buses,Petrol,133,133,reported_numeric
25c9a68a5ab066abae1f07f8534cfcbdb2fd55ba30af65c39bba379aef3be6ab,2025-11-30,Cars,cars,Diesel,14357,14357,reported_numeric
25c9a68a5ab066abae1f07f8534cfcbdb2fd55ba30af65c39bba379aef3be6ab,2025-11-30,Cars,cars,Diesel-Electric,10,10,reported_numeric
25c9a68a5ab066abae1f07f8534cfcbdb2fd55ba30af65c39bba379aef3be6ab,2025-11-30,Cars,cars,Diesel-Electric (Plug-In),1,1,reported_numeric
25c9a68a5ab066abae1f07f8534cfcbdb2fd55ba30af65c39bba379aef3be6ab,2025-11-30,Cars,cars,Electric,46029,46029,reported_numeric
25c9a68a5ab066abae1f07f8534cfcbdb2fd55ba30af65c39bba379aef3be6ab,2025-11-30,Cars,cars,Petrol,478973,478973,reported_numeric
25c9a68a5ab066abae1f07f8534cfcbdb2fd55ba30af65c39bba379aef3be6ab,2025-11-30,Cars,cars,Petrol-CNG,68,68,reported_numeric
25c9a68a5ab066abae1f07f8534cfcbdb2fd55ba30af65c39bba379aef3be6ab,2025-11-30,Cars,cars,Petrol-Electric,116510,116510,reported_numeric
25c9a68a5ab066abae1f07f8534cfcbdb2fd55ba30af65c39bba379aef3be6ab,2025-11-30,Cars,cars,Petrol-Electric (Plug-In),2312,2312,reported_numeric
25c9a68a5ab066abae1f07f8534cfcbdb2fd55ba30af65c39bba379aef3be6ab,2025-11-30,Goods & Other Vehicles,goods_and_other_vehicles,Diesel,122953,122953,reported_numeric
25c9a68a5ab066abae1f07f8534cfcbdb2fd55ba30af65c39bba379aef3be6ab,2025-11-30,Goods & Other Vehicles,goods_and_other_vehicles,Diesel-Electric,33,33,reported_numeric
25c9a68a5ab066abae1f07f8534cfcbdb2fd55ba30af65c39bba379aef3be6ab,2025-11-30,Goods & Other Vehicles,goods_and_other_vehicles,Electric,6166,6166,reported_numeric
25c9a68a5ab066abae1f07f8534cfcbdb2fd55ba30af65c39bba379aef3be6ab,2025-11-30,Goods & Other Vehicles,goods_and_other_vehicles,Petrol,13670,13670,reported_numeric
25c9a68a5ab066abae1f07f8534cfcbdb2fd55ba30af65c39bba379aef3be6ab,2025-11-30,Goods & Other Vehicles,goods_and_other_vehicles,Petrol-Electric,6,6,reported_numeric
25c9a68a5ab066abae1f07f8534cfcbdb2fd55ba30af65c39bba379aef3be6ab,2025-11-30,Goods & Other Vehicles,goods_and_other_vehicles,Petrol-Electric (Plug-In),1,1,reported_numeric
25c9a68a5ab066abae1f07f8534cfcbdb2fd55ba30af65c39bba379aef3be6ab,2025-11-30,Motor-cycles,motorcycles,Electric,385,385,reported_numeric
25c9a68a5ab066abae1f07f8534cfcbdb2fd55ba30af65c39bba379aef3be6ab,2025-11-30,Motor-cycles,motorcycles,Petrol,150855,150855,reported_numeric
25c9a68a5ab066abae1f07f8534cfcbdb2fd55ba30af65c39bba379aef3be6ab,2025-11-30,Taxis,taxis,Diesel,96,96,reported_numeric
25c9a68a5ab066abae1f07f8534cfcbdb2fd55ba30af65c39bba379aef3be6ab,2025-11-30,Taxis,taxis,Electric,512,512,reported_numeric
25c9a68a5ab066abae1f07f8534cfcbdb2fd55ba30af65c39bba379aef3be6ab,2025-11-30,Taxis,taxis,Petrol,4,4,reported_numeric
25c9a68a5ab066abae1f07f8534cfcbdb2fd55ba30af65c39bba379aef3be6ab,2025-11-30,Taxis,taxis,Petrol-Electric,11622,11622,reported_numeric
25c9a68a5ab066abae1f07f8534cfcbdb2fd55ba30af65c39bba379aef3be6ab,2025-12-31,Buses,buses,Diesel,17331,17331,reported_numeric
25c9a68a5ab066abae1f07f8534cfcbdb2fd55ba30af65c39bba379aef3be6ab,2025-12-31,Buses,buses,Diesel-Electric,50,50,reported_numeric
25c9a68a5ab066abae1f07f8534cfcbdb2fd55ba30af65c39bba379aef3be6ab,2025-12-31,Buses,buses,Diesel-Electric (Plug-In),44,44,reported_numeric
25c9a68a5ab066abae1f07f8534cfcbdb2fd55ba30af65c39bba379aef3be6ab,2025-12-31,Buses,buses,Electric,799,799,reported_numeric
25c9a68a5ab066abae1f07f8534cfcbdb2fd55ba30af65c39bba379aef3be6ab,2025-12-31,Buses,buses,Petrol,133,133,reported_numeric
25c9a68a5ab066abae1f07f8534cfcbdb2fd55ba30af65c39bba379aef3be6ab,2025-12-31,Cars,cars,Diesel,14101,14101,reported_numeric
25c9a68a5ab066abae1f07f8534cfcbdb2fd55ba30af65c39bba379aef3be6ab,2025-12-31,Cars,cars,Diesel-Electric,10,10,reported_numeric
25c9a68a5ab066abae1f07f8534cfcbdb2fd55ba30af65c39bba379aef3be6ab,2025-12-31,Cars,cars,Diesel-Electric (Plug-In),1,1,reported_numeric
25c9a68a5ab066abae1f07f8534cfcbdb2fd55ba30af65c39bba379aef3be6ab,2025-12-31,Cars,cars,Electric,49110,49110,reported_numeric
25c9a68a5ab066abae1f07f8534cfcbdb2fd55ba30af65c39bba379aef3be6ab,2025-12-31,Cars,cars,Petrol,475455,475455,reported_numeric
25c9a68a5ab066abae1f07f8534cfcbdb2fd55ba30af65c39bba379aef3be6ab,2025-12-31,Cars,cars,Petrol-CNG,68,68,reported_numeric
25c9a68a5ab066abae1f07f8534cfcbdb2fd55ba30af65c39bba379aef3be6ab,2025-12-31,Cars,cars,Petrol-Electric,118695,118695,reported_numeric
25c9a68a5ab066abae1f07f8534cfcbdb2fd55ba30af65c39bba379aef3be6ab,2025-12-31,Cars,cars,Petrol-Electric (Plug-In),2449,2449,reported_numeric
25c9a68a5ab066abae1f07f8534cfcbdb2fd55ba30af65c39bba379aef3be6ab,2025-12-31,Goods & Other Vehicles,goods_and_other_vehicles,Diesel,122576,122576,reported_numeric
25c9a68a5ab066abae1f07f8534cfcbdb2fd55ba30af65c39bba379aef3be6ab,2025-12-31,Goods & Other Vehicles,goods_and_other_vehicles,Diesel-Electric,33,33,reported_numeric
25c9a68a5ab066abae1f07f8534cfcbdb2fd55ba30af65c39bba379aef3be6ab,2025-12-31,Goods & Other Vehicles,goods_and_other_vehicles,Electric,6389,6389,reported_numeric
25c9a68a5ab066abae1f07f8534cfcbdb2fd55ba30af65c39bba379aef3be6ab,2025-12-31,Goods & Other Vehicles,goods_and_other_vehicles,Petrol,13691,13691,reported_numeric
25c9a68a5ab066abae1f07f8534cfcbdb2fd55ba30af65c39bba379aef3be6ab,2025-12-31,Goods & Other Vehicles,goods_and_other_vehicles,Petrol-Electric,6,6,reported_numeric
25c9a68a5ab066abae1f07f8534cfcbdb2fd55ba30af65c39bba379aef3be6ab,2025-12-31,Goods & Other Vehicles,goods_and_other_vehicles,Petrol-Electric (Plug-In),1,1,reported_numeric
25c9a68a5ab066abae1f07f8534cfcbdb2fd55ba30af65c39bba379aef3be6ab,2025-12-31,Motor-cycles,motorcycles,Electric,388,388,reported_numeric
25c9a68a5ab066abae1f07f8534cfcbdb2fd55ba30af65c39bba379aef3be6ab,2025-12-31,Motor-cycles,motorcycles,Petrol,151228,151228,reported_numeric
25c9a68a5ab066abae1f07f8534cfcbdb2fd55ba30af65c39bba379aef3be6ab,2025-12-31,Taxis,taxis,Diesel,84,84,reported_numeric
25c9a68a5ab066abae1f07f8534cfcbdb2fd55ba30af65c39bba379aef3be6ab,2025-12-31,Taxis,taxis,Electric,527,527,reported_numeric
25c9a68a5ab066abae1f07f8534cfcbdb2fd55ba30af65c39bba379aef3be6ab,2025-12-31,Taxis,taxis,Petrol,3,3,reported_numeric
25c9a68a5ab066abae1f07f8534cfcbdb2fd55ba30af65c39bba379aef3be6ab,2025-12-31,Taxis,taxis,Petrol-Electric,11547,11547,reported_numeric
25c9a68a5ab066abae1f07f8534cfcbdb2fd55ba30af65c39bba379aef3be6ab,2026-01-31,Buses,buses,Diesel,17323,17323,reported_numeric
25c9a68a5ab066abae1f07f8534cfcbdb2fd55ba30af65c39bba379aef3be6ab,2026-01-31,Buses,buses,Diesel-Electric,50,50,reported_numeric
25c9a68a5ab066abae1f07f8534cfcbdb2fd55ba30af65c39bba379aef3be6ab,2026-01-31,Buses,buses,Diesel-Electric (Plug-In),45,45,reported_numeric
25c9a68a5ab066abae1f07f8534cfcbdb2fd55ba30af65c39bba379aef3be6ab,2026-01-31,Buses,buses,Electric,813,813,reported_numeric
25c9a68a5ab066abae1f07f8534cfcbdb2fd55ba30af65c39bba379aef3be6ab,2026-01-31,Buses,buses,Petrol,133,133,reported_numeric
25c9a68a5ab066abae1f07f8534cfcbdb2fd55ba30af65c39bba379aef3be6ab,2026-01-31,Cars,cars,Diesel,13822,13822,reported_numeric
25c9a68a5ab066abae1f07f8534cfcbdb2fd55ba30af65c39bba379aef3be6ab,2026-01-31,Cars,cars,Diesel-Electric,10,10,reported_numeric
25c9a68a5ab066abae1f07f8534cfcbdb2fd55ba30af65c39bba379aef3be6ab,2026-01-31,Cars,cars,Diesel-Electric (Plug-In),1,1,reported_numeric
25c9a68a5ab066abae1f07f8534cfcbdb2fd55ba30af65c39bba379aef3be6ab,2026-01-31,Cars,cars,Electric,51454,51454,reported_numeric
25c9a68a5ab066abae1f07f8534cfcbdb2fd55ba30af65c39bba379aef3be6ab,2026-01-31,Cars,cars,Petrol,470815,470815,reported_numeric
25c9a68a5ab066abae1f07f8534cfcbdb2fd55ba30af65c39bba379aef3be6ab,2026-01-31,Cars,cars,Petrol-CNG,68,68,reported_numeric
25c9a68a5ab066abae1f07f8534cfcbdb2fd55ba30af65c39bba379aef3be6ab,2026-01-31,Cars,cars,Petrol-Electric,120115,120115,reported_numeric
25c9a68a5ab066abae1f07f8534cfcbdb2fd55ba30af65c39bba379aef3be6ab,2026-01-31,Cars,cars,Petrol-Electric (Plug-In),2554,2554,reported_numeric
25c9a68a5ab066abae1f07f8534cfcbdb2fd55ba30af65c39bba379aef3be6ab,2026-01-31,Goods & Other Vehicles,goods_and_other_vehicles,Diesel,122438,122438,reported_numeric
25c9a68a5ab066abae1f07f8534cfcbdb2fd55ba30af65c39bba379aef3be6ab,2026-01-31,Goods & Other Vehicles,goods_and_other_vehicles,Diesel-Electric,33,33,reported_numeric
25c9a68a5ab066abae1f07f8534cfcbdb2fd55ba30af65c39bba379aef3be6ab,2026-01-31,Goods & Other Vehicles,goods_and_other_vehicles,Electric,6575,6575,reported_numeric
25c9a68a5ab066abae1f07f8534cfcbdb2fd55ba30af65c39bba379aef3be6ab,2026-01-31,Goods & Other Vehicles,goods_and_other_vehicles,Petrol,13707,13707,reported_numeric
25c9a68a5ab066abae1f07f8534cfcbdb2fd55ba30af65c39bba379aef3be6ab,2026-01-31,Goods & Other Vehicles,goods_and_other_vehicles,Petrol-Electric,6,6,reported_numeric
25c9a68a5ab066abae1f07f8534cfcbdb2fd55ba30af65c39bba379aef3be6ab,2026-01-31,Goods & Other Vehicles,goods_and_other_vehicles,Petrol-Electric (Plug-In),1,1,reported_numeric
25c9a68a5ab066abae1f07f8534cfcbdb2fd55ba30af65c39bba379aef3be6ab,2026-01-31,Motor-cycles,motorcycles,Electric,391,391,reported_numeric
25c9a68a5ab066abae1f07f8534cfcbdb2fd55ba30af65c39bba379aef3be6ab,2026-01-31,Motor-cycles,motorcycles,Petrol,151412,151412,reported_numeric
25c9a68a5ab066abae1f07f8534cfcbdb2fd55ba30af65c39bba379aef3be6ab,2026-01-31,Taxis,taxis,Diesel,83,83,reported_numeric
25c9a68a5ab066abae1f07f8534cfcbdb2fd55ba30af65c39bba379aef3be6ab,2026-01-31,Taxis,taxis,Electric,552,552,reported_numeric
25c9a68a5ab066abae1f07f8534cfcbdb2fd55ba30af65c39bba379aef3be6ab,2026-01-31,Taxis,taxis,Petrol,3,3,reported_numeric
25c9a68a5ab066abae1f07f8534cfcbdb2fd55ba30af65c39bba379aef3be6ab,2026-01-31,Taxis,taxis,Petrol-Electric,11540,11540,reported_numeric
25c9a68a5ab066abae1f07f8534cfcbdb2fd55ba30af65c39bba379aef3be6ab,2026-02-28,Buses,buses,Diesel,17314,17314,reported_numeric
25c9a68a5ab066abae1f07f8534cfcbdb2fd55ba30af65c39bba379aef3be6ab,2026-02-28,Buses,buses,Diesel-Electric,50,50,reported_numeric
25c9a68a5ab066abae1f07f8534cfcbdb2fd55ba30af65c39bba379aef3be6ab,2026-02-28,Buses,buses,Diesel-Electric (Plug-In),44,44,reported_numeric
25c9a68a5ab066abae1f07f8534cfcbdb2fd55ba30af65c39bba379aef3be6ab,2026-02-28,Buses,buses,Electric,830,830,reported_numeric
25c9a68a5ab066abae1f07f8534cfcbdb2fd55ba30af65c39bba379aef3be6ab,2026-02-28,Buses,buses,Petrol,133,133,reported_numeric
25c9a68a5ab066abae1f07f8534cfcbdb2fd55ba30af65c39bba379aef3be6ab,2026-02-28,Cars,cars,Diesel,13626,13626,reported_numeric
25c9a68a5ab066abae1f07f8534cfcbdb2fd55ba30af65c39bba379aef3be6ab,2026-02-28,Cars,cars,Diesel-Electric,10,10,reported_numeric
25c9a68a5ab066abae1f07f8534cfcbdb2fd55ba30af65c39bba379aef3be6ab,2026-02-28,Cars,cars,Diesel-Electric (Plug-In),1,1,reported_numeric
25c9a68a5ab066abae1f07f8534cfcbdb2fd55ba30af65c39bba379aef3be6ab,2026-02-28,Cars,cars,Electric,53688,53688,reported_numeric
25c9a68a5ab066abae1f07f8534cfcbdb2fd55ba30af65c39bba379aef3be6ab,2026-02-28,Cars,cars,Petrol,467281,467281,reported_numeric
25c9a68a5ab066abae1f07f8534cfcbdb2fd55ba30af65c39bba379aef3be6ab,2026-02-28,Cars,cars,Petrol-CNG,67,67,reported_numeric
25c9a68a5ab066abae1f07f8534cfcbdb2fd55ba30af65c39bba379aef3be6ab,2026-02-28,Cars,cars,Petrol-Electric,121398,121398,reported_numeric
25c9a68a5ab066abae1f07f8534cfcbdb2fd55ba30af65c39bba379aef3be6ab,2026-02-28,Cars,cars,Petrol-Electric (Plug-In),2626,2626,reported_numeric
25c9a68a5ab066abae1f07f8534cfcbdb2fd55ba30af65c39bba379aef3be6ab,2026-02-28,Goods & Other Vehicles,goods_and_other_vehicles,Diesel,122255,122255,reported_numeric
25c9a68a5ab066abae1f07f8534cfcbdb2fd55ba30af65c39bba379aef3be6ab,2026-02-28,Goods & Other Vehicles,goods_and_other_vehicles,Diesel-Electric,33,33,reported_numeric
25c9a68a5ab066abae1f07f8534cfcbdb2fd55ba30af65c39bba379aef3be6ab,2026-02-28,Goods & Other Vehicles,goods_and_other_vehicles,Diesel-Electric (Plug-In),1,1,reported_numeric
25c9a68a5ab066abae1f07f8534cfcbdb2fd55ba30af65c39bba379aef3be6ab,2026-02-28,Goods & Other Vehicles,goods_and_other_vehicles,Electric,6706,6706,reported_numeric
25c9a68a5ab066abae1f07f8534cfcbdb2fd55ba30af65c39bba379aef3be6ab,2026-02-28,Goods & Other Vehicles,goods_and_other_vehicles,Petrol,13732,13732,reported_numeric
25c9a68a5ab066abae1f07f8534cfcbdb2fd55ba30af65c39bba379aef3be6ab,2026-02-28,Goods & Other Vehicles,goods_and_other_vehicles,Petrol-Electric,6,6,reported_numeric
25c9a68a5ab066abae1f07f8534cfcbdb2fd55ba30af65c39bba379aef3be6ab,2026-02-28,Goods & Other Vehicles,goods_and_other_vehicles,Petrol-Electric (Plug-In),1,1,reported_numeric
25c9a68a5ab066abae1f07f8534cfcbdb2fd55ba30af65c39bba379aef3be6ab,2026-02-28,Motor-cycles,motorcycles,Electric,398,398,reported_numeric
25c9a68a5ab066abae1f07f8534cfcbdb2fd55ba30af65c39bba379aef3be6ab,2026-02-28,Motor-cycles,motorcycles,Petrol,151736,151736,reported_numeric
25c9a68a5ab066abae1f07f8534cfcbdb2fd55ba30af65c39bba379aef3be6ab,2026-02-28,Taxis,taxis,Diesel,83,83,reported_numeric
25c9a68a5ab066abae1f07f8534cfcbdb2fd55ba30af65c39bba379aef3be6ab,2026-02-28,Taxis,taxis,Electric,557,557,reported_numeric
25c9a68a5ab066abae1f07f8534cfcbdb2fd55ba30af65c39bba379aef3be6ab,2026-02-28,Taxis,taxis,Petrol,3,3,reported_numeric
25c9a68a5ab066abae1f07f8534cfcbdb2fd55ba30af65c39bba379aef3be6ab,2026-02-28,Taxis,taxis,Petrol-Electric,11552,11552,reported_numeric
25c9a68a5ab066abae1f07f8534cfcbdb2fd55ba30af65c39bba379aef3be6ab,2026-03-31,Buses,buses,Diesel,17292,17292,reported_numeric
25c9a68a5ab066abae1f07f8534cfcbdb2fd55ba30af65c39bba379aef3be6ab,2026-03-31,Buses,buses,Diesel-Electric,50,50,reported_numeric
25c9a68a5ab066abae1f07f8534cfcbdb2fd55ba30af65c39bba379aef3be6ab,2026-03-31,Buses,buses,Diesel-Electric (Plug-In),45,45,reported_numeric
25c9a68a5ab066abae1f07f8534cfcbdb2fd55ba30af65c39bba379aef3be6ab,2026-03-31,Buses,buses,Electric,870,870,reported_numeric
25c9a68a5ab066abae1f07f8534cfcbdb2fd55ba30af65c39bba379aef3be6ab,2026-03-31,Buses,buses,Petrol,132,132,reported_numeric
25c9a68a5ab066abae1f07f8534cfcbdb2fd55ba30af65c39bba379aef3be6ab,2026-03-31,Cars,cars,Diesel,13311,13311,reported_numeric
25c9a68a5ab066abae1f07f8534cfcbdb2fd55ba30af65c39bba379aef3be6ab,2026-03-31,Cars,cars,Diesel-Electric,10,10,reported_numeric
25c9a68a5ab066abae1f07f8534cfcbdb2fd55ba30af65c39bba379aef3be6ab,2026-03-31,Cars,cars,Diesel-Electric (Plug-In),1,1,reported_numeric
25c9a68a5ab066abae1f07f8534cfcbdb2fd55ba30af65c39bba379aef3be6ab,2026-03-31,Cars,cars,Electric,56770,56770,reported_numeric
25c9a68a5ab066abae1f07f8534cfcbdb2fd55ba30af65c39bba379aef3be6ab,2026-03-31,Cars,cars,Petrol,462180,462180,reported_numeric
25c9a68a5ab066abae1f07f8534cfcbdb2fd55ba30af65c39bba379aef3be6ab,2026-03-31,Cars,cars,Petrol-CNG,67,67,reported_numeric
25c9a68a5ab066abae1f07f8534cfcbdb2fd55ba30af65c39bba379aef3be6ab,2026-03-31,Cars,cars,Petrol-Electric,122830,122830,reported_numeric
25c9a68a5ab066abae1f07f8534cfcbdb2fd55ba30af65c39bba379aef3be6ab,2026-03-31,Cars,cars,Petrol-Electric (Plug-In),2704,2704,reported_numeric
25c9a68a5ab066abae1f07f8534cfcbdb2fd55ba30af65c39bba379aef3be6ab,2026-03-31,Goods & Other Vehicles,goods_and_other_vehicles,Diesel,122229,122229,reported_numeric
25c9a68a5ab066abae1f07f8534cfcbdb2fd55ba30af65c39bba379aef3be6ab,2026-03-31,Goods & Other Vehicles,goods_and_other_vehicles,Diesel-Electric,33,33,reported_numeric
25c9a68a5ab066abae1f07f8534cfcbdb2fd55ba30af65c39bba379aef3be6ab,2026-03-31,Goods & Other Vehicles,goods_and_other_vehicles,Diesel-Electric (Plug-In),1,1,reported_numeric
25c9a68a5ab066abae1f07f8534cfcbdb2fd55ba30af65c39bba379aef3be6ab,2026-03-31,Goods & Other Vehicles,goods_and_other_vehicles,Electric,6936,6936,reported_numeric
25c9a68a5ab066abae1f07f8534cfcbdb2fd55ba30af65c39bba379aef3be6ab,2026-03-31,Goods & Other Vehicles,goods_and_other_vehicles,Petrol,13754,13754,reported_numeric
25c9a68a5ab066abae1f07f8534cfcbdb2fd55ba30af65c39bba379aef3be6ab,2026-03-31,Goods & Other Vehicles,goods_and_other_vehicles,Petrol-Electric,6,6,reported_numeric
25c9a68a5ab066abae1f07f8534cfcbdb2fd55ba30af65c39bba379aef3be6ab,2026-03-31,Goods & Other Vehicles,goods_and_other_vehicles,Petrol-Electric (Plug-In),1,1,reported_numeric
25c9a68a5ab066abae1f07f8534cfcbdb2fd55ba30af65c39bba379aef3be6ab,2026-03-31,Motor-cycles,motorcycles,Electric,406,406,reported_numeric
25c9a68a5ab066abae1f07f8534cfcbdb2fd55ba30af65c39bba379aef3be6ab,2026-03-31,Motor-cycles,motorcycles,Petrol,152364,152364,reported_numeric
25c9a68a5ab066abae1f07f8534cfcbdb2fd55ba30af65c39bba379aef3be6ab,2026-03-31,Taxis,taxis,Diesel,81,81,reported_numeric
25c9a68a5ab066abae1f07f8534cfcbdb2fd55ba30af65c39bba379aef3be6ab,2026-03-31,Taxis,taxis,Electric,569,569,reported_numeric
25c9a68a5ab066abae1f07f8534cfcbdb2fd55ba30af65c39bba379aef3be6ab,2026-03-31,Taxis,taxis,Petrol,3,3,reported_numeric
25c9a68a5ab066abae1f07f8534cfcbdb2fd55ba30af65c39bba379aef3be6ab,2026-03-31,Taxis,taxis,Petrol-Electric,11586,11586,reported_numeric
25c9a68a5ab066abae1f07f8534cfcbdb2fd55ba30af65c39bba379aef3be6ab,2026-04-30,Buses,buses,Diesel,17291,17291,reported_numeric
25c9a68a5ab066abae1f07f8534cfcbdb2fd55ba30af65c39bba379aef3be6ab,2026-04-30,Buses,buses,Diesel-Electric,50,50,reported_numeric
25c9a68a5ab066abae1f07f8534cfcbdb2fd55ba30af65c39bba379aef3be6ab,2026-04-30,Buses,buses,Diesel-Electric (Plug-In),45,45,reported_numeric
25c9a68a5ab066abae1f07f8534cfcbdb2fd55ba30af65c39bba379aef3be6ab,2026-04-30,Buses,buses,Electric,885,885,reported_numeric
25c9a68a5ab066abae1f07f8534cfcbdb2fd55ba30af65c39bba379aef3be6ab,2026-04-30,Buses,buses,Petrol,132,132,reported_numeric
25c9a68a5ab066abae1f07f8534cfcbdb2fd55ba30af65c39bba379aef3be6ab,2026-04-30,Cars,cars,Diesel,12986,12986,reported_numeric
25c9a68a5ab066abae1f07f8534cfcbdb2fd55ba30af65c39bba379aef3be6ab,2026-04-30,Cars,cars,Diesel-Electric,10,10,reported_numeric
25c9a68a5ab066abae1f07f8534cfcbdb2fd55ba30af65c39bba379aef3be6ab,2026-04-30,Cars,cars,Diesel-Electric (Plug-In),1,1,reported_numeric
25c9a68a5ab066abae1f07f8534cfcbdb2fd55ba30af65c39bba379aef3be6ab,2026-04-30,Cars,cars,Electric,59735,59735,reported_numeric
25c9a68a5ab066abae1f07f8534cfcbdb2fd55ba30af65c39bba379aef3be6ab,2026-04-30,Cars,cars,Petrol,457081,457081,reported_numeric
25c9a68a5ab066abae1f07f8534cfcbdb2fd55ba30af65c39bba379aef3be6ab,2026-04-30,Cars,cars,Petrol-CNG,65,65,reported_numeric
25c9a68a5ab066abae1f07f8534cfcbdb2fd55ba30af65c39bba379aef3be6ab,2026-04-30,Cars,cars,Petrol-Electric,123958,123958,reported_numeric
25c9a68a5ab066abae1f07f8534cfcbdb2fd55ba30af65c39bba379aef3be6ab,2026-04-30,Cars,cars,Petrol-Electric (Plug-In),2798,2798,reported_numeric
25c9a68a5ab066abae1f07f8534cfcbdb2fd55ba30af65c39bba379aef3be6ab,2026-04-30,Goods & Other Vehicles,goods_and_other_vehicles,Diesel,122038,122038,reported_numeric
25c9a68a5ab066abae1f07f8534cfcbdb2fd55ba30af65c39bba379aef3be6ab,2026-04-30,Goods & Other Vehicles,goods_and_other_vehicles,Diesel-Electric,33,33,reported_numeric
25c9a68a5ab066abae1f07f8534cfcbdb2fd55ba30af65c39bba379aef3be6ab,2026-04-30,Goods & Other Vehicles,goods_and_other_vehicles,Diesel-Electric (Plug-In),1,1,reported_numeric
25c9a68a5ab066abae1f07f8534cfcbdb2fd55ba30af65c39bba379aef3be6ab,2026-04-30,Goods & Other Vehicles,goods_and_other_vehicles,Electric,7192,7192,reported_numeric
25c9a68a5ab066abae1f07f8534cfcbdb2fd55ba30af65c39bba379aef3be6ab,2026-04-30,Goods & Other Vehicles,goods_and_other_vehicles,Petrol,13771,13771,reported_numeric
25c9a68a5ab066abae1f07f8534cfcbdb2fd55ba30af65c39bba379aef3be6ab,2026-04-30,Goods & Other Vehicles,goods_and_other_vehicles,Petrol-Electric,6,6,reported_numeric
25c9a68a5ab066abae1f07f8534cfcbdb2fd55ba30af65c39bba379aef3be6ab,2026-04-30,Goods & Other Vehicles,goods_and_other_vehicles,Petrol-Electric (Plug-In),1,1,reported_numeric
25c9a68a5ab066abae1f07f8534cfcbdb2fd55ba30af65c39bba379aef3be6ab,2026-04-30,Motor-cycles,motorcycles,Electric,415,415,reported_numeric
25c9a68a5ab066abae1f07f8534cfcbdb2fd55ba30af65c39bba379aef3be6ab,2026-04-30,Motor-cycles,motorcycles,Petrol,152697,152697,reported_numeric
25c9a68a5ab066abae1f07f8534cfcbdb2fd55ba30af65c39bba379aef3be6ab,2026-04-30,Taxis,taxis,Diesel,81,81,reported_numeric
25c9a68a5ab066abae1f07f8534cfcbdb2fd55ba30af65c39bba379aef3be6ab,2026-04-30,Taxis,taxis,Electric,586,586,reported_numeric
25c9a68a5ab066abae1f07f8534cfcbdb2fd55ba30af65c39bba379aef3be6ab,2026-04-30,Taxis,taxis,Petrol,3,3,reported_numeric
25c9a68a5ab066abae1f07f8534cfcbdb2fd55ba30af65c39bba379aef3be6ab,2026-04-30,Taxis,taxis,Petrol-Electric,11610,11610,reported_numeric
25c9a68a5ab066abae1f07f8534cfcbdb2fd55ba30af65c39bba379aef3be6ab,2026-05-31,Buses,buses,Diesel,17267,17267,reported_numeric
25c9a68a5ab066abae1f07f8534cfcbdb2fd55ba30af65c39bba379aef3be6ab,2026-05-31,Buses,buses,Diesel-Electric,50,50,reported_numeric
25c9a68a5ab066abae1f07f8534cfcbdb2fd55ba30af65c39bba379aef3be6ab,2026-05-31,Buses,buses,Diesel-Electric (Plug-In),46,46,reported_numeric
25c9a68a5ab066abae1f07f8534cfcbdb2fd55ba30af65c39bba379aef3be6ab,2026-05-31,Buses,buses,Electric,890,890,reported_numeric
25c9a68a5ab066abae1f07f8534cfcbdb2fd55ba30af65c39bba379aef3be6ab,2026-05-31,Buses,buses,Petrol,131,131,reported_numeric
25c9a68a5ab066abae1f07f8534cfcbdb2fd55ba30af65c39bba379aef3be6ab,2026-05-31,Cars,cars,Diesel,12631,12631,reported_numeric
25c9a68a5ab066abae1f07f8534cfcbdb2fd55ba30af65c39bba379aef3be6ab,2026-05-31,Cars,cars,Diesel-Electric,10,10,reported_numeric
25c9a68a5ab066abae1f07f8534cfcbdb2fd55ba30af65c39bba379aef3be6ab,2026-05-31,Cars,cars,Diesel-Electric (Plug-In),1,1,reported_numeric
25c9a68a5ab066abae1f07f8534cfcbdb2fd55ba30af65c39bba379aef3be6ab,2026-05-31,Cars,cars,Electric,62653,62653,reported_numeric
25c9a68a5ab066abae1f07f8534cfcbdb2fd55ba30af65c39bba379aef3be6ab,2026-05-31,Cars,cars,Petrol,451351,451351,reported_numeric
25c9a68a5ab066abae1f07f8534cfcbdb2fd55ba30af65c39bba379aef3be6ab,2026-05-31,Cars,cars,Petrol-CNG,63,63,reported_numeric
25c9a68a5ab066abae1f07f8534cfcbdb2fd55ba30af65c39bba379aef3be6ab,2026-05-31,Cars,cars,Petrol-Electric,125068,125068,reported_numeric
25c9a68a5ab066abae1f07f8534cfcbdb2fd55ba30af65c39bba379aef3be6ab,2026-05-31,Cars,cars,Petrol-Electric (Plug-In),2914,2914,reported_numeric
25c9a68a5ab066abae1f07f8534cfcbdb2fd55ba30af65c39bba379aef3be6ab,2026-05-31,Goods & Other Vehicles,goods_and_other_vehicles,Diesel,121801,121801,reported_numeric
25c9a68a5ab066abae1f07f8534cfcbdb2fd55ba30af65c39bba379aef3be6ab,2026-05-31,Goods & Other Vehicles,goods_and_other_vehicles,Diesel-Electric,33,33,reported_numeric
25c9a68a5ab066abae1f07f8534cfcbdb2fd55ba30af65c39bba379aef3be6ab,2026-05-31,Goods & Other Vehicles,goods_and_other_vehicles,Diesel-Electric (Plug-In),1,1,reported_numeric
25c9a68a5ab066abae1f07f8534cfcbdb2fd55ba30af65c39bba379aef3be6ab,2026-05-31,Goods & Other Vehicles,goods_and_other_vehicles,Electric,7428,7428,reported_numeric
25c9a68a5ab066abae1f07f8534cfcbdb2fd55ba30af65c39bba379aef3be6ab,2026-05-31,Goods & Other Vehicles,goods_and_other_vehicles,Petrol,13790,13790,reported_numeric
25c9a68a5ab066abae1f07f8534cfcbdb2fd55ba30af65c39bba379aef3be6ab,2026-05-31,Goods & Other Vehicles,goods_and_other_vehicles,Petrol-Electric,6,6,reported_numeric
25c9a68a5ab066abae1f07f8534cfcbdb2fd55ba30af65c39bba379aef3be6ab,2026-05-31,Goods & Other Vehicles,goods_and_other_vehicles,Petrol-Electric (Plug-In),1,1,reported_numeric
25c9a68a5ab066abae1f07f8534cfcbdb2fd55ba30af65c39bba379aef3be6ab,2026-05-31,Motor-cycles,motorcycles,Electric,420,420,reported_numeric
25c9a68a5ab066abae1f07f8534cfcbdb2fd55ba30af65c39bba379aef3be6ab,2026-05-31,Motor-cycles,motorcycles,Petrol,153122,153122,reported_numeric
25c9a68a5ab066abae1f07f8534cfcbdb2fd55ba30af65c39bba379aef3be6ab,2026-05-31,Taxis,taxis,Diesel,80,80,reported_numeric
25c9a68a5ab066abae1f07f8534cfcbdb2fd55ba30af65c39bba379aef3be6ab,2026-05-31,Taxis,taxis,Electric,599,599,reported_numeric
25c9a68a5ab066abae1f07f8534cfcbdb2fd55ba30af65c39bba379aef3be6ab,2026-05-31,Taxis,taxis,Petrol,3,3,reported_numeric
25c9a68a5ab066abae1f07f8534cfcbdb2fd55ba30af65c39bba379aef3be6ab,2026-05-31,Taxis,taxis,Petrol-Electric,11594,11594,reported_numeric
